quote_number,item_id,workflow_status,part_number,revision,description,type,material,process,is_fully_configured,quantity,unit_price,total_price,total_price_with_add_ons,lead_time
7500,6897400,not_started,0041-63199,,,manufactured,,Historical Part Requote,False,1,45.70,45.70,45.70,50
7501,6897630,no_quote,512-012-001-101,A,YOKE ASSY - TAIL ROTOR,manufactured,,NQ - No Capacity,False,5,0.00,0.00,0.00,5
7502,6897653,no_quote,512-030-610-131,A,CLIP FWD LH - EXHAUST COWLING,manufactured,,,False,19,0.00,0.00,0.00,0
7503,6897929,not_started,512-034-730-139,-,Rib Leading Edge - Vertical Fin,manufactured,Aluminum 7050-T7451,MS - Mill,True,26,648.00,16848.00,17988.00,70
7505,6903800,no_quote,146W0265-1041,A,SPLICE CHORD - MACHINED,manufactured,,,False,1,0.00,0.00,0.00,0
7505,6903801,no_quote,MF831F1,,"ALUMINUM ALLOY, EXTRUDED SHAPE",manufactured,,,False,1,0.00,0.00,0.00,0
7505,6903802,no_quote,152W6592-1003,-,"INTERCOSTAL ASSEMBLY, CASTER TRAY SUPPORT, SECTION 46.",manufactured,,,False,1,0.00,0.00,0.00,0
7505,6903803,no_quote,152W6592-1001,-,"INTERCOSTAL DETAIL, CASTER TRAY SUPPORT, SECTION 46",manufactured,,,False,1,0.00,0.00,0.00,0
7505,6903804,no_quote,MY660F0,E,"ALUMINUM ALLOY, EXTRUDED SHAPE",manufactured,,,False,1,0.00,0.00,0.00,0
7505,6903805,no_quote,457W1010-132,B,FLOOR FITTING - MAIN DECK CARGO SYSTEM,manufactured,,,False,1,0.00,0.00,0.00,0
7505,6903806,no_quote,M0004663,B,"ALUMINUM ALLOY, EXTRUDED BAR",manufactured,,,False,1,0.00,0.00,0.00,0
7505,6903807,no_quote,MK284C,E,"ALUMINUM ALLOY, EXTRUDED BAR",manufactured,,,False,1,0.00,0.00,0.00,0
7505,6903808,no_quote,BACB30NN4K10,,"BOLT, 100 DEG HEAD",manufactured,,,False,4,0.00,0.00,0.00,0
7505,6903809,no_quote,BACN11Z4CD,,NUT,manufactured,,,False,4,0.00,0.00,0.00,0
7505,6903810,no_quote,BACW10BP4PK,,"WASHER, PLAIN",manufactured,,,False,4,0.00,0.00,0.00,0
7505,6903811,no_quote,152W6592-1004,-,"INTERCOSTAL ASSEMBLY, CASTER TRAY SUPPORT, SECTION 46.",manufactured,,,False,1,0.00,0.00,0.00,0
7505,6903812,no_quote,152W6592-1002,-,"INTERCOSTAL DETAIL, CASTER TRAY SUPPORT, SECTION 46",manufactured,,,False,1,0.00,0.00,0.00,0
7505,6903820,no_quote,284W1040-23,C,STANCHION BRACKET - ASSY,manufactured,,,False,1,0.00,0.00,0.00,0
7505,6903821,no_quote,284W1040-22,C,STANCHION BRACKET - DETAIL,manufactured,,,False,1,0.00,0.00,0.00,0
7505,6903822,no_quote,MY005H,,"ALUMINUM ALLOY, BARE SHEET",manufactured,,,False,1,0.00,0.00,0.00,0
7505,6903823,no_quote,BACN10JN3CD,,NUTPLATE,manufactured,,,False,2,0.00,0.00,0.00,0
7505,6903824,no_quote,284W1618-101,A,DRIPSHIELD - ASSY,manufactured,,,False,1,0.00,0.00,0.00,0
7505,6903825,no_quote,284W1618-102,-,DRIPSHIELD - DETAIL,manufactured,,,False,1,0.00,0.00,0.00,0
7505,6903827,no_quote,BACN10JY3CD,,"NUTPLATE, SELF-LOCK",manufactured,,,False,4,0.00,0.00,0.00,0
7505,6903828,no_quote,284W6029-181,G,SUPPORT BRACKET ASSY - ADB,manufactured,,,False,1,0.00,0.00,0.00,0
7505,6903829,no_quote,284W6029-158,G,DRIP SHIELD - ADB,manufactured,,,False,1,0.00,0.00,0.00,0
7505,6903831,no_quote,284W6029-179,G,SUPPORT BRACKET ASSY - ADB,manufactured,,,False,1,0.00,0.00,0.00,0
7505,6903832,no_quote,284W6029-180,G,SUPPORT BRACKET DETAIL - ADB,manufactured,,,False,1,0.00,0.00,0.00,0
7505,6903833,no_quote,MN320H238,J,"ALUMINUM ALLOY, PLATE",manufactured,,,False,1,0.00,0.00,0.00,0
7505,6903834,no_quote,BACG20Z-C000622,,GROMMET,manufactured,,,False,2,0.00,0.00,0.00,0
7505,6903835,no_quote,BACN10JA3CD,,NUTPLATE,manufactured,,,False,4,0.00,0.00,0.00,0
7505,6903836,no_quote,BACN11G3A1CD,,"NUTPLATE, SELF-LOCK",manufactured,,,False,6,0.00,0.00,0.00,0
7505,6903837,no_quote,284W6029-186,G,MCU SUPPORT BRACKET ASSY,manufactured,,,False,1,0.00,0.00,0.00,0
7505,6903838,no_quote,284W6029-187,G,MCU SUPPORT BRACKET DETAIL,manufactured,,,False,1,0.00,0.00,0.00,0
7505,6903841,no_quote,284W6029-188,G,ADB SUPPORT BRACKET ASSY,manufactured,,,False,1,0.00,0.00,0.00,0
7505,6903842,no_quote,284W6029-189,G,ADB SUPPORT BRACKET DETAIL,manufactured,,,False,1,0.00,0.00,0.00,0
7505,6903845,no_quote,284W6030-148,-,SUPPORT BRACKET ASSEMBLY (CZU) OFAR RAIL,manufactured,,,False,1,0.00,0.00,0.00,0
7505,6903846,no_quote,284W6030-149,-,SUPPORT BRACKET (CZU) OFAR RAIL,manufactured,,,False,1,0.00,0.00,0.00,0
7505,6903849,no_quote,287W4507-1499,-,GROUNDING BRACKET,manufactured,,,False,1,0.00,0.00,0.00,0
7505,6903851,no_quote,413A3164-31,A,UPPER FITTING ASSY,manufactured,,,False,1,0.00,0.00,0.00,0
7505,6903852,no_quote,413A3164-32,A,UPPER FITTING,manufactured,,,False,1,0.00,0.00,0.00,0
7505,6903854,no_quote,BACB28AT05B024Z,,"BUSHING, FLANGED",manufactured,,,False,2,0.00,0.00,0.00,0
7505,6903855,no_quote,NF990F,K,"POLYSULFIDE, KIT",manufactured,,,False,1,0.00,0.00,0.00,0
7506,6906267,no_quote,152W3598-1007,B,"STRAP - DETAIL, LOCK",manufactured,,,False,164,0.00,0.00,0.00,0
7506,6906268,no_quote,256W6720-5,A,INTERCOSTAL ASSY - L,manufactured,,,False,39,0.00,0.00,0.00,0
7506,6906269,no_quote,256W6720-6,A,INTERCOSTAL ASSY - L,manufactured,,,False,39,0.00,0.00,0.00,0
7506,6906270,no_quote,256W6720-8,A,INTERCOSTAL ASSY - L,manufactured,,,False,39,0.00,0.00,0.00,0
7506,6906271,no_quote,256W6721-7,-,INTERCOSTAL,manufactured,,,False,39,0.00,0.00,0.00,0
7506,6906272,no_quote,284W6026-111,E,SPM SUPPORT BRACKET,manufactured,,,False,43,0.00,0.00,0.00,0
7506,6906273,no_quote,453W2225-310,-,SUPPORT ANGLE ASSY -,manufactured,,,False,41,0.00,0.00,0.00,0
7507,6909316,completed,0040-47029,03,"MANIFOLD, OUT, LH, 200MM, PRODUCER, SACV",manufactured,Aluminum 6061-T6,MS - Mill,True,1,2800.00,2800.00,5200.00,75
7507,6909316,completed,0040-47029,03,"MANIFOLD, OUT, LH, 200MM, PRODUCER, SACV",manufactured,Aluminum 6061-T6,MS - Mill,True,5,926.00,4630.00,7030.00,75
7507,6909316,completed,0040-47029,03,"MANIFOLD, OUT, LH, 200MM, PRODUCER, SACV",manufactured,Aluminum 6061-T6,MS - Mill,True,10,701.00,7010.00,9410.00,80
7507,6909316,completed,0040-47029,03,"MANIFOLD, OUT, LH, 200MM, PRODUCER, SACV",manufactured,Aluminum 6061-T6,MS - Mill,True,15,626.00,9390.00,11790.00,80
7507,6909316,completed,0040-47029,03,"MANIFOLD, OUT, LH, 200MM, PRODUCER, SACV",manufactured,Aluminum 6061-T6,MS - Mill,True,20,589.00,11780.00,14180.00,80
7508,6910361,completed,0023-37552,02,"SPACER, DXZ, TOP MOUNT, FLUORINE GENERAT",manufactured,Aluminum 6061-T6,SM - Piece,True,1,354.00,354.00,954.00,41
7508,6910361,completed,0023-37552,02,"SPACER, DXZ, TOP MOUNT, FLUORINE GENERAT",manufactured,Aluminum 6061-T6,SM - Piece,True,3,131.00,393.00,993.00,41
7508,6910361,completed,0023-37552,02,"SPACER, DXZ, TOP MOUNT, FLUORINE GENERAT",manufactured,Aluminum 6061-T6,SM - Piece,True,5,85.40,427.00,1027.00,41
7508,6910361,completed,0023-37552,02,"SPACER, DXZ, TOP MOUNT, FLUORINE GENERAT",manufactured,Aluminum 6061-T6,SM - Piece,True,10,51.80,518.00,1118.00,41
7508,6910361,completed,0023-37552,02,"SPACER, DXZ, TOP MOUNT, FLUORINE GENERAT",manufactured,Aluminum 6061-T6,SM - Piece,True,15,40.53,607.95,1207.95,41
7508,6910362,completed,0023-37645,03,"DXZ,RPS,MOUNTING BRACKET 2",manufactured,Stainless Steel 304,SM - Piece,True,1,637.00,637.00,1237.00,51
7508,6910362,completed,0023-37645,03,"DXZ,RPS,MOUNTING BRACKET 2",manufactured,Stainless Steel 304,SM - Piece,True,3,247.00,741.00,1341.00,51
7508,6910362,completed,0023-37645,03,"DXZ,RPS,MOUNTING BRACKET 2",manufactured,Stainless Steel 304,SM - Piece,True,5,169.00,845.00,1445.00,51
7508,6910362,completed,0023-37645,03,"DXZ,RPS,MOUNTING BRACKET 2",manufactured,Stainless Steel 304,SM - Piece,True,10,104.00,1040.00,1640.00,51
7508,6910362,completed,0023-37645,03,"DXZ,RPS,MOUNTING BRACKET 2",manufactured,Stainless Steel 304,SM - Piece,True,15,84.07,1261.05,1861.05,51
7508,6910363,completed,0023-37651,03,"DXZ,RPS,MOUNTING BRACKET 1",manufactured,Stainless Steel 304,SM - Piece,True,1,617.00,617.00,1217.00,51
7508,6910363,completed,0023-37651,03,"DXZ,RPS,MOUNTING BRACKET 1",manufactured,Stainless Steel 304,SM - Piece,True,3,233.00,699.00,1299.00,51
7508,6910363,completed,0023-37651,03,"DXZ,RPS,MOUNTING BRACKET 1",manufactured,Stainless Steel 304,SM - Piece,True,5,156.00,780.00,1380.00,51
7508,6910363,completed,0023-37651,03,"DXZ,RPS,MOUNTING BRACKET 1",manufactured,Stainless Steel 304,SM - Piece,True,10,98.40,984.00,1584.00,51
7508,6910363,completed,0023-37651,03,"DXZ,RPS,MOUNTING BRACKET 1",manufactured,Stainless Steel 304,SM - Piece,True,15,79.20,1188.00,1788.00,51
7508,6910364,completed,0023-37710,03,"BRACKET, SUPPORT, INNER, DXZ, FLUORINE G",manufactured,Stainless Steel 304,SM - Piece,True,1,577.00,577.00,1177.00,51
7508,6910364,completed,0023-37710,03,"BRACKET, SUPPORT, INNER, DXZ, FLUORINE G",manufactured,Stainless Steel 304,SM - Piece,True,3,207.00,621.00,1221.00,51
7508,6910364,completed,0023-37710,03,"BRACKET, SUPPORT, INNER, DXZ, FLUORINE G",manufactured,Stainless Steel 304,SM - Piece,True,5,133.00,665.00,1265.00,51
7508,6910364,completed,0023-37710,03,"BRACKET, SUPPORT, INNER, DXZ, FLUORINE G",manufactured,Stainless Steel 304,SM - Piece,True,10,76.60,766.00,1366.00,51
7508,6910364,completed,0023-37710,03,"BRACKET, SUPPORT, INNER, DXZ, FLUORINE G",manufactured,Stainless Steel 304,SM - Piece,True,15,58.07,871.05,1471.05,51
7509,6911173,completed,449-375-366-101,,CHASSIS ASSY,manufactured,,Aerospace Assembly,False,12,7.50,90.00,2914.00,70
7510,6915622,not_started,0023-42114,01,"BRACKET, RAIL MOUNT SUPPORT, LEFT",manufactured,,,False,450,0.00,0.00,0.00,0
7510,6915623,not_started,0023-42117,01,"BRACKET, RAIL MOUNT SUPPORT, RIGHT",manufactured,,,False,450,0.00,0.00,0.00,0
7510,6915624,not_started,0043-07139,01,RAIL MOUNT SUPPORT BRACKET,assembled,,,False,450,0.00,0.00,0.00,0
7510,6915625,not_started,0011-12368,01,FRAME ASSEMBLY RF SIDE GEN RACK,manufactured,,,False,450,0.00,0.00,0.00,0
7510,7095865,completed,0043-01407,02,RIVETED SHEETMETAL FRAME RF s RACK C3oAP,assembled,Steel (Galvanized),SM - Assy,True,1,6750.00,6750.00,9450.00,61
7510,7095865,completed,0043-01407,02,RIVETED SHEETMETAL FRAME RF s RACK C3oAP,assembled,Steel (Galvanized),SM - Assy,True,45,1350.00,60750.00,63450.00,96
7510,7095865,completed,0043-01407,02,RIVETED SHEETMETAL FRAME RF s RACK C3oAP,assembled,Steel (Galvanized),SM - Assy,True,450,1300.00,585000.00,585000.00,440
7510,7095879,not_started,0043-06544,01,"MOUNT BRACKET, RMZ AND",manufactured,Stainless Steel 304L,SM - Piece W/HDWE,True,450,40.14,18063.00,18063.00,59
7510,7095912,not_started,,,,manufactured,,,False,450,0.00,0.00,0.00,0
7511,6937708,completed,0011-09850,02,ASSEMBLY FRAME C3oC,assembled,CRS,SM - Assy,True,1,3260.00,3260.00,3260.00,80
7511,6937708,completed,0011-09850,02,ASSEMBLY FRAME C3oC,assembled,CRS,SM - Assy,True,2,3260.00,6520.00,6520.00,80
7511,6937708,completed,0011-09850,02,ASSEMBLY FRAME C3oC,assembled,CRS,SM - Assy,True,4,3260.00,13040.00,13040.00,80
7511,6937708,completed,0011-09850,02,ASSEMBLY FRAME C3oC,assembled,CRS,SM - Assy,True,5,3260.00,16300.00,16300.00,80
7511,6937708,completed,0011-09850,02,ASSEMBLY FRAME C3oC,assembled,CRS,SM - Assy,True,10,3260.00,32600.00,32600.00,80
7511,6937708,completed,0011-09850,02,ASSEMBLY FRAME C3oC,assembled,CRS,SM - Assy,True,15,3260.00,48900.00,48900.00,80
7511,6937708,completed,0011-09850,02,ASSEMBLY FRAME C3oC,assembled,CRS,SM - Assy,True,20,3260.00,65200.00,65200.00,80
7511,6937708,completed,0011-09850,02,ASSEMBLY FRAME C3oC,assembled,CRS,SM - Assy,True,25,3260.00,81500.00,81500.00,80
7512,7095947,completed,0042-80088,08,REAR COVER CH AC BOX,manufactured,Steel (Galvanized),SM - Piece W/HDWE,True,10,120.00,1200.00,1800.00,60
7512,7095947,completed,0042-80088,08,REAR COVER CH AC BOX,manufactured,Steel (Galvanized),SM - Piece W/HDWE,True,15,101.00,1515.00,2115.00,60
7512,7095947,completed,0042-80088,08,REAR COVER CH AC BOX,manufactured,Steel (Galvanized),SM - Piece W/HDWE,True,25,85.80,2145.00,2745.00,60
7512,7095947,completed,0042-80088,08,REAR COVER CH AC BOX,manufactured,Steel (Galvanized),SM - Piece W/HDWE,True,50,74.24,3712.00,4312.00,60
7513,6916118,completed,0023-39606,03,"SHIM,LIFT HOOP,0.10MM THK",manufactured,Stainless Steel 304L,SM - Piece,True,15,46.73,700.95,1300.95,57
7513,6916118,completed,0023-39606,03,"SHIM,LIFT HOOP,0.10MM THK",manufactured,Stainless Steel 304L,SM - Piece,True,20,37.80,756.00,1356.00,57
7513,6916119,completed,0023-39608,03,"SHIM,LIFT HOOP,0.05MM THK",manufactured,Stainless Steel 304L,SM - Piece,True,15,46.73,700.95,1300.95,57
7513,6916119,completed,0023-39608,03,"SHIM,LIFT HOOP,0.05MM THK",manufactured,Stainless Steel 304L,SM - Piece,True,20,37.80,756.00,1356.00,57
7513,6916120,completed,0023-39609,03,"SHIM,LIFT HOOP,0.20MM THK",manufactured,Stainless Steel 304L,SM - Piece,True,15,46.87,703.05,1303.05,57
7513,6916120,completed,0023-39609,03,"SHIM,LIFT HOOP,0.20MM THK",manufactured,Stainless Steel 304L,SM - Piece,True,20,37.90,758.00,1358.00,57
7513,6916121,completed,0023-39610,03,"SHIM,LIFT HOOP,0.30MM THK",manufactured,Stainless Steel 304L,SM - Piece,True,15,46.87,703.05,1303.05,57
7513,6916121,completed,0023-39610,03,"SHIM,LIFT HOOP,0.30MM THK",manufactured,Stainless Steel 304L,SM - Piece,True,20,37.90,758.00,1358.00,57
7514,6916907,completed,0011-00844,03,"ASSY, CHAMBER CONTROL UNIT, PCxT TURBO E",assembled,,SM - Assy,False,5,13900.00,69500.00,69500.00,60
7514,6916907,completed,0011-00844,03,"ASSY, CHAMBER CONTROL UNIT, PCxT TURBO E",assembled,,SM - Assy,False,10,13600.00,136000.00,136000.00,60
7514,6916907,completed,0011-00844,03,"ASSY, CHAMBER CONTROL UNIT, PCxT TURBO E",assembled,,SM - Assy,False,15,13300.00,199500.00,199500.00,60
7514,6916907,completed,0011-00844,03,"ASSY, CHAMBER CONTROL UNIT, PCxT TURBO E",assembled,,SM - Assy,False,20,13000.00,260000.00,260000.00,60
7514,6916907,completed,0011-00844,03,"ASSY, CHAMBER CONTROL UNIT, PCxT TURBO E",assembled,,SM - Assy,False,25,12900.00,322500.00,322500.00,60
7514,6916907,completed,0011-00844,03,"ASSY, CHAMBER CONTROL UNIT, PCxT TURBO E",assembled,,SM - Assy,False,30,12900.00,387000.00,387000.00,60
7515,6917255,completed,0020-32163,01,"COVER BOTTOM, PEDESTAL ESC, 200MM, WEB",manufactured,Aluminum 6061-T6,MS - Mill Turn,True,1,2290.00,2290.00,4490.00,75
7515,6917255,completed,0020-32163,01,"COVER BOTTOM, PEDESTAL ESC, 200MM, WEB",manufactured,Aluminum 6061-T6,MS - Mill Turn,True,2,1280.00,2560.00,4760.00,75
7515,6917255,completed,0020-32163,01,"COVER BOTTOM, PEDESTAL ESC, 200MM, WEB",manufactured,Aluminum 6061-T6,MS - Mill Turn,True,3,945.00,2835.00,5035.00,75
7515,6917255,completed,0020-32163,01,"COVER BOTTOM, PEDESTAL ESC, 200MM, WEB",manufactured,Aluminum 6061-T6,MS - Mill Turn,True,5,678.00,3390.00,5590.00,75
7515,6917255,completed,0020-32163,01,"COVER BOTTOM, PEDESTAL ESC, 200MM, WEB",manufactured,Aluminum 6061-T6,MS - Mill Turn,True,10,484.00,4840.00,7040.00,75
7516,7057089,completed,0010-80408,04,"SIDE PANEL, RIGHT OUTER, 6.XA FI",assembled,Aluminum 5052-H32,SM - Assy,True,1,5420.00,5420.00,8220.00,90
7516,7057089,completed,0010-80408,04,"SIDE PANEL, RIGHT OUTER, 6.XA FI",assembled,Aluminum 5052-H32,SM - Assy,True,2,3430.00,6860.00,9660.00,90
7516,7057089,completed,0010-80408,04,"SIDE PANEL, RIGHT OUTER, 6.XA FI",assembled,Aluminum 5052-H32,SM - Assy,True,5,2230.00,11150.00,13950.00,90
7516,7057089,completed,0010-80408,04,"SIDE PANEL, RIGHT OUTER, 6.XA FI",assembled,Aluminum 5052-H32,SM - Assy,True,10,1830.00,18300.00,21100.00,90
7516,7057089,completed,0010-80408,04,"SIDE PANEL, RIGHT OUTER, 6.XA FI",assembled,Aluminum 5052-H32,SM - Assy,True,25,1590.00,39750.00,42550.00,100
7516,7057089,completed,0010-80408,04,"SIDE PANEL, RIGHT OUTER, 6.XA FI",assembled,Aluminum 5052-H32,SM - Assy,True,50,1510.00,75500.00,78300.00,100
7517,6921121,no_quote,205-070-733-003,E,TRACK,manufactured,,,False,1,0.00,0.00,0.00,0
7517,6921121,no_quote,205-070-733-003,E,TRACK,manufactured,,,False,5,0.00,0.00,0.00,0
7517,6921121,no_quote,205-070-733-003,E,TRACK,manufactured,,,False,10,0.00,0.00,0.00,0
7518,6934822,completed,0023-40518,01,"BRACKET, OES MOUNT, RUBICON",manufactured,CRS,SM - Piece,True,1,579.00,579.00,1479.00,51
7518,6934822,completed,0023-40518,01,"BRACKET, OES MOUNT, RUBICON",manufactured,CRS,SM - Piece,True,2,301.00,602.00,1502.00,51
7518,6934822,completed,0023-40518,01,"BRACKET, OES MOUNT, RUBICON",manufactured,CRS,SM - Piece,True,3,208.00,624.00,1524.00,51
7518,6934822,completed,0023-40518,01,"BRACKET, OES MOUNT, RUBICON",manufactured,CRS,SM - Piece,True,5,134.00,670.00,1570.00,51
7518,6934822,completed,0023-40518,01,"BRACKET, OES MOUNT, RUBICON",manufactured,CRS,SM - Piece,True,10,77.80,778.00,1678.00,51
7518,6934822,completed,0023-40518,01,"BRACKET, OES MOUNT, RUBICON",manufactured,CRS,SM - Piece,True,15,59.27,889.05,1789.05,51
7518,6934822,completed,0023-40518,01,"BRACKET, OES MOUNT, RUBICON",manufactured,CRS,SM - Piece,True,20,49.95,999.00,1899.00,52
7518,6934822,completed,0023-40518,01,"BRACKET, OES MOUNT, RUBICON",manufactured,CRS,SM - Piece,True,50,33.24,1662.00,1662.00,52
7518,6986827,completed,0023-40519,01,"BRACKET, HOIST BASE,RUBICON",manufactured,HRS,MS - Mill,True,1,3800.00,3800.00,5000.00,58
7518,6986827,completed,0023-40519,01,"BRACKET, HOIST BASE,RUBICON",manufactured,HRS,MS - Mill,True,2,2440.00,4880.00,6080.00,59
7518,6986827,completed,0023-40519,01,"BRACKET, HOIST BASE,RUBICON",manufactured,HRS,MS - Mill,True,3,1980.00,5940.00,7140.00,59
7518,6986827,completed,0023-40519,01,"BRACKET, HOIST BASE,RUBICON",manufactured,HRS,MS - Mill,True,5,1620.00,8100.00,9300.00,61
7518,6986827,completed,0023-40519,01,"BRACKET, HOIST BASE,RUBICON",manufactured,HRS,MS - Mill,True,10,1340.00,13400.00,14600.00,64
7518,6986827,completed,0023-40519,01,"BRACKET, HOIST BASE,RUBICON",manufactured,HRS,MS - Mill,True,15,1250.00,18750.00,19950.00,68
7518,6986827,completed,0023-40519,01,"BRACKET, HOIST BASE,RUBICON",manufactured,HRS,MS - Mill,True,20,1150.00,23000.00,24200.00,71
7518,6986827,completed,0023-40519,01,"BRACKET, HOIST BASE,RUBICON",manufactured,HRS,MS - Mill,True,50,1100.00,55000.00,56200.00,92
7518,6987158,completed,0023-40520,01,"CLAMP, HOIST BASE, RUBICON",manufactured,Aluminum 6061-T6,MS - Mill,True,1,1230.00,1230.00,2330.00,61
7518,6987158,completed,0023-40520,01,"CLAMP, HOIST BASE, RUBICON",manufactured,Aluminum 6061-T6,MS - Mill,True,2,682.00,1364.00,2464.00,61
7518,6987158,completed,0023-40520,01,"CLAMP, HOIST BASE, RUBICON",manufactured,Aluminum 6061-T6,MS - Mill,True,3,501.00,1503.00,2603.00,61
7518,6987158,completed,0023-40520,01,"CLAMP, HOIST BASE, RUBICON",manufactured,Aluminum 6061-T6,MS - Mill,True,5,355.00,1775.00,2875.00,61
7518,6987158,completed,0023-40520,01,"CLAMP, HOIST BASE, RUBICON",manufactured,Aluminum 6061-T6,MS - Mill,True,10,246.00,2460.00,3560.00,62
7518,6987158,completed,0023-40520,01,"CLAMP, HOIST BASE, RUBICON",manufactured,Aluminum 6061-T6,MS - Mill,True,15,210.00,3150.00,4250.00,62
7518,6987158,completed,0023-40520,01,"CLAMP, HOIST BASE, RUBICON",manufactured,Aluminum 6061-T6,MS - Mill,True,20,192.00,3840.00,4940.00,63
7518,6987158,completed,0023-40520,01,"CLAMP, HOIST BASE, RUBICON",manufactured,Aluminum 6061-T6,MS - Mill,True,50,159.00,7950.00,7950.00,66
7518,6987510,completed,0023-42432,01,"BRACKET, HOIST, SPOOL, RUBICON",manufactured,Aluminum 6061-T6,MS - Mill,True,1,3110.00,3110.00,4210.00,62
7518,6987510,completed,0023-42432,01,"BRACKET, HOIST, SPOOL, RUBICON",manufactured,Aluminum 6061-T6,MS - Mill,True,2,2000.00,4000.00,5100.00,63
7518,6987510,completed,0023-42432,01,"BRACKET, HOIST, SPOOL, RUBICON",manufactured,Aluminum 6061-T6,MS - Mill,True,3,1620.00,4860.00,5960.00,63
7518,6987510,completed,0023-42432,01,"BRACKET, HOIST, SPOOL, RUBICON",manufactured,Aluminum 6061-T6,MS - Mill,True,5,1320.00,6600.00,7700.00,64
7518,6987510,completed,0023-42432,01,"BRACKET, HOIST, SPOOL, RUBICON",manufactured,Aluminum 6061-T6,MS - Mill,True,10,1100.00,11000.00,12100.00,66
7518,6987510,completed,0023-42432,01,"BRACKET, HOIST, SPOOL, RUBICON",manufactured,Aluminum 6061-T6,MS - Mill,True,15,1030.00,15450.00,16550.00,69
7518,6987510,completed,0023-42432,01,"BRACKET, HOIST, SPOOL, RUBICON",manufactured,Aluminum 6061-T6,MS - Mill,True,20,985.00,19700.00,20800.00,71
7518,6987510,completed,0023-42432,01,"BRACKET, HOIST, SPOOL, RUBICON",manufactured,Aluminum 6061-T6,MS - Mill,True,50,918.00,45900.00,45900.00,86
7518,6934826,completed,0023-42501,01,"WASHER PLATE, HOIST-SPOOL BKT, RUBICON",manufactured,Carbon Steel A36,SM - Piece,True,1,687.00,687.00,1287.00,50
7518,6934826,completed,0023-42501,01,"WASHER PLATE, HOIST-SPOOL BKT, RUBICON",manufactured,Carbon Steel A36,SM - Piece,True,2,359.00,718.00,1318.00,50
7518,6934826,completed,0023-42501,01,"WASHER PLATE, HOIST-SPOOL BKT, RUBICON",manufactured,Carbon Steel A36,SM - Piece,True,3,249.00,747.00,1347.00,50
7518,6934826,completed,0023-42501,01,"WASHER PLATE, HOIST-SPOOL BKT, RUBICON",manufactured,Carbon Steel A36,SM - Piece,True,5,162.00,810.00,1410.00,50
7518,6934826,completed,0023-42501,01,"WASHER PLATE, HOIST-SPOOL BKT, RUBICON",manufactured,Carbon Steel A36,SM - Piece,True,10,96.00,960.00,1560.00,50
7518,6934826,completed,0023-42501,01,"WASHER PLATE, HOIST-SPOOL BKT, RUBICON",manufactured,Carbon Steel A36,SM - Piece,True,15,74.13,1111.95,1711.95,50
7518,6934826,completed,0023-42501,01,"WASHER PLATE, HOIST-SPOOL BKT, RUBICON",manufactured,Carbon Steel A36,SM - Piece,True,20,63.20,1264.00,1864.00,51
7518,6934826,completed,0023-42501,01,"WASHER PLATE, HOIST-SPOOL BKT, RUBICON",manufactured,Carbon Steel A36,SM - Piece,True,50,43.52,2176.00,2176.00,51
7518,6934827,completed,0023-42506,01,"WASHER PLATE, SPOOL, RUBICON",manufactured,Carbon Steel A36,SM - Piece,True,1,672.00,672.00,1272.00,50
7518,6934827,completed,0023-42506,01,"WASHER PLATE, SPOOL, RUBICON",manufactured,Carbon Steel A36,SM - Piece,True,2,348.00,696.00,1296.00,50
7518,6934827,completed,0023-42506,01,"WASHER PLATE, SPOOL, RUBICON",manufactured,Carbon Steel A36,SM - Piece,True,3,240.00,720.00,1320.00,50
7518,6934827,completed,0023-42506,01,"WASHER PLATE, SPOOL, RUBICON",manufactured,Carbon Steel A36,SM - Piece,True,5,153.00,765.00,1365.00,50
7518,6934827,completed,0023-42506,01,"WASHER PLATE, SPOOL, RUBICON",manufactured,Carbon Steel A36,SM - Piece,True,10,88.20,882.00,1482.00,50
7518,6934827,completed,0023-42506,01,"WASHER PLATE, SPOOL, RUBICON",manufactured,Carbon Steel A36,SM - Piece,True,15,66.53,997.95,1597.95,51
7518,6934827,completed,0023-42506,01,"WASHER PLATE, SPOOL, RUBICON",manufactured,Carbon Steel A36,SM - Piece,True,20,55.75,1115.00,1715.00,51
7518,6934827,completed,0023-42506,01,"WASHER PLATE, SPOOL, RUBICON",manufactured,Carbon Steel A36,SM - Piece,True,50,36.26,1813.00,1813.00,51
7518,6934828,completed,0043-04237,02,"BASE, CORNER FRAME, RUBICON",assembled,Carbon Steel A36,SM - Assy,True,1,2050.00,2050.00,3250.00,55
7518,6934828,completed,0043-04237,02,"BASE, CORNER FRAME, RUBICON",assembled,Carbon Steel A36,SM - Assy,True,2,1160.00,2320.00,3520.00,55
7518,6934828,completed,0043-04237,02,"BASE, CORNER FRAME, RUBICON",assembled,Carbon Steel A36,SM - Assy,True,3,853.00,2559.00,3759.00,55
7518,6934828,completed,0043-04237,02,"BASE, CORNER FRAME, RUBICON",assembled,Carbon Steel A36,SM - Assy,True,5,615.00,3075.00,4275.00,55
7518,6934828,completed,0043-04237,02,"BASE, CORNER FRAME, RUBICON",assembled,Carbon Steel A36,SM - Assy,True,10,436.00,4360.00,5560.00,56
7518,6934828,completed,0043-04237,02,"BASE, CORNER FRAME, RUBICON",assembled,Carbon Steel A36,SM - Assy,True,15,376.00,5640.00,6840.00,57
7518,6934828,completed,0043-04237,02,"BASE, CORNER FRAME, RUBICON",assembled,Carbon Steel A36,SM - Assy,True,20,334.00,6680.00,7880.00,57
7518,6934828,completed,0043-04237,02,"BASE, CORNER FRAME, RUBICON",assembled,Carbon Steel A36,SM - Assy,True,50,288.00,14400.00,15600.00,62
7518,6990356,completed,0043-04285,02,"GRIP, CORNER FRAME",manufactured,Aluminum 6061-T6,MS - Mill,True,1,1280.00,1280.00,2380.00,61
7518,6990356,completed,0043-04285,02,"GRIP, CORNER FRAME",manufactured,Aluminum 6061-T6,MS - Mill,True,2,685.00,1370.00,2470.00,61
7518,6990356,completed,0043-04285,02,"GRIP, CORNER FRAME",manufactured,Aluminum 6061-T6,MS - Mill,True,3,487.00,1461.00,2561.00,61
7518,6990356,completed,0043-04285,02,"GRIP, CORNER FRAME",manufactured,Aluminum 6061-T6,MS - Mill,True,5,328.00,1640.00,2740.00,61
7518,6990356,completed,0043-04285,02,"GRIP, CORNER FRAME",manufactured,Aluminum 6061-T6,MS - Mill,True,10,210.00,2100.00,3200.00,62
7518,6990356,completed,0043-04285,02,"GRIP, CORNER FRAME",manufactured,Aluminum 6061-T6,MS - Mill,True,15,170.00,2550.00,3650.00,62
7518,6990356,completed,0043-04285,02,"GRIP, CORNER FRAME",manufactured,Aluminum 6061-T6,MS - Mill,True,20,150.00,3000.00,4100.00,63
7518,6990356,completed,0043-04285,02,"GRIP, CORNER FRAME",manufactured,Aluminum 6061-T6,MS - Mill,True,50,115.00,5750.00,5750.00,65
7519,7089204,completed,0011-06383,01,"KIT,FRAME, VIA A  ,SELECTIVE PRECLEAN",assembled,CRS,SM - Assy,True,1,18500.00,18500.00,22900.00,109
7519,7089204,completed,0011-06383,01,"KIT,FRAME, VIA A  ,SELECTIVE PRECLEAN",assembled,CRS,SM - Assy,True,2,12400.00,24800.00,29200.00,110
7519,7089204,completed,0011-06383,01,"KIT,FRAME, VIA A  ,SELECTIVE PRECLEAN",assembled,CRS,SM - Assy,True,3,10400.00,31200.00,35600.00,110
7519,7089204,completed,0011-06383,01,"KIT,FRAME, VIA A  ,SELECTIVE PRECLEAN",assembled,CRS,SM - Assy,True,4,9390.00,37560.00,41960.00,110
7519,7089204,completed,0011-06383,01,"KIT,FRAME, VIA A  ,SELECTIVE PRECLEAN",assembled,CRS,SM - Assy,True,5,8790.00,43950.00,48350.00,111
7519,7089204,completed,0011-06383,01,"KIT,FRAME, VIA A  ,SELECTIVE PRECLEAN",assembled,CRS,SM - Assy,True,10,7590.00,75900.00,80300.00,112
7519,7089204,completed,0011-06383,01,"KIT,FRAME, VIA A  ,SELECTIVE PRECLEAN",assembled,CRS,SM - Assy,True,15,7180.00,107700.00,112100.00,114
7520,6935171,completed,0023-02774,02,"BRACKET MOUNTING, PYROHUB CH-B & D",manufactured,Aluminum 5052-H32,SM - Piece,True,1,652.00,652.00,1252.00,51
7520,6935171,completed,0023-02774,02,"BRACKET MOUNTING, PYROHUB CH-B & D",manufactured,Aluminum 5052-H32,SM - Piece,True,5,177.00,885.00,1485.00,51
7520,6935171,completed,0023-02774,02,"BRACKET MOUNTING, PYROHUB CH-B & D",manufactured,Aluminum 5052-H32,SM - Piece,True,10,118.00,1180.00,1780.00,51
7520,6935172,completed,0023-02917,02,"BRACKET MOUNTING, PYROHUB CH-A & C",manufactured,Aluminum 5052-H32,SM - Piece,True,1,652.00,652.00,1252.00,51
7520,6935172,completed,0023-02917,02,"BRACKET MOUNTING, PYROHUB CH-A & C",manufactured,Aluminum 5052-H32,SM - Piece,True,5,177.00,885.00,1485.00,51
7520,6935172,completed,0023-02917,02,"BRACKET MOUNTING, PYROHUB CH-A & C",manufactured,Aluminum 5052-H32,SM - Piece,True,10,118.00,1180.00,1780.00,51
7521,6935723,completed,00226700B,B,WHEEL HUB WITH STUDS FOR VRT-110C GEARBOX,assembled,,MS - Lathe,False,50,254.00,12700.00,14905.00,70
7521,6935723,completed,00226700B,B,WHEEL HUB WITH STUDS FOR VRT-110C GEARBOX,assembled,,MS - Lathe,False,100,224.00,22400.00,24605.00,70
7522,7095809,completed,0010-82136,02,ASSEMBLY UPPER FRAME,manufactured,,Historical Part Requote,False,1,8500.00,8500.00,8500.00,50
7522,7095809,completed,0010-82136,02,ASSEMBLY UPPER FRAME,manufactured,,Historical Part Requote,False,2,5800.00,11600.00,11600.00,50
7522,7095809,completed,0010-82136,02,ASSEMBLY UPPER FRAME,manufactured,,Historical Part Requote,False,4,5800.00,23200.00,23200.00,50
7522,7095809,completed,0010-82136,02,ASSEMBLY UPPER FRAME,manufactured,,Historical Part Requote,False,6,5800.00,34800.00,34800.00,50
7523,7011176,completed,512-030-330-211,-,,manufactured,Aluminum 2124,MS - Mill,False,1,1921.00,1921.00,2991.00,70
7523,6936436,completed,512-030-330-212,-,Fitting Mid Lift Frame-RH,manufactured,Aluminum 2124,MS - Mill,True,1,1921.00,1921.00,2991.00,70
7523,6936439,completed,512-030-330-215,-,Fitting Mid Lift Frame-LH,assembled,Aluminum 2124,MS - Mill,True,1,1921.00,1921.00,2991.00,70
7523,6936441,completed,512-030-330-216,-,Fitting Mid Lift Frame-RH,manufactured,Aluminum 2124,MS - Mill,True,3,1921.00,5763.00,6833.00,70
7524,6936479,completed,512-010-107-101,-,STOP ASSY UP,assembled,,Aerospace Assembly,False,66,1514.00,99924.00,103714.00,80
7525,6942771,completed,901-005-856-101,B/D,CHASSIS ASSY,manufactured,,,False,4,2634.00,10536.00,10536.00,80
7526,6945348,not_started,E12132010,A,"FLANGE,BLANK-OFF,NI PL,NW25",manufactured,Aluminum 6061-T6,MS - Mill,True,1,868.00,868.00,1768.00,65
7526,6945348,not_started,E12132010,A,"FLANGE,BLANK-OFF,NI PL,NW25",manufactured,Aluminum 6061-T6,MS - Mill,True,8,126.00,1008.00,1908.00,65
7526,6945348,not_started,E12132010,A,"FLANGE,BLANK-OFF,NI PL,NW25",manufactured,Aluminum 6061-T6,MS - Mill,True,10,105.00,1050.00,1950.00,65
7526,6945348,not_started,E12132010,A,"FLANGE,BLANK-OFF,NI PL,NW25",manufactured,Aluminum 6061-T6,MS - Mill,True,12,90.50,1086.00,1986.00,65
7526,6945348,not_started,E12132010,A,"FLANGE,BLANK-OFF,NI PL,NW25",manufactured,Aluminum 6061-T6,MS - Mill,True,15,66.13,991.95,1891.95,65
7526,6945348,not_started,E12132010,A,"FLANGE,BLANK-OFF,NI PL,NW25",manufactured,Aluminum 6061-T6,MS - Mill,True,72,36.13,2601.36,2601.36,66
7527,6948534,completed,0010-86666,05,"ASSEMBLY,PELTIER COOLER, DUAL POSITIONS,",assembled,,SM - Assy,False,5,4260.00,21300.00,26000.00,80
7527,6948534,completed,0010-86666,05,"ASSEMBLY,PELTIER COOLER, DUAL POSITIONS,",assembled,,SM - Assy,False,20,3360.00,67200.00,71900.00,80
7527,6948534,completed,0010-86666,05,"ASSEMBLY,PELTIER COOLER, DUAL POSITIONS,",assembled,,SM - Assy,False,200,3340.00,668000.00,668000.00,260
7528,6948551,completed,0023-26420,02,"MOUNTING PLATE IHC ASSY, 300MM, HDPCVD,AP",manufactured,CRS,SM - Piece,True,1,570.00,570.00,1170.00,51
7528,6948551,completed,0023-26420,02,"MOUNTING PLATE IHC ASSY, 300MM, HDPCVD,AP",manufactured,CRS,SM - Piece,True,2,294.00,588.00,1188.00,51
7528,6948551,completed,0023-26420,02,"MOUNTING PLATE IHC ASSY, 300MM, HDPCVD,AP",manufactured,CRS,SM - Piece,True,3,202.00,606.00,1206.00,51
7528,6948551,completed,0023-26420,02,"MOUNTING PLATE IHC ASSY, 300MM, HDPCVD,AP",manufactured,CRS,SM - Piece,True,5,129.00,645.00,1245.00,51
7528,6948551,completed,0023-26420,02,"MOUNTING PLATE IHC ASSY, 300MM, HDPCVD,AP",manufactured,CRS,SM - Piece,True,10,72.90,729.00,1329.00,51
7528,6948551,completed,0023-26420,02,"MOUNTING PLATE IHC ASSY, 300MM, HDPCVD,AP",manufactured,CRS,SM - Piece,True,25,39.72,993.00,1593.00,51
7528,6948551,completed,0023-26420,02,"MOUNTING PLATE IHC ASSY, 300MM, HDPCVD,AP",manufactured,CRS,SM - Piece,True,50,28.66,1433.00,1433.00,52
7528,6948551,completed,0023-26420,02,"MOUNTING PLATE IHC ASSY, 300MM, HDPCVD,AP",manufactured,CRS,SM - Piece,True,100,23.31,2331.00,2331.00,52
7528,6948552,completed,0023-33505,02,"COVER, IHC ECLOSURE, FRAME ASSU, 300MM, HDPCVD",manufactured,CRS,SM - Piece,True,1,636.00,636.00,1236.00,52
7528,6948552,completed,0023-33505,02,"COVER, IHC ECLOSURE, FRAME ASSU, 300MM, HDPCVD",manufactured,CRS,SM - Piece,True,2,349.00,698.00,1298.00,52
7528,6948552,completed,0023-33505,02,"COVER, IHC ECLOSURE, FRAME ASSU, 300MM, HDPCVD",manufactured,CRS,SM - Piece,True,3,253.00,759.00,1359.00,52
7528,6948552,completed,0023-33505,02,"COVER, IHC ECLOSURE, FRAME ASSU, 300MM, HDPCVD",manufactured,CRS,SM - Piece,True,5,177.00,885.00,1485.00,52
7528,6948552,completed,0023-33505,02,"COVER, IHC ECLOSURE, FRAME ASSU, 300MM, HDPCVD",manufactured,CRS,SM - Piece,True,10,119.00,1190.00,1790.00,52
7528,6948552,completed,0023-33505,02,"COVER, IHC ECLOSURE, FRAME ASSU, 300MM, HDPCVD",manufactured,CRS,SM - Piece,True,25,84.36,2109.00,2709.00,53
7528,6948552,completed,0023-33505,02,"COVER, IHC ECLOSURE, FRAME ASSU, 300MM, HDPCVD",manufactured,CRS,SM - Piece,True,50,72.88,3644.00,3644.00,54
7528,6948552,completed,0023-33505,02,"COVER, IHC ECLOSURE, FRAME ASSU, 300MM, HDPCVD",manufactured,CRS,SM - Piece,True,100,67.74,6774.00,6774.00,57
7528,6948553,completed,0042-74108,02,"IHC ENCLOSURE, CHAMBER FRAME, 300MM HDPCVD, AP",assembled,CRS,SM - Assy,True,1,1190.00,1190.00,1790.00,49
7528,6948553,completed,0042-74108,02,"IHC ENCLOSURE, CHAMBER FRAME, 300MM HDPCVD, AP",assembled,CRS,SM - Assy,True,2,722.00,1444.00,2044.00,49
7528,6948553,completed,0042-74108,02,"IHC ENCLOSURE, CHAMBER FRAME, 300MM HDPCVD, AP",assembled,CRS,SM - Assy,True,3,566.00,1698.00,2298.00,49
7528,6948553,completed,0042-74108,02,"IHC ENCLOSURE, CHAMBER FRAME, 300MM HDPCVD, AP",assembled,CRS,SM - Assy,True,5,442.00,2210.00,2810.00,50
7528,6948553,completed,0042-74108,02,"IHC ENCLOSURE, CHAMBER FRAME, 300MM HDPCVD, AP",assembled,CRS,SM - Assy,True,10,347.00,3470.00,4070.00,51
7528,6948553,completed,0042-74108,02,"IHC ENCLOSURE, CHAMBER FRAME, 300MM HDPCVD, AP",assembled,CRS,SM - Assy,True,25,291.00,7275.00,7875.00,54
7528,6948553,completed,0042-74108,02,"IHC ENCLOSURE, CHAMBER FRAME, 300MM HDPCVD, AP",assembled,CRS,SM - Assy,True,50,271.00,13550.00,14150.00,60
7528,6948553,completed,0042-74108,02,"IHC ENCLOSURE, CHAMBER FRAME, 300MM HDPCVD, AP",assembled,CRS,SM - Assy,True,100,262.00,26200.00,26200.00,71
7528,6948651,completed,0042-85623,04,"MOUNTING BRKT FRAME
ASSY, 300MM ULTIMA X,
CRS, ASTM A1008,CS-TYPE B",manufactured,CRS,SM - Piece W/HDWE,True,1,576.00,576.00,1076.00,50
7528,6948651,completed,0042-85623,04,"MOUNTING BRKT FRAME
ASSY, 300MM ULTIMA X,
CRS, ASTM A1008,CS-TYPE B",manufactured,CRS,SM - Piece W/HDWE,True,2,296.00,592.00,1092.00,48
7528,6948651,completed,0042-85623,04,"MOUNTING BRKT FRAME
ASSY, 300MM ULTIMA X,
CRS, ASTM A1008,CS-TYPE B",manufactured,CRS,SM - Piece W/HDWE,True,3,203.00,609.00,1109.00,48
7528,6948651,completed,0042-85623,04,"MOUNTING BRKT FRAME
ASSY, 300MM ULTIMA X,
CRS, ASTM A1008,CS-TYPE B",manufactured,CRS,SM - Piece W/HDWE,True,5,128.00,640.00,1140.00,50
7528,6948651,completed,0042-85623,04,"MOUNTING BRKT FRAME
ASSY, 300MM ULTIMA X,
CRS, ASTM A1008,CS-TYPE B",manufactured,CRS,SM - Piece W/HDWE,True,10,71.80,718.00,1218.00,50
7528,6948651,completed,0042-85623,04,"MOUNTING BRKT FRAME
ASSY, 300MM ULTIMA X,
CRS, ASTM A1008,CS-TYPE B",manufactured,CRS,SM - Piece W/HDWE,True,25,38.16,954.00,1454.00,50
7528,6948651,completed,0042-85623,04,"MOUNTING BRKT FRAME
ASSY, 300MM ULTIMA X,
CRS, ASTM A1008,CS-TYPE B",manufactured,CRS,SM - Piece W/HDWE,True,50,26.94,1347.00,1347.00,48
7528,6948651,completed,0042-85623,04,"MOUNTING BRKT FRAME
ASSY, 300MM ULTIMA X,
CRS, ASTM A1008,CS-TYPE B",manufactured,CRS,SM - Piece W/HDWE,True,100,21.49,2149.00,2149.00,49
7528,6948659,completed,0042-85624,03,"SUPPORT, PLATFORM
FRAME ASSY, 300MM,
HDPCVD",manufactured,CRS,SM - Piece W/HDWE,True,1,576.00,576.00,1076.00,50
7528,6948659,completed,0042-85624,03,"SUPPORT, PLATFORM
FRAME ASSY, 300MM,
HDPCVD",manufactured,CRS,SM - Piece W/HDWE,True,2,296.00,592.00,1092.00,50
7528,6948659,completed,0042-85624,03,"SUPPORT, PLATFORM
FRAME ASSY, 300MM,
HDPCVD",manufactured,CRS,SM - Piece W/HDWE,True,3,203.00,609.00,1109.00,46
7528,6948659,completed,0042-85624,03,"SUPPORT, PLATFORM
FRAME ASSY, 300MM,
HDPCVD",manufactured,CRS,SM - Piece W/HDWE,True,5,128.00,640.00,1140.00,50
7528,6948659,completed,0042-85624,03,"SUPPORT, PLATFORM
FRAME ASSY, 300MM,
HDPCVD",manufactured,CRS,SM - Piece W/HDWE,True,10,71.50,715.00,1215.00,50
7528,6948659,completed,0042-85624,03,"SUPPORT, PLATFORM
FRAME ASSY, 300MM,
HDPCVD",manufactured,CRS,SM - Piece W/HDWE,True,25,37.88,947.00,1447.00,46
7528,6948659,completed,0042-85624,03,"SUPPORT, PLATFORM
FRAME ASSY, 300MM,
HDPCVD",manufactured,CRS,SM - Piece W/HDWE,True,50,26.66,1333.00,1333.00,46
7528,6948659,completed,0042-85624,03,"SUPPORT, PLATFORM
FRAME ASSY, 300MM,
HDPCVD",manufactured,CRS,SM - Piece W/HDWE,True,100,20.93,2093.00,2093.00,47
7528,6948712,completed,0042-86652,02,"MOUNTING BRKT FRAME
ASSY, COMET, 300MM
ULTIMA X",manufactured,CRS,SM - Piece W/HDWE,True,1,586.00,586.00,1086.00,50
7528,6948712,completed,0042-86652,02,"MOUNTING BRKT FRAME
ASSY, COMET, 300MM
ULTIMA X",manufactured,CRS,SM - Piece W/HDWE,True,2,304.00,608.00,1108.00,48
7528,6948712,completed,0042-86652,02,"MOUNTING BRKT FRAME
ASSY, COMET, 300MM
ULTIMA X",manufactured,CRS,SM - Piece W/HDWE,True,3,209.00,627.00,1127.00,48
7528,6948712,completed,0042-86652,02,"MOUNTING BRKT FRAME
ASSY, COMET, 300MM
ULTIMA X",manufactured,CRS,SM - Piece W/HDWE,True,5,134.00,670.00,1170.00,50
7528,6948712,completed,0042-86652,02,"MOUNTING BRKT FRAME
ASSY, COMET, 300MM
ULTIMA X",manufactured,CRS,SM - Piece W/HDWE,True,10,77.20,772.00,1272.00,50
7528,6948712,completed,0042-86652,02,"MOUNTING BRKT FRAME
ASSY, COMET, 300MM
ULTIMA X",manufactured,CRS,SM - Piece W/HDWE,True,25,43.28,1082.00,1582.00,48
7528,6948712,completed,0042-86652,02,"MOUNTING BRKT FRAME
ASSY, COMET, 300MM
ULTIMA X",manufactured,CRS,SM - Piece W/HDWE,True,50,31.96,1598.00,1598.00,50
7528,6948712,completed,0042-86652,02,"MOUNTING BRKT FRAME
ASSY, COMET, 300MM
ULTIMA X",manufactured,CRS,SM - Piece W/HDWE,True,100,26.51,2651.00,2651.00,50
7528,6986605,completed,0042-96663,02,"BRACKET, 4 GASLINES, IHC 300MM, HDPCVD",manufactured,Aluminum 6061-T6,MS - Mill,True,1,847.00,847.00,1947.00,53
7528,6986605,completed,0042-96663,02,"BRACKET, 4 GASLINES, IHC 300MM, HDPCVD",manufactured,Aluminum 6061-T6,MS - Mill,True,2,450.00,900.00,2000.00,53
7528,6986605,completed,0042-96663,02,"BRACKET, 4 GASLINES, IHC 300MM, HDPCVD",manufactured,Aluminum 6061-T6,MS - Mill,True,3,318.00,954.00,2054.00,53
7528,6986605,completed,0042-96663,02,"BRACKET, 4 GASLINES, IHC 300MM, HDPCVD",manufactured,Aluminum 6061-T6,MS - Mill,True,5,212.00,1060.00,2160.00,54
7528,6986605,completed,0042-96663,02,"BRACKET, 4 GASLINES, IHC 300MM, HDPCVD",manufactured,Aluminum 6061-T6,MS - Mill,True,10,133.00,1330.00,2430.00,54
7528,6986605,completed,0042-96663,02,"BRACKET, 4 GASLINES, IHC 300MM, HDPCVD",manufactured,Aluminum 6061-T6,MS - Mill,True,25,84.60,2115.00,3215.00,55
7528,6986605,completed,0042-96663,02,"BRACKET, 4 GASLINES, IHC 300MM, HDPCVD",manufactured,Aluminum 6061-T6,MS - Mill,True,50,68.70,3435.00,3435.00,56
7528,6986605,completed,0042-96663,02,"BRACKET, 4 GASLINES, IHC 300MM, HDPCVD",manufactured,Aluminum 6061-T6,MS - Mill,True,100,61.28,6128.00,6128.00,58
7528,6948558,completed,0042-99072,02,"COVER-1, TOP, IHC BOX, COMET, 300MM, HDP-CVD, ULTIMA-X",assembled,CRS,SM - Assy,True,1,1390.00,1390.00,1990.00,49
7528,6948558,completed,0042-99072,02,"COVER-1, TOP, IHC BOX, COMET, 300MM, HDP-CVD, ULTIMA-X",assembled,CRS,SM - Assy,True,2,778.00,1556.00,2156.00,50
7528,6948558,completed,0042-99072,02,"COVER-1, TOP, IHC BOX, COMET, 300MM, HDP-CVD, ULTIMA-X",assembled,CRS,SM - Assy,True,3,575.00,1725.00,2325.00,50
7528,6948558,completed,0042-99072,02,"COVER-1, TOP, IHC BOX, COMET, 300MM, HDP-CVD, ULTIMA-X",assembled,CRS,SM - Assy,True,5,412.00,2060.00,2660.00,50
7528,6948558,completed,0042-99072,02,"COVER-1, TOP, IHC BOX, COMET, 300MM, HDP-CVD, ULTIMA-X",assembled,CRS,SM - Assy,True,10,291.00,2910.00,3510.00,51
7528,6948558,completed,0042-99072,02,"COVER-1, TOP, IHC BOX, COMET, 300MM, HDP-CVD, ULTIMA-X",assembled,CRS,SM - Assy,True,25,217.00,5425.00,6025.00,53
7528,6948558,completed,0042-99072,02,"COVER-1, TOP, IHC BOX, COMET, 300MM, HDP-CVD, ULTIMA-X",assembled,CRS,SM - Assy,True,50,193.00,9650.00,9650.00,57
7528,6948558,completed,0042-99072,02,"COVER-1, TOP, IHC BOX, COMET, 300MM, HDP-CVD, ULTIMA-X",assembled,CRS,SM - Assy,True,100,183.00,18300.00,18300.00,65
7528,6986603,completed,0042-99116,02,"COVER-2, TOP, IHC BOX, COMET, 300MM, HDP-CVD, ULTIMA-X",manufactured,CRS,SM - Piece W/HDWE,True,1,591.00,591.00,1191.00,53
7528,6986603,completed,0042-99116,02,"COVER-2, TOP, IHC BOX, COMET, 300MM, HDP-CVD, ULTIMA-X",manufactured,CRS,SM - Piece W/HDWE,True,2,308.00,616.00,1216.00,53
7528,6986603,completed,0042-99116,02,"COVER-2, TOP, IHC BOX, COMET, 300MM, HDP-CVD, ULTIMA-X",manufactured,CRS,SM - Piece W/HDWE,True,3,213.00,639.00,1239.00,53
7528,6986603,completed,0042-99116,02,"COVER-2, TOP, IHC BOX, COMET, 300MM, HDP-CVD, ULTIMA-X",manufactured,CRS,SM - Piece W/HDWE,True,5,137.00,685.00,1285.00,53
7528,6986603,completed,0042-99116,02,"COVER-2, TOP, IHC BOX, COMET, 300MM, HDP-CVD, ULTIMA-X",manufactured,CRS,SM - Piece W/HDWE,True,10,80.10,801.00,1401.00,53
7528,6986603,completed,0042-99116,02,"COVER-2, TOP, IHC BOX, COMET, 300MM, HDP-CVD, ULTIMA-X",manufactured,CRS,SM - Piece W/HDWE,True,25,46.00,1150.00,1750.00,53
7528,6986603,completed,0042-99116,02,"COVER-2, TOP, IHC BOX, COMET, 300MM, HDP-CVD, ULTIMA-X",manufactured,CRS,SM - Piece W/HDWE,True,50,34.64,1732.00,1732.00,54
7528,6986603,completed,0042-99116,02,"COVER-2, TOP, IHC BOX, COMET, 300MM, HDP-CVD, ULTIMA-X",manufactured,CRS,SM - Piece W/HDWE,True,100,29.20,2920.00,2920.00,55
7529,6953841,completed,0020-23847,07,"CLAMP, MEDIUM, SHIELD, INNER, 300MM SIP",manufactured,Nitronic 60,MS - Mill,True,500,43.29,21645.00,21645.00,60
7529,6953844,completed,0020-23848,06,"CLAMP, MARGIN, SHIELD, INNER, 300MM SIP",manufactured,Nitronic 60,MS - Mill,True,150,41.33,6199.50,6199.50,60
7529,6953845,completed,0020-83528,03,"NUT SECTOR, WAFER LIFT, 300MM ENDURA",manufactured,Nitronic 60,MS - Mill,True,50,65.86,3293.00,3293.00,60
7529,6953847,completed,0020-91609,02,"PLATE, NUT, CH. SHIELD, 300MM ENCORE TA(N) 11",manufactured,Nitronic 60,MS - Mill,True,150,41.08,6162.00,6162.00,60
7529,6953798,completed,0021-19688,06,"CLAMP, UPPER ADAPTER SIP 300MM",manufactured,Stainless Steel 304L,MS - Mill,True,150,128.00,19200.00,19200.00,60
7529,6953799,completed,0021-28902,03,"NUTPLATE, SHIELD W LINER, STD PVD, 300MM",manufactured,Stainless Steel 304L,MS - Mill,True,130,94.38,12269.40,12269.40,60
7529,6953863,completed,0021-31341,01,"RING, NUT SECTOR PC",manufactured,Nitronic 60,MS - Mill,True,20,100.96,2019.20,2019.20,60
7529,6953865,completed,0021-33842,03,"NUT PLATE, EQUIPOTENTIAL, XESC",manufactured,Nitronic 60,MS - Mill,True,50,38.02,1901.00,1901.00,60
7529,6953872,completed,0021-82352,04,"PLATE, NUT SECTOR, NITRONIC 60, ADAPTER",manufactured,Nitronic 60,MS - Mill,True,103,56.37,5806.11,5806.11,60
7529,6953873,completed,0021-91756,03,NUT PLATE,manufactured,Nitronic 60,MS - Mill,True,70,43.01,3010.70,3010.70,60
7529,6953877,completed,0022-00263,04,"BASE PLATE RIGHT, LIFTING BRACKET. APC",manufactured,Nitronic 60,MS - Mill,True,50,248.00,12400.00,12400.00,60
7529,6953878,completed,0022-00264,04,"BASE PLATE LEFT, LIFTING BRACKET. APC  E",manufactured,Nitronic 60,MS - Mill,True,50,248.00,12400.00,12400.00,60
7529,6953801,completed,0022-06646,03,"PLATE, NUT SECTOR, BIAS ADAPTER",manufactured,Nitronic 60,MS - Mill,True,200,111.00,22200.00,22200.00,60
7529,6953879,completed,0022-13908,04,"BRACKET, ANTI LIFT KIT, DTESC MOUNT",manufactured,Nitronic 60,MS - Mill,True,50,72.58,3629.00,3629.00,60
7529,6953802,completed,0022-28562,05,"PLATE, NUT, SHIELD, ADAPTER, 600MM",manufactured,Nitronic 60,MS - Mill,True,130,81.50,10595.00,10595.00,60
7529,6953804,completed,0022-41052,02,"NUT SECTOR, HT MCXT, E2, 300MM",manufactured,Nitronic 60,MS - Mill,True,25,86.76,2169.00,2169.00,60
7529,6953881,completed,0040-96246,05,"LOWER, BRACKET, LTFT SHIELDS
FEOL ENDURA2 LAB",manufactured,CRS,MS - Mill,True,100,35.71,3571.00,3571.00,60
7529,6953807,completed,0041-63094,06,"HEATER PLATE, MOW",manufactured,Aluminum 6061-T6,MS - Mill,True,50,105.00,5250.00,5250.00,60
7530,6955640,completed,VA112719G2,A,,manufactured,Aluminum 6061-T4,SM - Piece,False,10,102.00,1020.00,1020.00,50
7530,6955640,completed,VA112719G2,A,,manufactured,Aluminum 6061-T4,SM - Piece,False,25,48.52,1213.00,1213.00,50
7530,6955640,completed,VA112719G2,A,,manufactured,Aluminum 6061-T4,SM - Piece,False,50,30.68,1534.00,1534.00,50
7531,6956325,no_quote,0022-62599,02,"ADAPTER,MCVD/DCS CHAMBER",manufactured,,NQ - No Capacity,False,18,0.00,0.00,0.00,5
7531,6956174,no_quote,0021-06316,09,"SHIELD, ALUMINUM 300MM, WXZ",manufactured,,NQ - No Capacity,False,84,0.00,0.00,0.00,5
7531,6956175,no_quote,0021-94017,05,"BOTTOM LOWER SHIELD,XT PEDESTAL, CLEAN C",manufactured,,NQ - No Capacity,False,58,0.00,0.00,0.00,5
7531,6956176,no_quote,0022-30024,05,"CONICAL SHIELD, BB",manufactured,,NQ - No Capacity,False,10,0.00,0.00,0.00,5
7531,6956177,no_quote,0022-40808,05,"SHIELD LOWER, HT MCXT, E2, 300MM",manufactured,,NQ - No Capacity,False,25,0.00,0.00,0.00,5
7531,6956178,no_quote,0022-42048,04,"SHIELD INNER, HT MCXT, E2, 300MM",manufactured,,NQ - No Capacity,False,29,0.00,0.00,0.00,5
7531,6956179,no_quote,0022-48341,04,"SHIELD, INNER SINGLE, ENCORE II TAN, ARC",manufactured,,NQ - No Capacity,False,46,0.00,0.00,0.00,5
7531,6956180,no_quote,0022-48509,05,"SHIELD, TOP, SINGLE, 300MM PVD",manufactured,,NQ - No Capacity,False,10,0.00,0.00,0.00,5
7531,6956181,no_quote,0022-53433,03,"SHIELD OUTER, DUAL RPS, SSW, PRODUCER 30",manufactured,,NQ - No Capacity,False,10,0.00,0.00,0.00,5
7531,6956327,no_quote,0022-55371,02,"ADAPTER ISO 200MM KF
TO CF, G11 HEATER
DEGAS, 300MM",manufactured,,NQ - No Capacity,False,10,0.00,0.00,0.00,600
7531,6956183,no_quote,0022-60012,02,SHIELD UPPER LIFTABLE STDTAN SHORT A101,manufactured,,NQ - No Capacity,False,10,0.00,0.00,0.00,5
7531,6956184,no_quote,0022-67376,03,"ADAPTER, SIDE, KF 40, SSW, PRODUCER 300M",manufactured,,NQ - No Capacity,False,10,0.00,0.00,0.00,5
7531,6956185,no_quote,0022-81837,03,"OUTER SHIELD, RAISED CHAMBER, DNP, CVD 3",manufactured,,NQ - No Capacity,False,10,0.00,0.00,0.00,5
7531,6956186,no_quote,0040-63148,01,"PLATE, ADAPTER, WATER LEAK DETECT",manufactured,,NQ - No Capacity,False,10,0.00,0.00,0.00,5
7531,6956187,no_quote,0040-81713,02,"ADAPTER, SHORT, LIFTABLE, RPG, 300MM PVD",manufactured,,NQ - No Capacity,False,10,0.00,0.00,0.00,5
7531,6956335,no_quote,0041-02659,03,"ADAPTER, 300MM PC XT TURBO/XTE ENDURA2",assembled,,NQ - No Capacity,False,244,910.57,222179.08,222179.08,5
7531,6956189,no_quote,0041-28285,06,"INNER SHIELD, CVD-Co, 300MM",assembled,,NQ - No Capacity,False,343,0.00,0.00,0.00,5
7531,6956190,no_quote,0041-45351,03,"INNER SHIELD, COOL LID, ISANI XT",assembled,,NQ - No Capacity,False,58,0.00,0.00,0.00,5
7531,6956191,no_quote,0041-79469,08,"INNER SHIELD, CVD-Co, 300MM",assembled,,NQ - No Capacity,False,45,0.00,0.00,0.00,5
7531,6956192,no_quote,0041-93084,03,"ADAPTER, WATER COOLED, 1.52 INCH THK, 2K",assembled,,NQ - No Capacity,False,10,0.00,0.00,0.00,5
7531,6956193,no_quote,0042-05431,06,"ADAPTER, 60MM ADJ SPACING, WATER COOLED,",assembled,,NQ - No Capacity,False,10,0.00,0.00,0.00,5
7531,6956194,no_quote,0042-19526,06,"ONE PIECE SHIELD, VOLARIS 300MM",assembled,,NQ - No Capacity,False,10,0.00,0.00,0.00,5
7531,6956195,no_quote,0042-21003,11,"ADAPTER, TOP HEATER, ALD/CVD, DNP",assembled,,NQ - No Capacity,False,10,3.36,33.60,33.60,5
7531,6956196,no_quote,0042-29785,03,"FLANGE ADAPTER, NPP, APC, E2, 300 MM",assembled,,NQ - No Capacity,False,10,5.64,56.40,56.40,5
7531,6956197,no_quote,0042-31946,06,"ADAPTER, CENTER, LEGACY LID, DUAL RPS, C",assembled,,NQ - No Capacity,False,10,1.14,11.40,11.40,5
7531,6956341,no_quote,0042-32078,04,"ADAPTER ,VOLARIS, 300M",assembled,,NQ - No Capacity,False,46,1046.65,48145.90,48145.90,600
7531,6956199,no_quote,0042-45248,05,"ADAPTOR PLATE, RAISED LID, DUAL SEAL. DN",assembled,,NQ - No Capacity,False,10,0.00,0.00,0.00,5
7531,6956200,no_quote,0042-45468,08,"ADAPTER, TOP HEATER, ALD/CVD, DNP",assembled,,NQ - No Capacity,False,10,7.80,78.00,78.00,5
7531,6956201,no_quote,0042-53491,02,"ADAPTER, CENTER, LEGACY LID, DUAL RPS, C",assembled,,NQ - No Capacity,False,10,1.14,11.40,11.40,5
7531,6956202,no_quote,0042-53942,02,"SHIELD, SELF-ALIGNING, ALUMINA PINS, 145",assembled,,NQ - No Capacity,False,27,0.00,0.00,0.00,5
7531,6956203,no_quote,0042-87710,03,"SHIELD, SELF-ALIGNING, ALUMINA PINS, 195",assembled,,NQ - No Capacity,False,10,0.00,0.00,0.00,5
7532,6956574,no_quote,0022-00332,04,"COVER, RF SOURCE W/RAISED MATCH",manufactured,,NQ - Not a Core Competency,False,150,0.00,0.00,0.00,5
7532,6956575,no_quote,0022-00331,03,MAG SHIELD PLATE LEFT CH BODY,assembled,,NQ - Not a Core Competency,False,150,0.00,0.00,0.00,5
7532,6956576,no_quote,0022-00333,04,MAG SHIELD PLATE RIGHT CH BODY,assembled,,NQ - Not a Core Competency,False,150,0.00,0.00,0.00,5
7532,6956577,no_quote,0041-51930,06,"SOURCE CAN SHIELD #1, MODIFIED",assembled,,NQ - Not a Core Competency,False,150,0.00,0.00,0.00,5
7532,6956578,no_quote,0041-51931,05,"SOURCE CAN SHIELD #2, MODIFIED",assembled,,NQ - Not a Core Competency,False,150,0.00,0.00,0.00,5
7533,7001779,not_started,0010-57215,09,"ASSEMBLY,PELTIER COOLER, VALENCIA",manufactured,,Historical Part Requote,False,1,0.00,0.00,0.00,50
7534,6966093,no_quote,512-030-150-233,A,INSULATOR PITOT MOUNT - COPILOT,manufactured,,,False,22,0.00,0.00,0.00,0
7534,6966087,no_quote,512-030-150-235,A,INSULATOR PITOT MOUNT - STBY,manufactured,,,False,22,0.00,0.00,0.00,0
7534,6966097,no_quote,512-030-150-237,A,INSULATOR PITOT MOUNT - STBY,manufactured,,,False,22,0.00,0.00,0.00,0
7535,6966124,completed,512-082-001-101,A,ANTI-ROTATION BRACKET ASSY MRA,assembled,Stainless Steel 17-4 PH,Aerospace Assembly,True,26,921.00,23946.00,27376.00,53
7536,6967329,completed,512-030-100-601,A,CREW DOOR SWITCH MOUNT ASSY,manufactured,Aluminum 7050-T7451,Aerospace Assembly,True,37,523.00,19351.00,22491.00,70
7537,6967443,no_quote,512-010-116-101,B,MAST NUT,manufactured,,,False,20,0.00,0.00,0.00,0
7538,6967514,completed,512-030-330-179,A,RADIUS BLOCK LOWER ROOF BEAM AFT,manufactured,Stainless Steel 15-5 PH,MS - Mill,True,10,335.00,3350.00,4040.00,69
7538,6967519,completed,512-030-330-181,A,RADIUS BLOCK LOWER ROOF BEAM FWD,manufactured,Stainless Steel 15-5 PH,MS - Mill,True,10,328.00,3280.00,3970.00,66
7539,6967626,completed,512-030-430-261,-,SEAT ATTACH INSERT-LOWER,manufactured,Aluminum 7050-T7451,MS - Mill,True,4,798.00,3192.00,4332.00,60
7540,6968185,not_started,204-001-256-005,AE,SHOE,manufactured,,,False,78,0.00,0.00,0.00,0
7540,6968186,not_started,204-011-752-001,G,GRIP PLATE,manufactured,,,False,100,0.00,0.00,0.00,0
7540,6968187,not_started,204-012-017-001,D,TIP CAP,manufactured,,,False,928,0.00,0.00,0.00,0
7540,6968188,not_started,204-032-726-003,,HOOK,manufactured,,,False,20,0.00,0.00,0.00,0
7540,6968189,not_started,204-040-370-001,,MANIFOLD,manufactured,,,False,115,0.00,0.00,0.00,0
7540,6968190,not_started,204-060-795-005,,CAM,manufactured,,,False,18,0.00,0.00,0.00,0
7540,6968191,not_started,205-030-971-003,,BRACE,manufactured,,,False,114,0.00,0.00,0.00,0
7540,6968192,not_started,205-031-709-031,,WEDGE,manufactured,,,False,116,0.00,0.00,0.00,0
7540,6968193,not_started,205-040-160-003,,SUPPORT,manufactured,,,False,120,0.00,0.00,0.00,0
7540,6968194,not_started,206-010-210-005,,TIP CAP,manufactured,,,False,782,0.00,0.00,0.00,0
7540,6968195,not_started,206-010-235-115A,,WEIGHT,manufactured,,,False,50,0.00,0.00,0.00,0
7540,6968196,not_started,206-011-704-001,,KEY,manufactured,,,False,1067,0.00,0.00,0.00,0
7540,6968197,not_started,206-031-554-003,,SPINDLE-UPPER,manufactured,,,False,244,0.00,0.00,0.00,0
7540,6968198,not_started,206-061-715-001,,LEVER,manufactured,,,False,30,0.00,0.00,0.00,0
7540,6968199,not_started,209-001-703-001,,SUPPORT,manufactured,,,False,170,0.00,0.00,0.00,0
7540,6968200,not_started,209-001-709-001,,SUPPORT,manufactured,,,False,85,0.00,0.00,0.00,0
7540,6968201,not_started,209-001-809-101,,DETENT,manufactured,,,False,18,0.00,0.00,0.00,0
7540,6968202,not_started,209-001-815-001,,CLEVIS,manufactured,,,False,80,0.00,0.00,0.00,0
7540,6968203,not_started,209-034-320-101,D,HINGE,manufactured,,,False,35,0.00,0.00,0.00,0
7540,6968204,not_started,209-040-171-103,,RETAINER,manufactured,,,False,70,0.00,0.00,0.00,0
7540,6968205,not_started,209-060-700-125,,BOLT,manufactured,,,False,220,0.00,0.00,0.00,0
7540,6968206,not_started,209-060-725-001,,CAM,manufactured,,,False,40,0.00,0.00,0.00,0
7540,6968207,not_started,212-001-130-009,,SUPPORT ASSY,manufactured,,,False,20,0.00,0.00,0.00,0
7540,6968208,not_started,212-015-512-101,,BLOCK,manufactured,,,False,821,0.00,0.00,0.00,0
7540,6968209,not_started,212-061-816-001P,,HINGE HALF  APL,manufactured,,,False,16,0.00,0.00,0.00,0
7540,6968210,not_started,212-073-874-009,,HANDLE,manufactured,,,False,28,0.00,0.00,0.00,0
7540,6968211,not_started,212-076-108-001,,FITTING,manufactured,,,False,138,0.00,0.00,0.00,0
7540,6968212,not_started,214-015-021-001,,BALANCE WEIGHT,manufactured,,,False,380,0.00,0.00,0.00,0
7540,6968213,not_started,214-040-318-001,,PLATE,manufactured,,,False,320,0.00,0.00,0.00,0
7540,6968214,not_started,214-060-309-101,,LEVER,manufactured,,,False,120,0.00,0.00,0.00,0
7540,6968215,not_started,214-060-332-103,D,MOUNT,manufactured,,,False,160,0.00,0.00,0.00,0
7540,6968216,not_started,406-015-022-107,D,WEIGHT,manufactured,,,False,2740,0.00,0.00,0.00,0
7540,6968217,not_started,406-015-043-107,C,COVER,manufactured,,,False,760,0.00,0.00,0.00,0
7540,6968218,not_started,406-040-509-101,,CAP,manufactured,,,False,674,0.00,0.00,0.00,0
7540,6968219,not_started,407-040-322-105,,HANGER,manufactured,,,False,362,0.00,0.00,0.00,0
7540,6968220,not_started,407-040-322-107,,HANGER,manufactured,,,False,728,0.00,0.00,0.00,0
7540,6968221,not_started,407-040-548-101,,CONE SET,manufactured,,,False,789,0.00,0.00,0.00,0
7540,6968222,not_started,407-240-003-101,,PIN INSTL TOOL,manufactured,,,False,10,0.00,0.00,0.00,0
7540,6968223,not_started,412-001-319-101,,IDLER,manufactured,,,False,60,0.00,0.00,0.00,0
7540,6968224,not_started,412-018-060-111,,CAM,manufactured,,,False,780,0.00,0.00,0.00,0
7540,6968225,not_started,412-040-117-101,,"PLATE ASSY, MAST BEARING - MRGB",manufactured,,,False,62,0.00,0.00,0.00,0
7540,6968226,not_started,429-015-035-103,,"POCKET, UPPER",manufactured,,,False,594,0.00,0.00,0.00,0
7540,6968227,not_started,429-015-035-107A,,POCKET LOWER,manufactured,,,False,594,0.00,0.00,0.00,0
7540,6968228,not_started,429-036-154-101,,SUPPORT-HOSE FITTING,manufactured,,,False,35,0.00,0.00,0.00,0
7540,6968229,not_started,449-001-519-101,,"SUPPORT, IDLER",manufactured,,,False,190,0.00,0.00,0.00,0
7540,6968230,not_started,449-016-111-105,,"WEIGHT,BALANCE",manufactured,,,False,1365,0.00,0.00,0.00,0
7540,6968231,not_started,449-036-118-103,,SUPPORT,manufactured,,,False,50,0.00,0.00,0.00,0
7540,6968232,not_started,449-040-358-101,,LINER,manufactured,,,False,25,0.00,0.00,0.00,0
7540,6968233,not_started,449-040-384-101,,LOCK WASHER,manufactured,,,False,84,0.00,0.00,0.00,0
7540,6968234,not_started,449-040-965-101,,"LUBRICATOR ASSY, ACCESSORY DRIVE - CGB",manufactured,,,False,45,0.00,0.00,0.00,0
7540,6968235,not_started,449-060-223-103,,FITTING,manufactured,,,False,20,0.00,0.00,0.00,0
7540,6968236,not_started,449-863-354-101,,SUPPORT,manufactured,,,False,80,0.00,0.00,0.00,0
7540,6968237,not_started,450-030-348-102,,HINGE,manufactured,,,False,35,0.00,0.00,0.00,0
7540,6968238,not_started,450-030-431-104,,GASKET,manufactured,,,False,40,0.00,0.00,0.00,0
7540,6968239,not_started,450-060-353-101A,,MOUNT       APL,manufactured,,,False,15,0.00,0.00,0.00,0
7540,6968240,not_started,512-012-013-101,,STOP,manufactured,,,False,298,0.00,0.00,0.00,0
7540,6968241,not_started,512-014-230-103,,LOWER CONE - PYLON,manufactured,,,False,296,0.00,0.00,0.00,0
7540,6968242,not_started,512-015-028-101,,"SHIM, SPACER - MAIN ROTOR BLADE",manufactured,,,False,20,0.00,0.00,0.00,0
7540,6968243,not_started,512-030-100-433,,"Bracket Assembly, Radome Damper",assembled,,,False,148,0.00,0.00,0.00,0
7540,6968244,not_started,512-030-130-467,,TIE DOWN RECEPTACLE,manufactured,,,False,305,0.00,0.00,0.00,0
7540,6968245,not_started,512-030-130-595,,"Shim, Center Post, Nose",assembled,,,False,71,0.00,0.00,0.00,0
7540,6968246,not_started,512-030-330-030,,Sail Fairing Support Gusset,manufactured,,,False,56,0.00,0.00,0.00,0
7540,6968247,not_started,512-030-330-175,,RADIUS BLOCK MID LIFT FRAME,manufactured,,,False,296,0.00,0.00,0.00,0
7540,6968248,not_started,512-030-330-179,,"RADIUS BLOCK LOWER ROOF BEAM, AFT",manufactured,,,False,148,0.00,0.00,0.00,0
7540,6968249,not_started,512-030-330-181,,"RADIUS BLOCK LOWER ROOF BEAM, FWD",manufactured,,,False,148,0.00,0.00,0.00,0
7540,6968250,not_started,512-030-330-185,,"RADIUS BLOCK LOWER ROOF BEAM, AFT",manufactured,,,False,148,0.00,0.00,0.00,0
7540,6968251,not_started,512-030-330-187,,"RADIUS BLOCK LOWER ROOF BEAM, FWD",manufactured,,,False,148,0.00,0.00,0.00,0
7540,6968252,not_started,512-030-430-427,,STRAP CORNER FITTING FWD - RH,manufactured,,,False,72,0.00,0.00,0.00,0
7540,6968253,not_started,512-030-430-431,,STRAP T FITTING - LH,manufactured,,,False,370,0.00,0.00,0.00,0
7540,6968254,not_started,512-030-430-433,,STRAP T FITTING - RH,manufactured,,,False,370,0.00,0.00,0.00,0
7540,6968255,not_started,512-030-430-441,,STRAP CORNER FITTING FWD - LH,manufactured,,,False,71,0.00,0.00,0.00,0
7540,6968256,not_started,512-030-430-443,,STRAP FITTING - DOUBLER FWD LHS,manufactured,,,False,63,0.00,0.00,0.00,0
7540,6968257,not_started,512-030-430-444,,STRAP FITTING - DOUBLER FWD RHS,manufactured,,,False,64,0.00,0.00,0.00,0
7540,6968258,not_started,512-030-430-445,,STRAP FITTING - DOUBLER AFT LHS,manufactured,,,False,66,0.00,0.00,0.00,0
7540,6968259,not_started,512-030-430-446,,STRAP FITTING - DOUBLER AFT RHS,manufactured,,,False,68,0.00,0.00,0.00,0
7540,6968260,not_started,512-030-430-447,,MID FUEL CELL STRAP FITTING - FWD LHS,manufactured,,,False,73,0.00,0.00,0.00,0
7540,6968261,not_started,512-030-430-511,,STRAP CORNER FITTING FWD - LHS,manufactured,,,False,74,0.00,0.00,0.00,0
7540,6968262,not_started,512-030-430-512,,STRAP CORNER FITTING FWD - RHS,manufactured,,,False,74,0.00,0.00,0.00,0
7540,6968263,not_started,512-034-730-097,,"Splice, Stringer Runout -  Tailboom",manufactured,,,False,308,0.00,0.00,0.00,0
7540,6968264,not_started,512-034-730-099,,"Splice, Stringer Runout -  Tailboom",manufactured,,,False,154,0.00,0.00,0.00,0
7540,6968265,not_started,512-034-730-109,,"Splice, Stringer Runout - Tailboom",manufactured,,,False,152,0.00,0.00,0.00,0
7540,6968266,not_started,512-034-730-111,,"Splice, Stringer Runout - Tailboom",manufactured,,,False,154,0.00,0.00,0.00,0
7540,6968267,not_started,512-034-730-113,,"Splice, Stringer Runout - Tailboom",manufactured,,,False,154,0.00,0.00,0.00,0
7540,6968268,not_started,512-040-406-101,,FILLER NECK - MRGB,manufactured,,,False,76,0.00,0.00,0.00,0
7540,6968269,not_started,512-040-407-101,,"COVER, ADAPTER - MRGB",manufactured,,,False,65,0.00,0.00,0.00,0
7540,6968270,not_started,512-040-420-103,,"PLATE - RH INPUT TRIPLEX, MRGB",manufactured,,,False,64,0.00,0.00,0.00,0
7540,6968271,not_started,512-040-422-101,,"ADAPTER, GENERATOR - MRGB",assembled,,,False,69,0.00,0.00,0.00,0
7540,6968272,not_started,512-040-451-101,,"CLOSURE,STANDPIPE SUPPORT-MRGB",manufactured,,,False,64,0.00,0.00,0.00,0
7540,6968273,not_started,512-040-477-101,,"BAFFLE, SUMP INLET - MRGB",manufactured,,,False,64,0.00,0.00,0.00,0
7540,6968274,not_started,512-040-906-101,,"SHIPPING SPACER, HOUSING, MAST SEAL - MR",manufactured,,,False,68,0.00,0.00,0.00,0
7540,6968275,not_started,512-041-251-101,,"SHROUD, INPUT/IDLER - RGB",manufactured,,,False,77,0.00,0.00,0.00,0
7540,6968276,not_started,512-041-255-101,,"SHROUD, OUTPUT - LH RGB",manufactured,,,False,64,0.00,0.00,0.00,0
7540,6968277,not_started,512-041-257-101,,"SHROUD, OUTPUT - LH RGB",manufactured,,,False,61,0.00,0.00,0.00,0
7540,6968278,not_started,512-041-259-101,,"SHROUD, OUTPUT - RH RGB",manufactured,,,False,77,0.00,0.00,0.00,0
7540,6968279,not_started,512-041-261-101,,"SHROUD, OUTPUT - RH RGB",manufactured,,,False,78,0.00,0.00,0.00,0
7540,6968280,not_started,512-041-267-103,,SHROUD - RH RGB,assembled,,,False,67,0.00,0.00,0.00,0
7540,6968281,not_started,512-041-524-101,,"HOUSING, SIGHT GLASS - RGB",manufactured,,,False,78,0.00,0.00,0.00,0
7540,6968282,not_started,512-041-901-101,,"CAP, ENVIRONMENTAL - RGB",manufactured,,,False,75,0.00,0.00,0.00,0
7540,6968283,not_started,512-042-410-101,,PRESSURE RELIEF BLOCK - TRGB,manufactured,,,False,85,0.00,0.00,0.00,0
7540,6968284,not_started,512-042-603-101,,"LINER- MAST ROLLER, TRGB",manufactured,,,False,71,0.00,0.00,0.00,0
7540,6968285,not_started,512-042-604-101,,"LINER- INPUT DUPLEX, TRGB",manufactured,,,False,80,0.00,0.00,0.00,0
7540,6968286,not_started,512-042-802-101,,"BRACKET, LIFTING - TRGB",manufactured,,,False,161,0.00,0.00,0.00,0
7540,6968287,not_started,512-043-207-101,,"SHROUD, HYDRAULIC PUMP-AGB",manufactured,,,False,130,0.00,0.00,0.00,0
7540,6968288,not_started,512-043-209-103,,INPUT SHROUD-AGB,manufactured,,,False,131,0.00,0.00,0.00,0
7540,6968289,not_started,512-043-526-101,,"FITTING, INSPECTION CAP - AGB",manufactured,,,False,113,0.00,0.00,0.00,0
7540,6968290,not_started,512-043-537-101,,"MOUNT ASSY, LH UPPER-AGB",assembled,,,False,76,0.00,0.00,0.00,0
7540,6968291,not_started,512-043-538-101,,"MOUNT ASSY, RH UPPER-AGB",assembled,,,False,64,0.00,0.00,0.00,0
7540,6968292,not_started,512-045-410-101,,PRESSURE RELIEF BLOCK - IGB,manufactured,,,False,77,0.00,0.00,0.00,0
7540,6968293,not_started,512-045-601-101,,"LINER - DUPLEX BEARING, IGB",manufactured,,,False,156,0.00,0.00,0.00,0
7540,6968294,not_started,512-060-315-107,,Mount Link A-Engine-Aft Mount,manufactured,,,False,339,0.00,0.00,0.00,0
7540,6968295,not_started,512-060-320-107,,Mount Link B-Engine-Aft Mount,manufactured,,,False,438,0.00,0.00,0.00,0
7540,6968296,not_started,901-011-148-101,,"BUSHING,ECC",manufactured,,,False,776,0.00,0.00,0.00,0
7540,6968297,not_started,901-011-362-101,,"LINK, LOCK",manufactured,,,False,77,0.00,0.00,0.00,0
7540,6968298,not_started,901-015-019-107,,WEIGHT,manufactured,,,False,605,0.00,0.00,0.00,0
7540,6968299,not_started,901-015-060-101,,TIP CAP,manufactured,,,False,890,0.00,0.00,0.00,0
7540,6968300,not_started,901-015-229-101,,FITTING,manufactured,,,False,2245,0.00,0.00,0.00,0
7540,6968301,not_started,901-033-144-103,,FITTING,manufactured,,,False,140,0.00,0.00,0.00,0
7540,6968302,not_started,901-040-617-105,,SPACER,manufactured,,,False,179,0.00,0.00,0.00,0
7540,6968303,not_started,901-040-699-101,,PLATE,manufactured,,,False,984,0.00,0.00,0.00,0
7540,6968304,not_started,901-042-645-101,,PLUG,manufactured,,,False,72,0.00,0.00,0.00,0
7540,6968305,not_started,901-043-619-103,,WASHER,manufactured,,,False,200,0.00,0.00,0.00,0
7540,6968306,not_started,901-043-630-101,,"WASHER, LOCK",manufactured,,,False,20,0.00,0.00,0.00,0
7540,6968307,not_started,901-044-404-103,,SHROUD,manufactured,,,False,12,0.00,0.00,0.00,0
7540,6968308,not_started,901-044-561-105,,PLATE,manufactured,,,False,1057,0.00,0.00,0.00,0
7540,6968309,not_started,901-044-611-101,,NUT,manufactured,,,False,11,0.00,0.00,0.00,0
7540,6968310,not_started,901-044-679-103,,LINER,manufactured,,,False,37,0.00,0.00,0.00,0
7540,6968311,not_started,901-045-773-101,,NUTPLATE,manufactured,,,False,41,0.00,0.00,0.00,0
7540,6968312,not_started,901-045-773-103,,NUTPLATE,manufactured,,,False,60,0.00,0.00,0.00,0
7540,6968313,not_started,901-045-780-101,,ADAPTER,manufactured,,,False,111,0.00,0.00,0.00,0
7540,6968314,not_started,901-060-060-101,,SPACER,manufactured,,,False,105,0.00,0.00,0.00,0
7540,6968315,not_started,901-060-233-101,,FITTING,manufactured,,,False,225,0.00,0.00,0.00,0
7540,6968316,not_started,901-060-359-101,,FITTING,manufactured,,,False,66,0.00,0.00,0.00,0
7540,6968317,not_started,901-060-359-102,,FITTING,manufactured,,,False,77,0.00,0.00,0.00,0
7540,6968318,not_started,901-060-473-101,,"RETAINER, LATCH",manufactured,,,False,130,0.00,0.00,0.00,0
7540,6968319,not_started,901-060-476-101,,RETAINER,manufactured,,,False,160,0.00,0.00,0.00,0
7540,6968320,not_started,901-060-615-101P,,FITTING     APL,manufactured,,,False,285,0.00,0.00,0.00,0
7540,6968321,not_started,901-060-615-102P,,FITTING     APL,manufactured,,,False,312,0.00,0.00,0.00,0
7540,6968322,not_started,901-060-852-102,,LCH MT ASSY,manufactured,,,False,12,0.00,0.00,0.00,0
7540,6968323,not_started,901-060-866-101,,STRUT FITTING,manufactured,,,False,100,0.00,0.00,0.00,0
7540,6968324,not_started,901-066-327-101,,TEE,manufactured,,,False,10,0.00,0.00,0.00,0
7540,6968325,not_started,901-069-027-101,,LEVER,manufactured,,,False,80,0.00,0.00,0.00,0
7540,6968326,not_started,901-075-846-101,,BRACKET,manufactured,,,False,8,0.00,0.00,0.00,0
7540,6968327,not_started,901-075-853-102,,BRACKET,manufactured,,,False,110,0.00,0.00,0.00,0
7540,6968328,not_started,901-075-853-103,,BRACKET,manufactured,,,False,205,0.00,0.00,0.00,0
7541,7126543,completed,512-043-547-103,A,"MOUNT, LH OUTBOARD - AGB",assembled,Aluminum 7075-T7351,Aerospace Assembly,True,20,808.00,16160.00,19500.00,90
7542,6970863,completed,512-034-730-161,-,SPACER IGB UPPER FITTING - V-FIN,manufactured,Aluminum 5052-H32,MS - Mill,True,51,68.74,3505.74,3825.74,59
7543,6970950,no_quote,512-010-416-105,A,DRIVE LINK ASSEMBLY - MAIN ROTOR CONTROL,manufactured,,Historical Part Requote,False,13,0.00,0.00,0.00,50
7544,6970992,completed,512-010-430-105,-,INTERRUPTER,manufactured,Stainless Steel 17-4,MS - Mill,True,10,1122.00,11220.00,11220.00,73
7545,6973449,completed,901-075-694-107,D,ISOLATOR,manufactured,Other,SM - Piece,True,253,21.29,5386.37,5386.37,53
7545,6973449,completed,901-075-694-107,D,ISOLATOR,manufactured,Other,SM - Piece,True,273,20.14,5498.22,5498.22,60
7545,6973449,completed,901-075-694-107,D,ISOLATOR,manufactured,Other,SM - Piece,True,342,19.67,6727.14,6727.14,60
7545,6973449,completed,901-075-694-107,D,ISOLATOR,manufactured,Other,SM - Piece,True,380,19.49,7406.20,7406.20,60
7545,6973449,completed,901-075-694-107,D,ISOLATOR,manufactured,Other,SM - Piece,True,411,19.36,7956.96,7956.96,60
7545,6973449,completed,901-075-694-107,D,ISOLATOR,manufactured,Other,SM - Piece,True,1659,15.01,24901.59,24901.59,100
7546,6974332,completed,A0488270,05,"LEFT TOP SHEET, 3/16 304SS, CLEANER FRA",manufactured,Stainless Steel 304L,SM - Piece W/HDWE,True,1,3370.00,3370.00,3970.00,70
7546,6974332,completed,A0488270,05,"LEFT TOP SHEET, 3/16 304SS, CLEANER FRA",manufactured,Stainless Steel 304L,SM - Piece W/HDWE,True,5,1850.00,9250.00,9850.00,70
7546,6974332,completed,A0488270,05,"LEFT TOP SHEET, 3/16 304SS, CLEANER FRA",manufactured,Stainless Steel 304L,SM - Piece W/HDWE,True,10,1650.00,16500.00,17100.00,70
7546,6974332,completed,A0488270,05,"LEFT TOP SHEET, 3/16 304SS, CLEANER FRA",manufactured,Stainless Steel 304L,SM - Piece W/HDWE,True,15,1590.00,23850.00,24450.00,70
7546,6974335,completed,A0488277,04,"BOTTOM RAIL, RIGHT, 3/16 304SS, CLEANER",manufactured,Stainless Steel 304L,SM - Piece,True,1,965.00,965.00,1565.00,70
7546,6974335,completed,A0488277,04,"BOTTOM RAIL, RIGHT, 3/16 304SS, CLEANER",manufactured,Stainless Steel 304L,SM - Piece,True,5,408.00,2040.00,2640.00,70
7546,6974335,completed,A0488277,04,"BOTTOM RAIL, RIGHT, 3/16 304SS, CLEANER",manufactured,Stainless Steel 304L,SM - Piece,True,10,339.00,3390.00,3990.00,70
7546,6974335,completed,A0488277,04,"BOTTOM RAIL, RIGHT, 3/16 304SS, CLEANER",manufactured,Stainless Steel 304L,SM - Piece,True,15,315.00,4725.00,5325.00,70
7546,6974354,completed,A0488279,02,"BOTTOM BACK RAIL, .1875 304SS, CLEANER F",assembled,Stainless Steel 304L,SM - Assy,True,1,2180.00,2180.00,2780.00,70
7546,6974354,completed,A0488279,02,"BOTTOM BACK RAIL, .1875 304SS, CLEANER F",assembled,Stainless Steel 304L,SM - Assy,True,5,1130.00,5650.00,6250.00,70
7546,6974354,completed,A0488279,02,"BOTTOM BACK RAIL, .1875 304SS, CLEANER F",assembled,Stainless Steel 304L,SM - Assy,True,10,996.00,9960.00,10560.00,70
7546,6974354,completed,A0488279,02,"BOTTOM BACK RAIL, .1875 304SS, CLEANER F",assembled,Stainless Steel 304L,SM - Assy,True,15,952.00,14280.00,14880.00,70
7546,6974339,completed,A0489144,09,"LEFT VERTICAL FLANGE, FRONT, 3/16 304SS",manufactured,Stainless Steel 304L,SM - Piece,True,1,769.00,769.00,1369.00,70
7546,6974339,completed,A0489144,09,"LEFT VERTICAL FLANGE, FRONT, 3/16 304SS",manufactured,Stainless Steel 304L,SM - Piece,True,5,296.00,1480.00,2080.00,70
7546,6974339,completed,A0489144,09,"LEFT VERTICAL FLANGE, FRONT, 3/16 304SS",manufactured,Stainless Steel 304L,SM - Piece,True,10,237.00,2370.00,2970.00,70
7546,6974339,completed,A0489144,09,"LEFT VERTICAL FLANGE, FRONT, 3/16 304SS",manufactured,Stainless Steel 304L,SM - Piece,True,15,217.00,3255.00,3855.00,70
7546,6974391,completed,A0489145,06,"LEFT VERTICAL FLANGE, BACK, 3/16 304SS,",manufactured,Stainless Steel 304L,SM - Piece,True,1,806.00,806.00,1406.00,70
7546,6974391,completed,A0489145,06,"LEFT VERTICAL FLANGE, BACK, 3/16 304SS,",manufactured,Stainless Steel 304L,SM - Piece,True,5,313.00,1565.00,2165.00,70
7546,6974391,completed,A0489145,06,"LEFT VERTICAL FLANGE, BACK, 3/16 304SS,",manufactured,Stainless Steel 304L,SM - Piece,True,10,252.00,2520.00,3120.00,70
7546,6974391,completed,A0489145,06,"LEFT VERTICAL FLANGE, BACK, 3/16 304SS,",manufactured,Stainless Steel 304L,SM - Piece,True,15,231.00,3465.00,4065.00,70
7547,6974581,not_started,0011-05624,03,"FACEPLATE, TEXTURED REV.3",manufactured,,Historical Part Requote,False,1,0.00,0.00,0.00,50
7547,6974581,not_started,0011-05624,03,"FACEPLATE, TEXTURED REV.3",manufactured,,Historical Part Requote,False,5,0.00,0.00,0.00,50
7547,6974581,not_started,0011-05624,03,"FACEPLATE, TEXTURED REV.3",manufactured,,Historical Part Requote,False,10,0.00,0.00,0.00,50
7547,6974581,not_started,0011-05624,03,"FACEPLATE, TEXTURED REV.3",manufactured,,Historical Part Requote,False,15,0.00,0.00,0.00,50
7548,6974563,completed,901-005-834-101,B,"CHASSIS, ASSY",manufactured,,,False,4,1476.00,5904.00,5904.00,70
7548,6974564,completed,901-005-835-101,A/C,"CHASSIS, ASSY",manufactured,,,False,3,1489.00,4467.00,4467.00,80
7548,6974565,completed,901-075-653-101,A,COVER PLATE,manufactured,,,False,9,243.00,2187.00,2187.00,60
7548,6974566,completed,901-375-662-104,B,CHASSIS ASSY RH,manufactured,,Historical Part Requote,False,9,704.00,6336.00,6336.00,70
7548,6974567,completed,901-005-836-101,A,CHASSIS ASSY,manufactured,,Historical Part Requote,False,4,1596.00,6384.00,6384.00,80
7548,6974568,completed,901-005-854-101,A,CHASSIS ASSY,manufactured,,Historical Part Requote,False,4,1319.00,5276.00,5276.00,80
7548,6974569,completed,901-005-837-101,B,CHASSIS ASSY,manufactured,,Historical Part Requote,False,5,1633.00,8165.00,8165.00,80
7548,6974570,completed,901-005-843-101,,"CHASSIS, ASSY",manufactured,,Historical Part Requote,False,4,1709.00,6836.00,6836.00,80
7548,6974571,completed,901-005-844-101,,"CHASSIS, ASSY",manufactured,,Historical Part Requote,False,3,1987.00,5961.00,5961.00,80
7549,6974625,completed,200K21-00359,02,"PLATE, DIN RAIL",manufactured,Aluminum 6061-T6,SM - Piece,True,10,115.00,1150.00,1750.00,52
7550,6975413,completed,0042-07542,01,"SPREADER BAR, WCI, BF-1",manufactured,Aluminum 6061-T6,MS - Mill,True,1,1940.00,1940.00,3740.00,70
7550,6975413,completed,0042-07542,01,"SPREADER BAR, WCI, BF-1",manufactured,Aluminum 6061-T6,MS - Mill,True,5,929.00,4645.00,6445.00,66
7550,6975413,completed,0042-07542,01,"SPREADER BAR, WCI, BF-1",manufactured,Aluminum 6061-T6,MS - Mill,True,10,802.00,8020.00,9820.00,67
7550,6975413,completed,0042-07542,01,"SPREADER BAR, WCI, BF-1",manufactured,Aluminum 6061-T6,MS - Mill,True,25,726.00,18150.00,19950.00,72
7550,6975413,completed,0042-07542,01,"SPREADER BAR, WCI, BF-1",manufactured,Aluminum 6061-T6,MS - Mill,True,50,701.00,35050.00,35050.00,79
7551,7096277,completed,0022-28562,05,"PLATE, NUT, SHIELD, ADAPTER, 600MM",manufactured,Nitronic 60,MS - Mill,True,315,81.50,25672.50,25672.50,60
7552,6979393,completed,901-375-659-101,A,"CHASSIS ASSY, WIRING INTEGRATION, LH NAC",manufactured,,,False,1,6062.00,6062.00,6062.00,80
7552,6979394,completed,901-075-670-103,C,COVER PLATE ASSY,manufactured,,,False,1,3286.00,3286.00,3286.00,70
7552,6979395,completed,901-075-669-101,A,"COVER PLATE, WIRING INTEGRATION, LH NAC",manufactured,,,False,1,1231.00,1231.00,1231.00,60
7553,6982678,not_started,0020-23847,07,"CLAMP, MEDIUM, SHIELD, INNER, 300MM SIP",manufactured,Nitronic 60,MS - Mill,True,15,78.80,1182.00,1982.00,53
7554,6982781,not_started,0021-35981,BB,"ENCLOSURE, GAS PANEL 5200 CENTURA",manufactured,,Historical Part Requote,False,1,0.00,0.00,0.00,50
7554,6982781,not_started,0021-35981,BB,"ENCLOSURE, GAS PANEL 5200 CENTURA",manufactured,,Historical Part Requote,False,5,0.00,0.00,0.00,50
7554,6982781,not_started,0021-35981,BB,"ENCLOSURE, GAS PANEL 5200 CENTURA",manufactured,,Historical Part Requote,False,10,0.00,0.00,0.00,50
7555,6982840,completed,04-P10225B28,H,CONTACT PIN TYPE PLATED,manufactured,Brass 360,MS - Lathe,True,10,213.00,2130.00,2930.00,56
7555,6982840,completed,04-P10225B28,H,CONTACT PIN TYPE PLATED,manufactured,Brass 360,MS - Lathe,True,450,23.89,10750.50,11550.50,90
7556,6990493,completed,512-030-510-074,A,Clip Sidebody to Roof Longeron V2 RH,manufactured,Aluminum 7075-T651,MS - Mill,True,22,152.00,3344.00,3824.00,51
7557,6990519,completed,512-030-510-071,A,Clip Sidebody to Roof Longeron V1 LH,manufactured,Aluminum 7075-T651,MS - Mill,True,22,205.00,4510.00,4990.00,52
7558,6990550,completed,512-045-404-103,-,ADAPTER FILLER CAP - IGB,manufactured,Aluminum 2024-T351,MS - Lathe,True,9,524.00,4716.00,4716.00,70
7559,6990752,no_quote,512-030-610-131,A,WIRE WAY SEPARATION WALL,manufactured,,Historical Part Requote,False,19,0.00,0.00,0.00,50
7560,6991023,completed,512-030-110-351,A,WIRE WAY SEPARATION WALL,manufactured,Aluminum 6013-T4,SM - Piece (combo),True,22,143.00,3146.00,3146.00,60
7561,6991078,completed,512-041-251-101,-,SHROUD INPUT IDLER - RGB,manufactured,Aluminum 7050-T7451,MS - Mill,True,14,2868.00,40152.00,48212.00,80
7562,6991116,completed,512-030-510-084,A,Clip Sidebody to Baggage Bay Floor V3,manufactured,Aluminum 7075-T651,MS - Mill,True,22,183.00,4026.00,4506.00,55
7563,6991379,no_quote,512-030-610-253,-,ANGLE FWD LHS - RAILS,manufactured,,Historical Part Requote,False,11,0.00,0.00,0.00,50
7563,6991396,no_quote,512-030-600-295,-,ANGLE AFT LHS ASSEMBLY - RAILS,manufactured,,Historical Part Requote,False,11,0.00,0.00,0.00,50
7564,6991507,completed,512-030-100-433,-,Bracket Assembly Radome Damper,manufactured,Aluminum 7050-T7451,MS - Mill,True,28,226.00,6328.00,7938.00,70
7565,6991789,completed,512-030-401-305,A,MID CABIN BULKHEAD DOUBLER ASSEMBLY,manufactured,Stainless Steel 301 1/4 Hard,SM - Piece (combo),True,17,997.00,16949.00,16949.00,70
7566,6991969,completed,512-030-530-273,-,SUPPORT FITTING DRAIN PAN - FWD RH,manufactured,Aluminum 7050-T7451,MS - Mill,True,13,332.00,4316.00,5966.00,70
7567,6992141,completed,512-030-640-027,-,SHIM HANGER BEARING SUPPORT- AFT FUSE,manufactured,Other,Sub-Contract,True,78,47.70,3720.60,3720.60,160
7568,6992211,completed,512-030-610-225,-,STRAP BONDING - UPR LONGERON RH,manufactured,Aluminum 1100,SM - Piece,True,17,834.00,14178.00,14178.00,70
7569,6993154,completed,0010-82136,02,ASSEMBLY UPPER FRAME,manufactured,,Historical Part Requote,False,1,8500.00,8500.00,8500.00,50
7569,6993154,completed,0010-82136,02,ASSEMBLY UPPER FRAME,manufactured,,Historical Part Requote,False,2,5800.00,11600.00,11600.00,50
7569,6993154,completed,0010-82136,02,ASSEMBLY UPPER FRAME,manufactured,,Historical Part Requote,False,4,5800.00,23200.00,23200.00,50
7569,6993154,completed,0010-82136,02,ASSEMBLY UPPER FRAME,manufactured,,Historical Part Requote,False,6,5800.00,34800.00,34800.00,50
7569,6993154,completed,0010-82136,02,ASSEMBLY UPPER FRAME,manufactured,,Historical Part Requote,False,8,5800.00,46400.00,46400.00,50
7569,6993154,completed,0010-82136,02,ASSEMBLY UPPER FRAME,manufactured,,Historical Part Requote,False,10,5800.00,58000.00,58000.00,50
7570,6993247,completed,02-5C0203,C,HOUSING,manufactured,,Historical Part Requote,False,5,492.00,2460.00,2460.00,60
7570,6993247,completed,02-5C0203,C,HOUSING,manufactured,,Historical Part Requote,False,10,324.00,3240.00,3240.00,60
7571,6994096,not_started,13670679,A,STACKUP SPACER,manufactured,,Historical Part Requote,False,12,0.00,0.00,0.00,50
7571,6994096,not_started,13670679,A,STACKUP SPACER,manufactured,,Historical Part Requote,False,24,0.00,0.00,0.00,50
7571,6994096,not_started,13670679,A,STACKUP SPACER,manufactured,,Historical Part Requote,False,60,0.00,0.00,0.00,50
7571,6994096,not_started,13670679,A,STACKUP SPACER,manufactured,,Historical Part Requote,False,120,0.00,0.00,0.00,50
7571,6994096,not_started,13670679,A,STACKUP SPACER,manufactured,,Historical Part Requote,False,180,0.00,0.00,0.00,50
7571,6994096,not_started,13670679,A,STACKUP SPACER,manufactured,,Historical Part Requote,False,240,0.00,0.00,0.00,50
7571,6994096,not_started,13670679,A,STACKUP SPACER,manufactured,,Historical Part Requote,False,600,0.00,0.00,0.00,50
7571,6994097,not_started,13686104-571,B,,manufactured,,Historical Part Requote,False,1,0.00,0.00,0.00,50
7571,6994097,not_started,13686104-571,B,,manufactured,,Historical Part Requote,False,2,0.00,0.00,0.00,50
7571,6994097,not_started,13686104-571,B,,manufactured,,Historical Part Requote,False,5,0.00,0.00,0.00,50
7571,6994097,not_started,13686104-571,B,,manufactured,,Historical Part Requote,False,10,0.00,0.00,0.00,50
7571,6994097,not_started,13686104-571,B,,manufactured,,Historical Part Requote,False,15,0.00,0.00,0.00,50
7571,6994097,not_started,13686104-571,B,,manufactured,,Historical Part Requote,False,20,0.00,0.00,0.00,50
7571,6994097,not_started,13686104-571,B,,manufactured,,Historical Part Requote,False,50,0.00,0.00,0.00,50
7571,6994098,not_started,13686294-001,C,TRAILER-MRP GROUNDING ADAPTER,manufactured,,Historical Part Requote,False,1,0.00,0.00,0.00,50
7571,6994098,not_started,13686294-001,C,TRAILER-MRP GROUNDING ADAPTER,manufactured,,Historical Part Requote,False,2,0.00,0.00,0.00,50
7571,6994098,not_started,13686294-001,C,TRAILER-MRP GROUNDING ADAPTER,manufactured,,Historical Part Requote,False,5,0.00,0.00,0.00,50
7571,6994098,not_started,13686294-001,C,TRAILER-MRP GROUNDING ADAPTER,manufactured,,Historical Part Requote,False,10,0.00,0.00,0.00,50
7571,6994098,not_started,13686294-001,C,TRAILER-MRP GROUNDING ADAPTER,manufactured,,Historical Part Requote,False,15,0.00,0.00,0.00,50
7571,6994098,not_started,13686294-001,C,TRAILER-MRP GROUNDING ADAPTER,manufactured,,Historical Part Requote,False,20,0.00,0.00,0.00,50
7571,6994098,not_started,13686294-001,C,TRAILER-MRP GROUNDING ADAPTER,manufactured,,Historical Part Requote,False,50,0.00,0.00,0.00,50
7572,6999833,completed,449-030-237-109,A,SUPPORT ASSY,manufactured,,Historical Part Requote,False,32,458.00,14656.00,14656.00,70
7572,6999839,completed,449-030-237-131,B,SUPPORT ASSY,manufactured,,Historical Part Requote,False,35,258.00,9030.00,9030.00,70
7573,6999913,completed,512-030-510-079,A,Clip Sidebody to Baggage Bay Floor V0,manufactured,Aluminum 7075-T651,MS - Mill,True,21,152.00,3192.00,4272.00,70
7574,7000015,completed,512-034-730-045,A,Corner Fitting LWR LH - Vertical Fin,manufactured,Aluminum 7050-T7451,MS - Mill,True,20,303.00,6060.00,7380.00,63
7575,7000141,completed,512-034-730-153,-,CLIP HANGER BEARING - TAILBOOM,manufactured,Titanium Ti-6Al-4V (Grade 5),MS - Mill,True,13,2233.00,29029.00,32409.00,70
7576,7000167,completed,512-030-530-257,-,STRIKER SERRATED PLATE AFT UPR - SLIDIN,manufactured,Stainless Steel 17-4,MS - Mill,True,25,847.00,21175.00,23725.00,80
7577,7001372,not_started,E170501211,A,"SUBFRAME, INJECTOR CHAMBER",manufactured,,Historical Part Requote,False,10,0.00,0.00,0.00,50
7577,7001372,not_started,E170501211,A,"SUBFRAME, INJECTOR CHAMBER",manufactured,,Historical Part Requote,False,25,0.00,0.00,0.00,50
7577,7001372,not_started,E170501211,A,"SUBFRAME, INJECTOR CHAMBER",manufactured,,Historical Part Requote,False,50,0.00,0.00,0.00,50
7578,7001071,completed,D250U0320300,A,"DETAIL, USB & AUDIO JACK COVER",manufactured,,Historical Part Requote,False,1,0.00,0.00,0.00,50
7578,7001071,completed,D250U0320300,A,"DETAIL, USB & AUDIO JACK COVER",manufactured,,Historical Part Requote,False,3,0.00,0.00,0.00,50
7578,7001072,completed,D250U0320300,A1,"DETAIL, USB & AUDIO JACK COVER",manufactured,,Historical Part Requote,False,1,0.00,0.00,0.00,50
7578,7001072,completed,D250U0320300,A1,"DETAIL, USB & AUDIO JACK COVER",manufactured,,Historical Part Requote,False,2,0.00,0.00,0.00,50
7578,7001072,completed,D250U0320300,A1,"DETAIL, USB & AUDIO JACK COVER",manufactured,,Historical Part Requote,False,4,0.00,0.00,0.00,50
7579,7001206,not_started,0023-42119,01,MVDA 3/8 TO NW12 ADAPTER,manufactured,,,False,6,0.00,0.00,0.00,0
7579,7001207,not_started,0023-42493,01,CUSTOM FLANGE BOTTOM FOR SMC FLOW SWITCH,manufactured,,,False,4,0.00,0.00,0.00,0
7579,7001208,not_started,0023-42510,01,CUSTOM TOP FLANGE FOR SMC FLOW SWITCH 1,manufactured,,,False,2,0.00,0.00,0.00,0
7579,7001209,not_started,0023-42513,01,CUSTOM TOP FLANGE FOR SMC FLOW SWITCH 1,manufactured,,,False,2,0.00,0.00,0.00,0
7580,7001538,no_quote,0020-15996,05,NUT PLATE,manufactured,,NQ - Not a Core Competency,False,550,0.00,0.00,0.00,5
7581,7015694,completed,842-447131-1,A,"SHROUD ASSY,OXYGEN SYSTEM",assembled,,Historical Part Requote,False,1,1859.00,1859.00,1859.00,70
7581,7015696,completed,BACP10U0037VC,AC,"PANEL ASSY,FILLER OR CONTROL MOUNTING",manufactured,,Historical Part Requote,False,2,561.00,1122.00,1122.00,60
7582,7015993,completed,0043-00669,02,AMPOULE_SPILLTRAY_FLATBOTTOM_COMPRESSION,assembled,Stainless Steel 304L,SM - Assy,True,1,205.00,205.00,205.00,50
7582,7015993,completed,0043-00669,02,AMPOULE_SPILLTRAY_FLATBOTTOM_COMPRESSION,assembled,Stainless Steel 304L,SM - Assy,True,100,205.00,20500.00,20500.00,50
7582,7015993,completed,0043-00669,02,AMPOULE_SPILLTRAY_FLATBOTTOM_COMPRESSION,assembled,Stainless Steel 304L,SM - Assy,True,1000,205.00,205000.00,205000.00,147
7583,7020419,completed,512-034-710-229,-,STRAP BONDING - TAILBOOM,manufactured,Aluminum 1100,SM - Piece,True,15,397.00,5955.00,5955.00,70
7583,7020421,completed,512-034-710-231,-,STRAP BONDING - TAILBOOM,manufactured,Aluminum 1100,SM - Piece,True,15,364.00,5460.00,6070.00,70
7583,7020422,completed,512-034-710-237,-,STRAP BONDING - TAILBOOM,manufactured,Aluminum 1100,SM - Piece,True,15,529.00,7935.00,8545.00,70
7584,7020434,completed,512-030-401-081,A,HOUSING ASSY- RECEPTACLE AC PWR KIT,manufactured,Aluminum 7050-T7451,MS - Mill,True,1,5241.00,5241.00,7821.00,70
7584,7020434,completed,512-030-401-081,A,HOUSING ASSY- RECEPTACLE AC PWR KIT,manufactured,Aluminum 7050-T7451,MS - Mill,True,3,2791.00,8373.00,10953.00,70
7584,7020434,completed,512-030-401-081,A,HOUSING ASSY- RECEPTACLE AC PWR KIT,manufactured,Aluminum 7050-T7451,MS - Mill,True,5,2299.00,11495.00,14075.00,70
7585,7020491,completed,512-030-610-073,-,CLIP HANGER BEARING FRAME,manufactured,Titanium Grade 4,SM - Piece (combo),True,16,243.00,3888.00,3888.00,60
7585,7020492,completed,512-030-610-075,-,CLIP HANGER BEARING FRAME,manufactured,Titanium Grade 4,SM - Piece (combo),True,16,243.00,3888.00,3888.00,44
7586,7020514,completed,512-030-100-437,B,Bracket Assy Ground Module 4,manufactured,Aluminum 6013-T4,SM - Piece (combo),True,42,147.00,6174.00,6174.00,60
7587,7020519,no_quote,512-069-410-109,-,WELD ASSY-SUPPORT CL FIREWALL INSULATION,manufactured,,Historical Part Requote,False,9,0.00,0.00,0.00,50
7588,7020531,completed,512-030-510-139,-,STRAP BONDING,manufactured,Aluminum 1100,SM - Piece (combo),True,21,132.00,2772.00,2772.00,60
7589,7020540,completed,512-034-700-081,A,BRACKET ASSY HYD DISCONNECT,manufactured,Aluminum 6013-T4,SM - Piece (combo),True,22,97.09,2135.98,2135.98,60
7589,7020541,completed,512-034-700-083,A,BRACKET ASSY HYD DISCONNECT,manufactured,Aluminum 6013-T4,SM - Piece (combo),True,22,97.09,2135.98,2135.98,47
7590,7020586,not_started,0040-20445,03,POST LONG FRAME SUPPORT,manufactured,,Historical Part Requote,False,1,0.00,0.00,0.00,50
7590,7020586,not_started,0040-20445,03,POST LONG FRAME SUPPORT,manufactured,,Historical Part Requote,False,5,0.00,0.00,0.00,50
7590,7020586,not_started,0040-20445,03,POST LONG FRAME SUPPORT,manufactured,,Historical Part Requote,False,10,0.00,0.00,0.00,50
7590,7020586,not_started,0040-20445,03,POST LONG FRAME SUPPORT,manufactured,,Historical Part Requote,False,15,0.00,0.00,0.00,50
7590,7020586,not_started,0040-20445,03,POST LONG FRAME SUPPORT,manufactured,,Historical Part Requote,False,20,0.00,0.00,0.00,50
7590,7020586,not_started,0040-20445,03,POST LONG FRAME SUPPORT,manufactured,,Historical Part Requote,False,40,0.00,0.00,0.00,50
7591,7020590,completed,0023-40081,02,"BLANKOFF, RPS MANIFOLD, TRILLIUM PEALD",manufactured,Aluminum 6061-T6,MS - Mill,True,1,1010.00,1010.00,1810.00,70
7591,7020590,completed,0023-40081,02,"BLANKOFF, RPS MANIFOLD, TRILLIUM PEALD",manufactured,Aluminum 6061-T6,MS - Mill,True,5,231.00,1155.00,1955.00,70
7591,7020590,completed,0023-40081,02,"BLANKOFF, RPS MANIFOLD, TRILLIUM PEALD",manufactured,Aluminum 6061-T6,MS - Mill,True,10,134.00,1340.00,2140.00,70
7591,7020590,completed,0023-40081,02,"BLANKOFF, RPS MANIFOLD, TRILLIUM PEALD",manufactured,Aluminum 6061-T6,MS - Mill,True,15,101.00,1515.00,2315.00,70
7592,7108301,completed,0043-07542,01,REAR COVER CH AC BOX,manufactured,Steel (Galvanized),SM - Piece W/HDWE,True,1,488.00,488.00,988.00,46
7592,7108301,completed,0043-07542,01,REAR COVER CH AC BOX,manufactured,Steel (Galvanized),SM - Piece W/HDWE,True,5,165.00,825.00,1325.00,46
7592,7108301,completed,0043-07542,01,REAR COVER CH AC BOX,manufactured,Steel (Galvanized),SM - Piece W/HDWE,True,10,113.00,1130.00,1630.00,46
7592,7108301,completed,0043-07542,01,REAR COVER CH AC BOX,manufactured,Steel (Galvanized),SM - Piece W/HDWE,True,25,80.68,2017.00,2517.00,47
7592,7108301,completed,0043-07542,01,REAR COVER CH AC BOX,manufactured,Steel (Galvanized),SM - Piece W/HDWE,True,50,69.98,3499.00,3499.00,48
7593,7029674,completed,901-075-669-101,B,9B05441-001 COVER PLATE,manufactured,,,False,13,172.00,2236.00,2236.00,60
7593,7029675,completed,901-075-670-103,C,9B05441-001,manufactured,,,False,13,1432.00,18616.00,18616.00,70
7594,7029960,not_started,Holder 01,,,manufactured,Aluminum 6061-T6,MS - Mill,False,2,485.00,970.00,1770.00,47
7596,7042070,completed,E170228070,B,"E170228070-PLATE, EMI CLAMP",manufactured,Stainless Steel 304L,SM - Piece,True,1,410.00,410.00,1010.00,70
7596,7042070,completed,E170228070,B,"E170228070-PLATE, EMI CLAMP",manufactured,Stainless Steel 304L,SM - Piece,True,5,92.80,464.00,1064.00,70
7596,7042070,completed,E170228070,B,"E170228070-PLATE, EMI CLAMP",manufactured,Stainless Steel 304L,SM - Piece,True,15,40.07,601.05,1201.05,70
7596,7042070,completed,E170228070,B,"E170228070-PLATE, EMI CLAMP",manufactured,Stainless Steel 304L,SM - Piece,True,25,29.52,738.00,1338.00,70
7596,7042070,completed,E170228070,B,"E170228070-PLATE, EMI CLAMP",manufactured,Stainless Steel 304L,SM - Piece,True,50,21.60,1080.00,1080.00,70
7596,7042070,completed,E170228070,B,"E170228070-PLATE, EMI CLAMP",manufactured,Stainless Steel 304L,SM - Piece,True,75,18.96,1422.00,1422.00,70
7596,7042070,completed,E170228070,B,"E170228070-PLATE, EMI CLAMP",manufactured,Stainless Steel 304L,SM - Piece,True,150,16.41,2461.50,2461.50,70
7596,7042070,completed,E170228070,B,"E170228070-PLATE, EMI CLAMP",manufactured,Stainless Steel 304L,SM - Piece,True,500,14.60,7300.00,7300.00,70
7596,7042071,completed,E17193240,A,"E17193240-PANEL,FRONT,BLANK,PSI-2",manufactured,Aluminum 6061-T6,SM - Piece,True,1,521.00,521.00,1121.00,70
7596,7042071,completed,E17193240,A,"E17193240-PANEL,FRONT,BLANK,PSI-2",manufactured,Aluminum 6061-T6,SM - Piece,True,5,114.00,570.00,1170.00,70
7596,7042071,completed,E17193240,A,"E17193240-PANEL,FRONT,BLANK,PSI-2",manufactured,Aluminum 6061-T6,SM - Piece,True,15,45.67,685.05,1285.05,70
7596,7042071,completed,E17193240,A,"E17193240-PANEL,FRONT,BLANK,PSI-2",manufactured,Aluminum 6061-T6,SM - Piece,True,25,32.08,802.00,1402.00,70
7596,7042071,completed,E17193240,A,"E17193240-PANEL,FRONT,BLANK,PSI-2",manufactured,Aluminum 6061-T6,SM - Piece,True,50,21.92,1096.00,1096.00,70
7596,7042071,completed,E17193240,A,"E17193240-PANEL,FRONT,BLANK,PSI-2",manufactured,Aluminum 6061-T6,SM - Piece,True,75,18.53,1389.75,1389.75,70
7596,7042071,completed,E17193240,A,"E17193240-PANEL,FRONT,BLANK,PSI-2",manufactured,Aluminum 6061-T6,SM - Piece,True,150,15.22,2283.00,2283.00,70
7596,7042071,completed,E17193240,A,"E17193240-PANEL,FRONT,BLANK,PSI-2",manufactured,Aluminum 6061-T6,SM - Piece,True,500,12.88,6440.00,6440.00,70
7596,7042072,completed,E17213952,A,"E17213952-BLOCK,MOUNTING,5 1/4 HALF RACK",manufactured,Aluminum 6061-T6,MS - Mill,True,1,531.00,531.00,1331.00,70
7596,7042072,completed,E17213952,A,"E17213952-BLOCK,MOUNTING,5 1/4 HALF RACK",manufactured,Aluminum 6061-T6,MS - Mill,True,5,128.00,640.00,1440.00,70
7596,7042072,completed,E17213952,A,"E17213952-BLOCK,MOUNTING,5 1/4 HALF RACK",manufactured,Aluminum 6061-T6,MS - Mill,True,15,60.20,903.00,1703.00,70
7596,7042072,completed,E17213952,A,"E17213952-BLOCK,MOUNTING,5 1/4 HALF RACK",manufactured,Aluminum 6061-T6,MS - Mill,True,25,46.72,1168.00,1968.00,70
7596,7042072,completed,E17213952,A,"E17213952-BLOCK,MOUNTING,5 1/4 HALF RACK",manufactured,Aluminum 6061-T6,MS - Mill,True,50,36.64,1832.00,1832.00,70
7596,7042072,completed,E17213952,A,"E17213952-BLOCK,MOUNTING,5 1/4 HALF RACK",manufactured,Aluminum 6061-T6,MS - Mill,True,75,33.28,2496.00,2496.00,70
7596,7042072,completed,E17213952,A,"E17213952-BLOCK,MOUNTING,5 1/4 HALF RACK",manufactured,Aluminum 6061-T6,MS - Mill,True,150,30.09,4513.50,4513.50,70
7596,7042072,completed,E17213952,A,"E17213952-BLOCK,MOUNTING,5 1/4 HALF RACK",manufactured,Aluminum 6061-T6,MS - Mill,True,500,27.83,13915.00,13915.00,70
7596,7042073,completed,E17193290,B,"E17193290-PLATE,1.75 CONNECTOR",manufactured,CRS,SM - Piece,True,1,525.00,525.00,1125.00,70
7596,7042073,completed,E17193290,B,"E17193290-PLATE,1.75 CONNECTOR",manufactured,CRS,SM - Piece,True,5,117.00,585.00,1185.00,70
7596,7042073,completed,E17193290,B,"E17193290-PLATE,1.75 CONNECTOR",manufactured,CRS,SM - Piece,True,15,48.80,732.00,1332.00,70
7596,7042073,completed,E17193290,B,"E17193290-PLATE,1.75 CONNECTOR",manufactured,CRS,SM - Piece,True,25,35.16,879.00,1479.00,70
7596,7042073,completed,E17193290,B,"E17193290-PLATE,1.75 CONNECTOR",manufactured,CRS,SM - Piece,True,50,24.96,1248.00,1248.00,70
7596,7042073,completed,E17193290,B,"E17193290-PLATE,1.75 CONNECTOR",manufactured,CRS,SM - Piece,True,75,21.56,1617.00,1617.00,70
7596,7042073,completed,E17193290,B,"E17193290-PLATE,1.75 CONNECTOR",manufactured,CRS,SM - Piece,True,150,18.25,2737.50,2737.50,70
7596,7042073,completed,E17193290,B,"E17193290-PLATE,1.75 CONNECTOR",manufactured,CRS,SM - Piece,True,500,15.92,7960.00,7960.00,70
7596,7042074,completed,E17567800,A,"E17567800-CLIP PD,TINNED",manufactured,Copper 110,SM - Piece,True,1,544.00,544.00,1144.00,70
7596,7042074,completed,E17567800,A,"E17567800-CLIP PD,TINNED",manufactured,Copper 110,SM - Piece,True,5,117.00,585.00,1185.00,70
7596,7042074,completed,E17567800,A,"E17567800-CLIP PD,TINNED",manufactured,Copper 110,SM - Piece,True,15,45.13,676.95,1276.95,70
7596,7042074,completed,E17567800,A,"E17567800-CLIP PD,TINNED",manufactured,Copper 110,SM - Piece,True,25,30.88,772.00,1372.00,70
7596,7042074,completed,E17567800,A,"E17567800-CLIP PD,TINNED",manufactured,Copper 110,SM - Piece,True,50,20.18,1009.00,1009.00,70
7596,7042074,completed,E17567800,A,"E17567800-CLIP PD,TINNED",manufactured,Copper 110,SM - Piece,True,75,16.61,1245.75,1245.75,70
7596,7042074,completed,E17567800,A,"E17567800-CLIP PD,TINNED",manufactured,Copper 110,SM - Piece,True,150,13.12,1968.00,1968.00,70
7596,7042074,completed,E17567800,A,"E17567800-CLIP PD,TINNED",manufactured,Copper 110,SM - Piece,True,500,10.65,5325.00,5325.00,70
7596,7042075,completed,E17292430,A,"E17292430-BRACKET,SWITCH,VALVE SENSE",manufactured,Stainless Steel 304L,SM - Piece,True,1,344.00,344.00,944.00,70
7596,7042075,completed,E17292430,A,"E17292430-BRACKET,SWITCH,VALVE SENSE",manufactured,Stainless Steel 304L,SM - Piece,True,5,76.40,382.00,982.00,70
7596,7042075,completed,E17292430,A,"E17292430-BRACKET,SWITCH,VALVE SENSE",manufactured,Stainless Steel 304L,SM - Piece,True,15,31.67,475.05,1075.05,70
7596,7042075,completed,E17292430,A,"E17292430-BRACKET,SWITCH,VALVE SENSE",manufactured,Stainless Steel 304L,SM - Piece,True,25,22.76,569.00,1169.00,70
7596,7042075,completed,E17292430,A,"E17292430-BRACKET,SWITCH,VALVE SENSE",manufactured,Stainless Steel 304L,SM - Piece,True,50,16.04,802.00,802.00,70
7596,7042075,completed,E17292430,A,"E17292430-BRACKET,SWITCH,VALVE SENSE",manufactured,Stainless Steel 304L,SM - Piece,True,75,13.81,1035.75,1035.75,70
7596,7042075,completed,E17292430,A,"E17292430-BRACKET,SWITCH,VALVE SENSE",manufactured,Stainless Steel 304L,SM - Piece,True,150,11.64,1746.00,1746.00,70
7596,7042075,completed,E17292430,A,"E17292430-BRACKET,SWITCH,VALVE SENSE",manufactured,Stainless Steel 304L,SM - Piece,True,500,10.11,5055.00,5055.00,70
7596,7042076,completed,E17302030,A,"E17302030-PANEL, BLANK, HALF, 2U",manufactured,Aluminum 6061-T6,SM - Piece,True,1,493.00,493.00,1093.00,70
7596,7042076,completed,E17302030,A,"E17302030-PANEL, BLANK, HALF, 2U",manufactured,Aluminum 6061-T6,SM - Piece,True,5,109.00,545.00,1145.00,70
7596,7042076,completed,E17302030,A,"E17302030-PANEL, BLANK, HALF, 2U",manufactured,Aluminum 6061-T6,SM - Piece,True,15,45.00,675.00,1275.00,70
7596,7042076,completed,E17302030,A,"E17302030-PANEL, BLANK, HALF, 2U",manufactured,Aluminum 6061-T6,SM - Piece,True,25,32.20,805.00,1405.00,70
7596,7042076,completed,E17302030,A,"E17302030-PANEL, BLANK, HALF, 2U",manufactured,Aluminum 6061-T6,SM - Piece,True,50,22.60,1130.00,1130.00,70
7596,7042076,completed,E17302030,A,"E17302030-PANEL, BLANK, HALF, 2U",manufactured,Aluminum 6061-T6,SM - Piece,True,75,19.39,1454.25,1454.25,70
7596,7042076,completed,E17302030,A,"E17302030-PANEL, BLANK, HALF, 2U",manufactured,Aluminum 6061-T6,SM - Piece,True,150,16.28,2442.00,2442.00,70
7596,7042076,completed,E17302030,A,"E17302030-PANEL, BLANK, HALF, 2U",manufactured,Aluminum 6061-T6,SM - Piece,True,500,14.08,7040.00,7040.00,70
7596,7042077,completed,E17866671,A,"E17866671-MAIN PD, BREAKER MOUNTING LOAD CENTER",manufactured,CRS,SM - Piece W/HDWE,True,1,775.00,775.00,1775.00,70
7596,7042077,completed,E17866671,A,"E17866671-MAIN PD, BREAKER MOUNTING LOAD CENTER",manufactured,CRS,SM - Piece W/HDWE,True,5,306.00,1530.00,2530.00,70
7596,7042077,completed,E17866671,A,"E17866671-MAIN PD, BREAKER MOUNTING LOAD CENTER",manufactured,CRS,SM - Piece W/HDWE,True,15,240.00,3600.00,4600.00,70
7596,7042077,completed,E17866671,A,"E17866671-MAIN PD, BREAKER MOUNTING LOAD CENTER",manufactured,CRS,SM - Piece W/HDWE,True,25,212.00,5300.00,6300.00,70
7596,7042077,completed,E17866671,A,"E17866671-MAIN PD, BREAKER MOUNTING LOAD CENTER",manufactured,CRS,SM - Piece W/HDWE,True,50,200.00,10000.00,11000.00,70
7596,7042077,completed,E17866671,A,"E17866671-MAIN PD, BREAKER MOUNTING LOAD CENTER",manufactured,CRS,SM - Piece W/HDWE,True,75,195.00,14625.00,14625.00,70
7596,7042077,completed,E17866671,A,"E17866671-MAIN PD, BREAKER MOUNTING LOAD CENTER",manufactured,CRS,SM - Piece W/HDWE,True,150,192.00,28800.00,28800.00,70
7596,7042077,completed,E17866671,A,"E17866671-MAIN PD, BREAKER MOUNTING LOAD CENTER",manufactured,CRS,SM - Piece W/HDWE,True,500,189.00,94500.00,94500.00,70
7596,7042078,completed,E17383000,C,"E17383000-BRACKET,DI WATER MANIFOLD,SUPPLY",manufactured,Stainless Steel 304L,SM - Piece,True,1,436.00,436.00,1036.00,70
7596,7042078,completed,E17383000,C,"E17383000-BRACKET,DI WATER MANIFOLD,SUPPLY",manufactured,Stainless Steel 304L,SM - Piece,True,5,109.00,545.00,1145.00,70
7596,7042078,completed,E17383000,C,"E17383000-BRACKET,DI WATER MANIFOLD,SUPPLY",manufactured,Stainless Steel 304L,SM - Piece,True,15,54.13,811.95,1411.95,70
7596,7042078,completed,E17383000,C,"E17383000-BRACKET,DI WATER MANIFOLD,SUPPLY",manufactured,Stainless Steel 304L,SM - Piece,True,25,43.20,1080.00,1680.00,70
7596,7042078,completed,E17383000,C,"E17383000-BRACKET,DI WATER MANIFOLD,SUPPLY",manufactured,Stainless Steel 304L,SM - Piece,True,50,35.02,1751.00,1751.00,70
7596,7042078,completed,E17383000,C,"E17383000-BRACKET,DI WATER MANIFOLD,SUPPLY",manufactured,Stainless Steel 304L,SM - Piece,True,75,32.31,2423.25,2423.25,70
7596,7042078,completed,E17383000,C,"E17383000-BRACKET,DI WATER MANIFOLD,SUPPLY",manufactured,Stainless Steel 304L,SM - Piece,True,150,29.75,4462.50,4462.50,70
7596,7042078,completed,E17383000,C,"E17383000-BRACKET,DI WATER MANIFOLD,SUPPLY",manufactured,Stainless Steel 304L,SM - Piece,True,500,27.93,13965.00,13965.00,70
7596,7042079,completed,E17328491,B,"E17328491-RAIL, TUBE SUPPORT, 6 LG.",manufactured,Stainless Steel 303,SM - Piece,True,1,346.00,346.00,946.00,70
7596,7042079,completed,E17328491,B,"E17328491-RAIL, TUBE SUPPORT, 6 LG.",manufactured,Stainless Steel 303,SM - Piece,True,5,77.20,386.00,986.00,70
7596,7042079,completed,E17328491,B,"E17328491-RAIL, TUBE SUPPORT, 6 LG.",manufactured,Stainless Steel 303,SM - Piece,True,15,32.40,486.00,1086.00,70
7596,7042079,completed,E17328491,B,"E17328491-RAIL, TUBE SUPPORT, 6 LG.",manufactured,Stainless Steel 303,SM - Piece,True,25,23.44,586.00,1186.00,70
7596,7042079,completed,E17328491,B,"E17328491-RAIL, TUBE SUPPORT, 6 LG.",manufactured,Stainless Steel 303,SM - Piece,True,50,16.72,836.00,836.00,70
7596,7042079,completed,E17328491,B,"E17328491-RAIL, TUBE SUPPORT, 6 LG.",manufactured,Stainless Steel 303,SM - Piece,True,75,14.48,1086.00,1086.00,70
7596,7042079,completed,E17328491,B,"E17328491-RAIL, TUBE SUPPORT, 6 LG.",manufactured,Stainless Steel 303,SM - Piece,True,150,12.31,1846.50,1846.50,70
7596,7042079,completed,E17328491,B,"E17328491-RAIL, TUBE SUPPORT, 6 LG.",manufactured,Stainless Steel 303,SM - Piece,True,500,10.78,5390.00,5390.00,70
7596,7042080,no_quote,E17213951,01,"E17213951-BLOCK,MOUNTING, 3 1/2 HALF RACK",manufactured,,No Quote,False,1,0.00,0.00,0.00,70
7596,7042080,no_quote,E17213951,01,"E17213951-BLOCK,MOUNTING, 3 1/2 HALF RACK",manufactured,,No Quote,False,5,0.00,0.00,0.00,70
7596,7042080,no_quote,E17213951,01,"E17213951-BLOCK,MOUNTING, 3 1/2 HALF RACK",manufactured,,No Quote,False,15,0.00,0.00,0.00,70
7596,7042080,no_quote,E17213951,01,"E17213951-BLOCK,MOUNTING, 3 1/2 HALF RACK",manufactured,,No Quote,False,25,0.00,0.00,0.00,70
7596,7042080,no_quote,E17213951,01,"E17213951-BLOCK,MOUNTING, 3 1/2 HALF RACK",manufactured,,No Quote,False,50,0.00,0.00,0.00,70
7596,7042080,no_quote,E17213951,01,"E17213951-BLOCK,MOUNTING, 3 1/2 HALF RACK",manufactured,,No Quote,False,75,0.00,0.00,0.00,70
7596,7042080,no_quote,E17213951,01,"E17213951-BLOCK,MOUNTING, 3 1/2 HALF RACK",manufactured,,No Quote,False,150,0.00,0.00,0.00,70
7596,7042080,no_quote,E17213951,01,"E17213951-BLOCK,MOUNTING, 3 1/2 HALF RACK",manufactured,,No Quote,False,500,0.00,0.00,0.00,70
7596,7042081,completed,E17866270,A,E17866270-MAIN PD SIDE PD SHIELD,manufactured,Lexan,SM - Piece,True,1,258.00,258.00,858.00,70
7596,7042081,completed,E17866270,A,E17866270-MAIN PD SIDE PD SHIELD,manufactured,Lexan,SM - Piece,True,5,60.20,301.00,901.00,70
7596,7042081,completed,E17866270,A,E17866270-MAIN PD SIDE PD SHIELD,manufactured,Lexan,SM - Piece,True,15,27.20,408.00,1008.00,70
7596,7042081,completed,E17866270,A,E17866270-MAIN PD SIDE PD SHIELD,manufactured,Lexan,SM - Piece,True,25,20.64,516.00,1116.00,70
7596,7042081,completed,E17866270,A,E17866270-MAIN PD SIDE PD SHIELD,manufactured,Lexan,SM - Piece,True,50,15.70,785.00,785.00,70
7596,7042081,completed,E17866270,A,E17866270-MAIN PD SIDE PD SHIELD,manufactured,Lexan,SM - Piece,True,75,14.05,1053.75,1053.75,70
7596,7042081,completed,E17866270,A,E17866270-MAIN PD SIDE PD SHIELD,manufactured,Lexan,SM - Piece,True,150,12.48,1872.00,1872.00,70
7596,7042081,completed,E17866270,A,E17866270-MAIN PD SIDE PD SHIELD,manufactured,Lexan,SM - Piece,True,500,11.37,5685.00,5685.00,70
7596,7042082,completed,E17383010,C,"E17383010-BRACKET,DI WATER MANIFOLD,RETURN",manufactured,Stainless Steel 304L,SM - Piece W/HDWE,True,1,354.00,354.00,954.00,70
7596,7042082,completed,E17383010,C,"E17383010-BRACKET,DI WATER MANIFOLD,RETURN",manufactured,Stainless Steel 304L,SM - Piece W/HDWE,True,5,86.40,432.00,1032.00,70
7596,7042082,completed,E17383010,C,"E17383010-BRACKET,DI WATER MANIFOLD,RETURN",manufactured,Stainless Steel 304L,SM - Piece W/HDWE,True,15,41.80,627.00,1227.00,70
7596,7042082,completed,E17383010,C,"E17383010-BRACKET,DI WATER MANIFOLD,RETURN",manufactured,Stainless Steel 304L,SM - Piece W/HDWE,True,25,32.88,822.00,1422.00,70
7596,7042082,completed,E17383010,C,"E17383010-BRACKET,DI WATER MANIFOLD,RETURN",manufactured,Stainless Steel 304L,SM - Piece W/HDWE,True,50,26.14,1307.00,1907.00,70
7596,7042082,completed,E17383010,C,"E17383010-BRACKET,DI WATER MANIFOLD,RETURN",manufactured,Stainless Steel 304L,SM - Piece W/HDWE,True,75,23.91,1793.25,1793.25,70
7596,7042082,completed,E17383010,C,"E17383010-BRACKET,DI WATER MANIFOLD,RETURN",manufactured,Stainless Steel 304L,SM - Piece W/HDWE,True,150,21.68,3252.00,3252.00,70
7596,7042082,completed,E17383010,C,"E17383010-BRACKET,DI WATER MANIFOLD,RETURN",manufactured,Stainless Steel 304L,SM - Piece W/HDWE,True,500,20.02,10010.00,10010.00,70
7596,7042083,completed,E17302260,B,"E17302260-BRACKET,MOUNTING,ELECTRONICS",manufactured,Aluminum 6061-T6,MS - Mill,True,1,608.00,608.00,1408.00,70
7596,7042083,completed,E17302260,B,"E17302260-BRACKET,MOUNTING,ELECTRONICS",manufactured,Aluminum 6061-T6,MS - Mill,True,5,151.00,755.00,1555.00,70
7596,7042083,completed,E17302260,B,"E17302260-BRACKET,MOUNTING,ELECTRONICS",manufactured,Aluminum 6061-T6,MS - Mill,True,15,74.60,1119.00,1919.00,70
7596,7042083,completed,E17302260,B,"E17302260-BRACKET,MOUNTING,ELECTRONICS",manufactured,Aluminum 6061-T6,MS - Mill,True,25,59.36,1484.00,2284.00,70
7596,7042083,completed,E17302260,B,"E17302260-BRACKET,MOUNTING,ELECTRONICS",manufactured,Aluminum 6061-T6,MS - Mill,True,50,47.92,2396.00,2396.00,70
7596,7042083,completed,E17302260,B,"E17302260-BRACKET,MOUNTING,ELECTRONICS",manufactured,Aluminum 6061-T6,MS - Mill,True,75,44.12,3309.00,3309.00,70
7596,7042083,completed,E17302260,B,"E17302260-BRACKET,MOUNTING,ELECTRONICS",manufactured,Aluminum 6061-T6,MS - Mill,True,150,40.55,6082.50,6082.50,70
7596,7042083,completed,E17302260,B,"E17302260-BRACKET,MOUNTING,ELECTRONICS",manufactured,Aluminum 6061-T6,MS - Mill,True,500,38.01,19005.00,19005.00,70
7596,7042084,completed,E17339640,C,"E17339640-MAIN PD SWITCH GUARD,SHUT OFF PROTECTION",manufactured,Aluminum 5052-H32,SM - Piece,True,1,531.00,531.00,1131.00,70
7596,7042084,completed,E17339640,C,"E17339640-MAIN PD SWITCH GUARD,SHUT OFF PROTECTION",manufactured,Aluminum 5052-H32,SM - Piece,True,5,120.00,600.00,1200.00,70
7596,7042084,completed,E17339640,C,"E17339640-MAIN PD SWITCH GUARD,SHUT OFF PROTECTION",manufactured,Aluminum 5052-H32,SM - Piece,True,15,51.33,769.95,1369.95,70
7596,7042084,completed,E17339640,C,"E17339640-MAIN PD SWITCH GUARD,SHUT OFF PROTECTION",manufactured,Aluminum 5052-H32,SM - Piece,True,25,37.60,940.00,1540.00,70
7596,7042084,completed,E17339640,C,"E17339640-MAIN PD SWITCH GUARD,SHUT OFF PROTECTION",manufactured,Aluminum 5052-H32,SM - Piece,True,50,27.32,1366.00,1366.00,70
7596,7042084,completed,E17339640,C,"E17339640-MAIN PD SWITCH GUARD,SHUT OFF PROTECTION",manufactured,Aluminum 5052-H32,SM - Piece,True,75,23.89,1791.75,1791.75,70
7596,7042084,completed,E17339640,C,"E17339640-MAIN PD SWITCH GUARD,SHUT OFF PROTECTION",manufactured,Aluminum 5052-H32,SM - Piece,True,150,20.58,3087.00,3087.00,70
7596,7042084,completed,E17339640,C,"E17339640-MAIN PD SWITCH GUARD,SHUT OFF PROTECTION",manufactured,Aluminum 5052-H32,SM - Piece,True,500,18.24,9120.00,9120.00,70
7596,7042085,completed,E17450170,A,"E17450170-BRACKET,MTG,HOUSE WATER MANIFOLD",manufactured,Stainless Steel 304L,SM - Piece W/HDWE,True,1,314.00,314.00,914.00,70
7596,7042085,completed,E17450170,A,"E17450170-BRACKET,MTG,HOUSE WATER MANIFOLD",manufactured,Stainless Steel 304L,SM - Piece W/HDWE,True,5,70.40,352.00,952.00,70
7596,7042085,completed,E17450170,A,"E17450170-BRACKET,MTG,HOUSE WATER MANIFOLD",manufactured,Stainless Steel 304L,SM - Piece W/HDWE,True,15,29.80,447.00,1047.00,70
7596,7042085,completed,E17450170,A,"E17450170-BRACKET,MTG,HOUSE WATER MANIFOLD",manufactured,Stainless Steel 304L,SM - Piece W/HDWE,True,25,21.64,541.00,1141.00,70
7596,7042085,completed,E17450170,A,"E17450170-BRACKET,MTG,HOUSE WATER MANIFOLD",manufactured,Stainless Steel 304L,SM - Piece W/HDWE,True,50,15.54,777.00,1377.00,70
7596,7042085,completed,E17450170,A,"E17450170-BRACKET,MTG,HOUSE WATER MANIFOLD",manufactured,Stainless Steel 304L,SM - Piece W/HDWE,True,75,13.52,1014.00,1014.00,70
7596,7042085,completed,E17450170,A,"E17450170-BRACKET,MTG,HOUSE WATER MANIFOLD",manufactured,Stainless Steel 304L,SM - Piece W/HDWE,True,150,11.49,1723.50,1723.50,70
7596,7042085,completed,E17450170,A,"E17450170-BRACKET,MTG,HOUSE WATER MANIFOLD",manufactured,Stainless Steel 304L,SM - Piece W/HDWE,True,500,10.01,5005.00,5005.00,70
7596,7042086,completed,E170226520,B,"E170226520-BRACKET, MOUNTING, DEDICATED GAS FEED",manufactured,Stainless Steel 304L,SM - Piece,True,1,338.00,338.00,938.00,70
7596,7042086,completed,E170226520,B,"E170226520-BRACKET, MOUNTING, DEDICATED GAS FEED",manufactured,Stainless Steel 304L,SM - Piece,True,5,72.40,362.00,962.00,70
7596,7042086,completed,E170226520,B,"E170226520-BRACKET, MOUNTING, DEDICATED GAS FEED",manufactured,Stainless Steel 304L,SM - Piece,True,15,28.13,421.95,1021.95,70
7596,7042086,completed,E170226520,B,"E170226520-BRACKET, MOUNTING, DEDICATED GAS FEED",manufactured,Stainless Steel 304L,SM - Piece,True,25,19.32,483.00,1083.00,70
7596,7042086,completed,E170226520,B,"E170226520-BRACKET, MOUNTING, DEDICATED GAS FEED",manufactured,Stainless Steel 304L,SM - Piece,True,50,12.68,634.00,634.00,70
7596,7042086,completed,E170226520,B,"E170226520-BRACKET, MOUNTING, DEDICATED GAS FEED",manufactured,Stainless Steel 304L,SM - Piece,True,75,10.45,783.75,783.75,70
7596,7042086,completed,E170226520,B,"E170226520-BRACKET, MOUNTING, DEDICATED GAS FEED",manufactured,Stainless Steel 304L,SM - Piece,True,150,8.29,1243.50,1243.50,70
7596,7042086,completed,E170226520,B,"E170226520-BRACKET, MOUNTING, DEDICATED GAS FEED",manufactured,Stainless Steel 304L,SM - Piece,True,500,6.76,3380.00,3380.00,70
7596,7042087,completed,E170151090,A,"E170151090-BRACKET,SUPPORT,AC FILTER, HC",manufactured,Stainless Steel 304L,SM - Piece W/HDWE,True,1,348.00,348.00,948.00,70
7596,7042087,completed,E170151090,A,"E170151090-BRACKET,SUPPORT,AC FILTER, HC",manufactured,Stainless Steel 304L,SM - Piece W/HDWE,True,5,80.40,402.00,1002.00,70
7596,7042087,completed,E170151090,A,"E170151090-BRACKET,SUPPORT,AC FILTER, HC",manufactured,Stainless Steel 304L,SM - Piece W/HDWE,True,15,35.87,538.05,1138.05,70
7596,7042087,completed,E170151090,A,"E170151090-BRACKET,SUPPORT,AC FILTER, HC",manufactured,Stainless Steel 304L,SM - Piece W/HDWE,True,25,26.88,672.00,1272.00,70
7596,7042087,completed,E170151090,A,"E170151090-BRACKET,SUPPORT,AC FILTER, HC",manufactured,Stainless Steel 304L,SM - Piece W/HDWE,True,50,20.20,1010.00,1610.00,70
7596,7042087,completed,E170151090,A,"E170151090-BRACKET,SUPPORT,AC FILTER, HC",manufactured,Stainless Steel 304L,SM - Piece W/HDWE,True,75,17.96,1347.00,1347.00,70
7596,7042087,completed,E170151090,A,"E170151090-BRACKET,SUPPORT,AC FILTER, HC",manufactured,Stainless Steel 304L,SM - Piece W/HDWE,True,150,15.59,2338.50,2338.50,70
7596,7042087,completed,E170151090,A,"E170151090-BRACKET,SUPPORT,AC FILTER, HC",manufactured,Stainless Steel 304L,SM - Piece W/HDWE,True,500,13.98,6990.00,6990.00,70
7596,7042088,completed,E170255170,B,E170255170-RACK BRACKET,manufactured,Aluminum 5052-H32,SM - Piece,True,1,309.00,309.00,909.00,70
7596,7042088,completed,E170255170,B,E170255170-RACK BRACKET,manufactured,Aluminum 5052-H32,SM - Piece,True,5,67.40,337.00,937.00,70
7596,7042088,completed,E170255170,B,E170255170-RACK BRACKET,manufactured,Aluminum 5052-H32,SM - Piece,True,15,27.13,406.95,1006.95,70
7596,7042088,completed,E170255170,B,E170255170-RACK BRACKET,manufactured,Aluminum 5052-H32,SM - Piece,True,25,19.08,477.00,1077.00,70
7596,7042088,completed,E170255170,B,E170255170-RACK BRACKET,manufactured,Aluminum 5052-H32,SM - Piece,True,50,13.04,652.00,652.00,70
7596,7042088,completed,E170255170,B,E170255170-RACK BRACKET,manufactured,Aluminum 5052-H32,SM - Piece,True,75,11.03,827.25,827.25,70
7596,7042088,completed,E170255170,B,E170255170-RACK BRACKET,manufactured,Aluminum 5052-H32,SM - Piece,True,150,9.06,1359.00,1359.00,70
7596,7042088,completed,E170255170,B,E170255170-RACK BRACKET,manufactured,Aluminum 5052-H32,SM - Piece,True,500,7.67,3835.00,3835.00,70
7596,7042089,completed,E17450130,A,"E17450130-BRACKET,ADJ,HOUSE WATER MANIFOLD",manufactured,Stainless Steel 304L,SM - Piece W/HDWE,True,1,353.00,353.00,953.00,70
7596,7042089,completed,E17450130,A,"E17450130-BRACKET,ADJ,HOUSE WATER MANIFOLD",manufactured,Stainless Steel 304L,SM - Piece W/HDWE,True,5,85.20,426.00,1026.00,70
7596,7042089,completed,E17450130,A,"E17450130-BRACKET,ADJ,HOUSE WATER MANIFOLD",manufactured,Stainless Steel 304L,SM - Piece W/HDWE,True,15,40.53,607.95,1207.95,70
7596,7042089,completed,E17450130,A,"E17450130-BRACKET,ADJ,HOUSE WATER MANIFOLD",manufactured,Stainless Steel 304L,SM - Piece W/HDWE,True,25,31.60,790.00,1390.00,70
7596,7042089,completed,E17450130,A,"E17450130-BRACKET,ADJ,HOUSE WATER MANIFOLD",manufactured,Stainless Steel 304L,SM - Piece W/HDWE,True,50,24.90,1245.00,1845.00,70
7596,7042089,completed,E17450130,A,"E17450130-BRACKET,ADJ,HOUSE WATER MANIFOLD",manufactured,Stainless Steel 304L,SM - Piece W/HDWE,True,75,22.67,1700.25,1700.25,70
7596,7042089,completed,E17450130,A,"E17450130-BRACKET,ADJ,HOUSE WATER MANIFOLD",manufactured,Stainless Steel 304L,SM - Piece W/HDWE,True,150,20.37,3055.50,3055.50,70
7596,7042089,completed,E17450130,A,"E17450130-BRACKET,ADJ,HOUSE WATER MANIFOLD",manufactured,Stainless Steel 304L,SM - Piece W/HDWE,True,500,18.79,9395.00,9395.00,70
7596,7042090,completed,E17502210,B,"E17502210-SUPPORT A,OPTIONAL,FACILITIES RACEWAY",manufactured,Aluminum 5052-H32,SM - Piece W/HDWE,True,1,349.00,349.00,949.00,70
7596,7042090,completed,E17502210,B,"E17502210-SUPPORT A,OPTIONAL,FACILITIES RACEWAY",manufactured,Aluminum 5052-H32,SM - Piece W/HDWE,True,5,81.60,408.00,1008.00,70
7596,7042090,completed,E17502210,B,"E17502210-SUPPORT A,OPTIONAL,FACILITIES RACEWAY",manufactured,Aluminum 5052-H32,SM - Piece W/HDWE,True,15,37.00,555.00,1155.00,70
7596,7042090,completed,E17502210,B,"E17502210-SUPPORT A,OPTIONAL,FACILITIES RACEWAY",manufactured,Aluminum 5052-H32,SM - Piece W/HDWE,True,25,28.08,702.00,1302.00,70
7596,7042090,completed,E17502210,B,"E17502210-SUPPORT A,OPTIONAL,FACILITIES RACEWAY",manufactured,Aluminum 5052-H32,SM - Piece W/HDWE,True,50,21.40,1070.00,1670.00,70
7596,7042090,completed,E17502210,B,"E17502210-SUPPORT A,OPTIONAL,FACILITIES RACEWAY",manufactured,Aluminum 5052-H32,SM - Piece W/HDWE,True,75,19.16,1437.00,1437.00,70
7596,7042090,completed,E17502210,B,"E17502210-SUPPORT A,OPTIONAL,FACILITIES RACEWAY",manufactured,Aluminum 5052-H32,SM - Piece W/HDWE,True,150,16.81,2521.50,2521.50,70
7596,7042090,completed,E17502210,B,"E17502210-SUPPORT A,OPTIONAL,FACILITIES RACEWAY",manufactured,Aluminum 5052-H32,SM - Piece W/HDWE,True,500,15.06,7530.00,7530.00,70
7596,7042091,completed,E17502220,A,"E17502220-SUPPORT B, OPTIONAL, FACILITIES RACEWAY",manufactured,Aluminum 5052-H32,SM - Piece W/HDWE,True,1,346.00,346.00,946.00,70
7596,7042091,completed,E17502220,A,"E17502220-SUPPORT B, OPTIONAL, FACILITIES RACEWAY",manufactured,Aluminum 5052-H32,SM - Piece W/HDWE,True,5,78.00,390.00,990.00,70
7596,7042091,completed,E17502220,A,"E17502220-SUPPORT B, OPTIONAL, FACILITIES RACEWAY",manufactured,Aluminum 5052-H32,SM - Piece W/HDWE,True,15,33.47,502.05,1102.05,70
7596,7042091,completed,E17502220,A,"E17502220-SUPPORT B, OPTIONAL, FACILITIES RACEWAY",manufactured,Aluminum 5052-H32,SM - Piece W/HDWE,True,25,24.52,613.00,1213.00,70
7596,7042091,completed,E17502220,A,"E17502220-SUPPORT B, OPTIONAL, FACILITIES RACEWAY",manufactured,Aluminum 5052-H32,SM - Piece W/HDWE,True,50,17.84,892.00,1492.00,70
7596,7042091,completed,E17502220,A,"E17502220-SUPPORT B, OPTIONAL, FACILITIES RACEWAY",manufactured,Aluminum 5052-H32,SM - Piece W/HDWE,True,75,15.60,1170.00,1170.00,70
7596,7042091,completed,E17502220,A,"E17502220-SUPPORT B, OPTIONAL, FACILITIES RACEWAY",manufactured,Aluminum 5052-H32,SM - Piece W/HDWE,True,150,13.25,1987.50,1987.50,70
7596,7042091,completed,E17502220,A,"E17502220-SUPPORT B, OPTIONAL, FACILITIES RACEWAY",manufactured,Aluminum 5052-H32,SM - Piece W/HDWE,True,500,11.50,5750.00,5750.00,70
7596,7042092,completed,E17651350,C,"E17651350-TRAY, DRIP, FACILITIES",manufactured,Stainless Steel 304L,SM - Piece W/HDWE,True,1,366.00,366.00,966.00,70
7596,7042092,completed,E17651350,C,"E17651350-TRAY, DRIP, FACILITIES",manufactured,Stainless Steel 304L,SM - Piece W/HDWE,True,5,98.80,494.00,1094.00,70
7596,7042092,completed,E17651350,C,"E17651350-TRAY, DRIP, FACILITIES",manufactured,Stainless Steel 304L,SM - Piece W/HDWE,True,15,54.27,814.05,1414.05,70
7596,7042092,completed,E17651350,C,"E17651350-TRAY, DRIP, FACILITIES",manufactured,Stainless Steel 304L,SM - Piece W/HDWE,True,25,45.32,1133.00,1733.00,70
7596,7042092,completed,E17651350,C,"E17651350-TRAY, DRIP, FACILITIES",manufactured,Stainless Steel 304L,SM - Piece W/HDWE,True,50,38.62,1931.00,2531.00,70
7596,7042092,completed,E17651350,C,"E17651350-TRAY, DRIP, FACILITIES",manufactured,Stainless Steel 304L,SM - Piece W/HDWE,True,75,36.39,2729.25,2729.25,70
7596,7042092,completed,E17651350,C,"E17651350-TRAY, DRIP, FACILITIES",manufactured,Stainless Steel 304L,SM - Piece W/HDWE,True,150,34.16,5124.00,5124.00,70
7596,7042092,completed,E17651350,C,"E17651350-TRAY, DRIP, FACILITIES",manufactured,Stainless Steel 304L,SM - Piece W/HDWE,True,500,32.55,16275.00,16275.00,70
7596,7042093,completed,E17558350,B,"E17558350-PANEL,BLANK,19 PERFORATED,IU",manufactured,Aluminum 5052-H32,SM - Piece,True,1,582.00,582.00,1182.00,70
7596,7042093,completed,E17558350,B,"E17558350-PANEL,BLANK,19 PERFORATED,IU",manufactured,Aluminum 5052-H32,SM - Piece,True,5,130.00,650.00,1250.00,70
7596,7042093,completed,E17558350,B,"E17558350-PANEL,BLANK,19 PERFORATED,IU",manufactured,Aluminum 5052-H32,SM - Piece,True,15,54.00,810.00,1410.00,70
7596,7042093,completed,E17558350,B,"E17558350-PANEL,BLANK,19 PERFORATED,IU",manufactured,Aluminum 5052-H32,SM - Piece,True,25,38.88,972.00,1572.00,70
7596,7042093,completed,E17558350,B,"E17558350-PANEL,BLANK,19 PERFORATED,IU",manufactured,Aluminum 5052-H32,SM - Piece,True,50,27.56,1378.00,1378.00,70
7596,7042093,completed,E17558350,B,"E17558350-PANEL,BLANK,19 PERFORATED,IU",manufactured,Aluminum 5052-H32,SM - Piece,True,75,23.79,1784.25,1784.25,70
7596,7042093,completed,E17558350,B,"E17558350-PANEL,BLANK,19 PERFORATED,IU",manufactured,Aluminum 5052-H32,SM - Piece,True,150,20.13,3019.50,3019.50,70
7596,7042093,completed,E17558350,B,"E17558350-PANEL,BLANK,19 PERFORATED,IU",manufactured,Aluminum 5052-H32,SM - Piece,True,500,17.54,8770.00,8770.00,70
7596,7042094,completed,E170130230,A,"E170130230-BRACKET, MOUNTING DI LINE FILTER",manufactured,CRS,SM - Piece W/HDWE,True,1,522.00,522.00,1122.00,70
7596,7042094,completed,E170130230,A,"E170130230-BRACKET, MOUNTING DI LINE FILTER",manufactured,CRS,SM - Piece W/HDWE,True,5,118.00,590.00,1190.00,70
7596,7042094,completed,E170130230,A,"E170130230-BRACKET, MOUNTING DI LINE FILTER",manufactured,CRS,SM - Piece W/HDWE,True,15,50.07,751.05,1351.05,70
7596,7042094,completed,E170130230,A,"E170130230-BRACKET, MOUNTING DI LINE FILTER",manufactured,CRS,SM - Piece W/HDWE,True,25,36.56,914.00,1514.00,70
7596,7042094,completed,E170130230,A,"E170130230-BRACKET, MOUNTING DI LINE FILTER",manufactured,CRS,SM - Piece W/HDWE,True,50,26.46,1323.00,1923.00,70
7596,7042094,completed,E170130230,A,"E170130230-BRACKET, MOUNTING DI LINE FILTER",manufactured,CRS,SM - Piece W/HDWE,True,75,23.09,1731.75,1731.75,70
7596,7042094,completed,E170130230,A,"E170130230-BRACKET, MOUNTING DI LINE FILTER",manufactured,CRS,SM - Piece W/HDWE,True,150,19.70,2955.00,2955.00,70
7596,7042094,completed,E170130230,A,"E170130230-BRACKET, MOUNTING DI LINE FILTER",manufactured,CRS,SM - Piece W/HDWE,True,500,17.32,8660.00,8660.00,70
7596,7042095,completed,E170048790,A,"E170048790-SWITCH GUARD,DOUBLE SIDED",manufactured,Aluminum 5052-H32,SM - Piece,True,1,551.00,551.00,1151.00,70
7596,7042095,completed,E170048790,A,"E170048790-SWITCH GUARD,DOUBLE SIDED",manufactured,Aluminum 5052-H32,SM - Piece,True,5,132.00,660.00,1260.00,70
7596,7042095,completed,E170048790,A,"E170048790-SWITCH GUARD,DOUBLE SIDED",manufactured,Aluminum 5052-H32,SM - Piece,True,15,61.93,928.95,1528.95,70
7596,7042095,completed,E170048790,A,"E170048790-SWITCH GUARD,DOUBLE SIDED",manufactured,Aluminum 5052-H32,SM - Piece,True,25,47.96,1199.00,1799.00,70
7596,7042095,completed,E170048790,A,"E170048790-SWITCH GUARD,DOUBLE SIDED",manufactured,Aluminum 5052-H32,SM - Piece,True,50,37.50,1875.00,1875.00,70
7596,7042095,completed,E170048790,A,"E170048790-SWITCH GUARD,DOUBLE SIDED",manufactured,Aluminum 5052-H32,SM - Piece,True,75,34.00,2550.00,2550.00,70
7596,7042095,completed,E170048790,A,"E170048790-SWITCH GUARD,DOUBLE SIDED",manufactured,Aluminum 5052-H32,SM - Piece,True,150,30.69,4603.50,4603.50,70
7596,7042095,completed,E170048790,A,"E170048790-SWITCH GUARD,DOUBLE SIDED",manufactured,Aluminum 5052-H32,SM - Piece,True,500,28.34,14170.00,14170.00,70
7596,7042096,completed,E17198290,C,"E17198290-SUPPORT TRAY,CHASSIS",manufactured,Aluminum 5052-H32,SM - Piece,True,1,372.00,372.00,972.00,70
7596,7042096,completed,E17198290,C,"E17198290-SUPPORT TRAY,CHASSIS",manufactured,Aluminum 5052-H32,SM - Piece,True,5,93.20,466.00,1066.00,70
7596,7042096,completed,E17198290,C,"E17198290-SUPPORT TRAY,CHASSIS",manufactured,Aluminum 5052-H32,SM - Piece,True,15,46.73,700.95,1300.95,70
7596,7042096,completed,E17198290,C,"E17198290-SUPPORT TRAY,CHASSIS",manufactured,Aluminum 5052-H32,SM - Piece,True,25,37.40,935.00,1535.00,70
7596,7042096,completed,E17198290,C,"E17198290-SUPPORT TRAY,CHASSIS",manufactured,Aluminum 5052-H32,SM - Piece,True,50,30.42,1521.00,1521.00,70
7596,7042096,completed,E17198290,C,"E17198290-SUPPORT TRAY,CHASSIS",manufactured,Aluminum 5052-H32,SM - Piece,True,75,28.09,2106.75,2106.75,70
7596,7042096,completed,E17198290,C,"E17198290-SUPPORT TRAY,CHASSIS",manufactured,Aluminum 5052-H32,SM - Piece,True,150,25.93,3889.50,3889.50,70
7596,7042096,completed,E17198290,C,"E17198290-SUPPORT TRAY,CHASSIS",manufactured,Aluminum 5052-H32,SM - Piece,True,500,24.38,12190.00,12190.00,70
7596,7042097,completed,E170151080,A,"E170151080-BRACKET,MOUNT,TOP,AC FILTER, HC",manufactured,Stainless Steel 304L,SM - Piece W/HDWE,True,1,344.00,344.00,944.00,70
7596,7042097,completed,E170151080,A,"E170151080-BRACKET,MOUNT,TOP,AC FILTER, HC",manufactured,Stainless Steel 304L,SM - Piece W/HDWE,True,5,76.20,381.00,981.00,70
7596,7042097,completed,E170151080,A,"E170151080-BRACKET,MOUNT,TOP,AC FILTER, HC",manufactured,Stainless Steel 304L,SM - Piece W/HDWE,True,15,31.53,472.95,1072.95,70
7596,7042097,completed,E170151080,A,"E170151080-BRACKET,MOUNT,TOP,AC FILTER, HC",manufactured,Stainless Steel 304L,SM - Piece W/HDWE,True,25,22.60,565.00,1165.00,70
7596,7042097,completed,E170151080,A,"E170151080-BRACKET,MOUNT,TOP,AC FILTER, HC",manufactured,Stainless Steel 304L,SM - Piece W/HDWE,True,50,15.88,794.00,1394.00,70
7596,7042097,completed,E170151080,A,"E170151080-BRACKET,MOUNT,TOP,AC FILTER, HC",manufactured,Stainless Steel 304L,SM - Piece W/HDWE,True,75,13.65,1023.75,1023.75,70
7596,7042097,completed,E170151080,A,"E170151080-BRACKET,MOUNT,TOP,AC FILTER, HC",manufactured,Stainless Steel 304L,SM - Piece W/HDWE,True,150,11.42,1713.00,1713.00,70
7596,7042097,completed,E170151080,A,"E170151080-BRACKET,MOUNT,TOP,AC FILTER, HC",manufactured,Stainless Steel 304L,SM - Piece W/HDWE,True,500,9.76,4880.00,4880.00,70
7596,7042098,completed,E170151100,A,"E170151100-BRACKET,MOUNT,BOTTOM,AC FILTER, HC",manufactured,Stainless Steel 304L,SM - Piece W/HDWE,True,1,315.00,315.00,915.00,70
7596,7042098,completed,E170151100,A,"E170151100-BRACKET,MOUNT,BOTTOM,AC FILTER, HC",manufactured,Stainless Steel 304L,SM - Piece W/HDWE,True,5,71.20,356.00,956.00,70
7596,7042098,completed,E170151100,A,"E170151100-BRACKET,MOUNT,BOTTOM,AC FILTER, HC",manufactured,Stainless Steel 304L,SM - Piece W/HDWE,True,15,30.60,459.00,1059.00,70
7596,7042098,completed,E170151100,A,"E170151100-BRACKET,MOUNT,BOTTOM,AC FILTER, HC",manufactured,Stainless Steel 304L,SM - Piece W/HDWE,True,25,22.52,563.00,1163.00,70
7596,7042098,completed,E170151100,A,"E170151100-BRACKET,MOUNT,BOTTOM,AC FILTER, HC",manufactured,Stainless Steel 304L,SM - Piece W/HDWE,True,50,16.38,819.00,1419.00,70
7596,7042098,completed,E170151100,A,"E170151100-BRACKET,MOUNT,BOTTOM,AC FILTER, HC",manufactured,Stainless Steel 304L,SM - Piece W/HDWE,True,75,14.35,1076.25,1076.25,70
7596,7042098,completed,E170151100,A,"E170151100-BRACKET,MOUNT,BOTTOM,AC FILTER, HC",manufactured,Stainless Steel 304L,SM - Piece W/HDWE,True,150,12.32,1848.00,1848.00,70
7596,7042098,completed,E170151100,A,"E170151100-BRACKET,MOUNT,BOTTOM,AC FILTER, HC",manufactured,Stainless Steel 304L,SM - Piece W/HDWE,True,500,10.80,5400.00,5400.00,70
7596,7042099,completed,E17400550,A,"E17400550-BRACKET,AIRFLOW SWITCH",manufactured,Aluminum 5052-H32,SM - Piece W/HDWE,True,1,343.00,343.00,943.00,70
7596,7042099,completed,E17400550,A,"E17400550-BRACKET,AIRFLOW SWITCH",manufactured,Aluminum 5052-H32,SM - Piece W/HDWE,True,5,76.00,380.00,980.00,70
7596,7042099,completed,E17400550,A,"E17400550-BRACKET,AIRFLOW SWITCH",manufactured,Aluminum 5052-H32,SM - Piece W/HDWE,True,15,31.33,469.95,1069.95,70
7596,7042099,completed,E17400550,A,"E17400550-BRACKET,AIRFLOW SWITCH",manufactured,Aluminum 5052-H32,SM - Piece W/HDWE,True,25,22.40,560.00,1160.00,70
7596,7042099,completed,E17400550,A,"E17400550-BRACKET,AIRFLOW SWITCH",manufactured,Aluminum 5052-H32,SM - Piece W/HDWE,True,50,15.72,786.00,1386.00,70
7596,7042099,completed,E17400550,A,"E17400550-BRACKET,AIRFLOW SWITCH",manufactured,Aluminum 5052-H32,SM - Piece W/HDWE,True,75,13.49,1011.75,1011.75,70
7596,7042099,completed,E17400550,A,"E17400550-BRACKET,AIRFLOW SWITCH",manufactured,Aluminum 5052-H32,SM - Piece W/HDWE,True,150,11.26,1689.00,1689.00,70
7596,7042099,completed,E17400550,A,"E17400550-BRACKET,AIRFLOW SWITCH",manufactured,Aluminum 5052-H32,SM - Piece W/HDWE,True,500,9.70,4850.00,4850.00,70
7596,7042100,no_quote,E17482040,A,"E17482040-PANEL, LOWER LEADED, 1/4 TURN",manufactured,,NQ - Not a Core Competency,False,1,0.00,0.00,0.00,70
7596,7042100,no_quote,E17482040,A,"E17482040-PANEL, LOWER LEADED, 1/4 TURN",manufactured,,NQ - Not a Core Competency,False,5,0.00,0.00,0.00,70
7596,7042100,no_quote,E17482040,A,"E17482040-PANEL, LOWER LEADED, 1/4 TURN",manufactured,,NQ - Not a Core Competency,False,15,0.00,0.00,0.00,70
7596,7042100,no_quote,E17482040,A,"E17482040-PANEL, LOWER LEADED, 1/4 TURN",manufactured,,NQ - Not a Core Competency,False,25,0.00,0.00,0.00,70
7596,7042100,no_quote,E17482040,A,"E17482040-PANEL, LOWER LEADED, 1/4 TURN",manufactured,,NQ - Not a Core Competency,False,50,0.00,0.00,0.00,70
7596,7042100,no_quote,E17482040,A,"E17482040-PANEL, LOWER LEADED, 1/4 TURN",manufactured,,NQ - Not a Core Competency,False,75,0.00,0.00,0.00,70
7596,7042100,no_quote,E17482040,A,"E17482040-PANEL, LOWER LEADED, 1/4 TURN",manufactured,,NQ - Not a Core Competency,False,150,0.00,0.00,0.00,70
7596,7042100,no_quote,E17482040,A,"E17482040-PANEL, LOWER LEADED, 1/4 TURN",manufactured,,NQ - Not a Core Competency,False,500,0.00,0.00,0.00,70
7597,7042633,not_started,0010-84952,02,"ASSY,CLEAR LID,WATER COOLED,SB,WB,SOLITO",assembled,Stainless Steel 303,SM - Assy,True,1,6020.00,6020.00,6820.00,123
7597,7042633,not_started,0010-84952,02,"ASSY,CLEAR LID,WATER COOLED,SB,WB,SOLITO",assembled,Stainless Steel 303,SM - Assy,True,3,3360.00,10080.00,10880.00,123
7597,7042633,not_started,0010-84952,02,"ASSY,CLEAR LID,WATER COOLED,SB,WB,SOLITO",assembled,Stainless Steel 303,SM - Assy,True,5,2840.00,14200.00,15000.00,123
7597,7042633,not_started,0010-84952,02,"ASSY,CLEAR LID,WATER COOLED,SB,WB,SOLITO",assembled,Stainless Steel 303,SM - Assy,True,10,2460.00,24600.00,25400.00,123
7597,7042633,not_started,0010-84952,02,"ASSY,CLEAR LID,WATER COOLED,SB,WB,SOLITO",assembled,Stainless Steel 303,SM - Assy,True,15,2330.00,34950.00,35750.00,123
7597,7042633,not_started,0010-84952,02,"ASSY,CLEAR LID,WATER COOLED,SB,WB,SOLITO",assembled,Stainless Steel 303,SM - Assy,True,20,2270.00,45400.00,46200.00,124
7598,7043399,completed,0020-48156,06,"PLATE,CHBR FOLKLIFT,RPG CHBR,300MM",manufactured,,Historical Part Requote,False,1,520.00,520.00,520.00,50
7598,7043399,completed,0020-48156,06,"PLATE,CHBR FOLKLIFT,RPG CHBR,300MM",manufactured,,Historical Part Requote,False,5,130.00,650.00,650.00,50
7598,7043399,completed,0020-48156,06,"PLATE,CHBR FOLKLIFT,RPG CHBR,300MM",manufactured,,Historical Part Requote,False,15,107.00,1605.00,1605.00,50
7598,7043399,completed,0020-48156,06,"PLATE,CHBR FOLKLIFT,RPG CHBR,300MM",manufactured,,Historical Part Requote,False,65,94.29,6128.85,6128.85,50
7598,7043400,completed,0040-89653,17,"CHBR FRAME,PVD/PC ENDURA2,300MM",manufactured,,Historical Part Requote,False,1,2070.00,2070.00,2070.00,50
7598,7043400,completed,0040-89653,17,"CHBR FRAME,PVD/PC ENDURA2,300MM",manufactured,,Historical Part Requote,False,5,1920.00,9600.00,9600.00,50
7598,7043400,completed,0040-89653,17,"CHBR FRAME,PVD/PC ENDURA2,300MM",manufactured,,Historical Part Requote,False,15,1560.00,23400.00,23400.00,50
7598,7043400,completed,0040-89653,17,"CHBR FRAME,PVD/PC ENDURA2,300MM",manufactured,,Historical Part Requote,False,65,1560.00,101400.00,101400.00,50
7599,7043719,not_started,204-001-362-001,AB,SUPPORT ASSY,manufactured,,Historical Part Requote,False,58,0.00,0.00,0.00,50
7599,7043720,not_started,204-001-757-005,A,LEVER ASSY,manufactured,,Historical Part Requote,False,262,0.00,0.00,0.00,50
7599,7043721,not_started,204-040-237-001,N,SCREEN ASSY,manufactured,,Historical Part Requote,False,90,0.00,0.00,0.00,50
7599,7043722,not_started,204-040-237-009,N,SCREEN ASSY,manufactured,,Historical Part Requote,False,21,0.00,0.00,0.00,50
7599,7043723,not_started,204-040-368-001,K,VALVE ASSY,manufactured,,Historical Part Requote,False,114,0.00,0.00,0.00,50
7599,7043724,not_started,204-040-393-001,W,MANIFOLD ASSY,manufactured,,Historical Part Requote,False,139,0.00,0.00,0.00,50
7599,7043725,not_started,204-040-716-005,,COUPLING ASSY,manufactured,,Historical Part Requote,False,32,0.00,0.00,0.00,50
7599,7043726,not_started,205-001-913-001,H,SUPPORT ASSY,manufactured,,Historical Part Requote,False,5,0.00,0.00,0.00,50
7599,7043727,not_started,205-030-265-012S,G,FITTING ASSY,manufactured,,Historical Part Requote,False,25,0.00,0.00,0.00,50
7599,7043728,not_started,205-072-214-001,A,POST ASSY,manufactured,,Historical Part Requote,False,100,0.00,0.00,0.00,50
7599,7043729,not_started,205-072-221-001,00,PIN ASSY,manufactured,,Historical Part Requote,False,45,0.00,0.00,0.00,50
7599,7043730,not_started,205-072-263-001,,Adaptor,manufactured,,Historical Part Requote,False,120,0.00,0.00,0.00,50
7599,7043731,not_started,206-033-552-001,-,STOP ASSY,manufactured,,Historical Part Requote,False,380,0.00,0.00,0.00,50
7599,7043732,not_started,206-033-634-102,-,HINGE HALF,manufactured,,Historical Part Requote,False,26,0.00,0.00,0.00,50
7599,7043733,not_started,206-040-076-009,G,SCREEN ASSY,manufactured,,Historical Part Requote,False,428,0.00,0.00,0.00,50
7599,7043734,not_started,206-040-089-003,D,COVER,manufactured,,Historical Part Requote,False,567,0.00,0.00,0.00,50
7599,7043735,not_started,206-040-089-101,D,COVER,manufactured,,Historical Part Requote,False,230,0.00,0.00,0.00,50
7599,7043736,not_started,206-040-126-001,B,HEAD ASSY,manufactured,,Historical Part Requote,False,34,0.00,0.00,0.00,50
7599,7043737,not_started,206-040-344-101,M,HANGER ASSY,manufactured,,Historical Part Requote,False,30,0.00,0.00,0.00,50
7599,7043738,not_started,206-040-416-003P,,LINER,manufactured,,Historical Part Requote,False,514,0.00,0.00,0.00,50
7599,7043739,not_started,206-040-418-001P,,LINER,manufactured,,Historical Part Requote,False,482,0.00,0.00,0.00,50
7599,7043740,not_started,206-040-521-001A,,LINER       APL,manufactured,,Historical Part Requote,False,510,0.00,0.00,0.00,50
7599,7043741,not_started,209-001-168-001,E,"IDLER, ASSY OF",manufactured,,Historical Part Requote,False,165,0.00,0.00,0.00,50
7599,7043742,not_started,209-001-170-101,L,SUPPORT ASSY,manufactured,,Historical Part Requote,False,14,0.00,0.00,0.00,50
7599,7043743,not_started,209-001-701-005,H,PEDAL ASSY,manufactured,,Historical Part Requote,False,70,0.00,0.00,0.00,50
7599,7043744,not_started,209-001-701-006,H,PEDAL ASSY,manufactured,,Historical Part Requote,False,125,0.00,0.00,0.00,50
7599,7043745,not_started,209-001-776-003,,"BOLT, ASSY OF",manufactured,,Historical Part Requote,False,279,0.00,0.00,0.00,50
7599,7043746,not_started,209-062-533-001,A,FLANGE ASSY,manufactured,,Historical Part Requote,False,10,0.00,0.00,0.00,50
7599,7043747,not_started,209-064-618-107,-,COVER ASSY,manufactured,,Historical Part Requote,False,60,0.00,0.00,0.00,50
7599,7043748,not_started,209-064-706-101,A,MOUNT ASSY,manufactured,,Historical Part Requote,False,180,0.00,0.00,0.00,50
7599,7043749,not_started,209-064-721-101,-,BELLCRANK ASSY,manufactured,,Historical Part Requote,False,50,0.00,0.00,0.00,50
7599,7043750,not_started,209-064-722-101,A,BELLCRANK ASSY,manufactured,,Historical Part Requote,False,75,0.00,0.00,0.00,50
7599,7043751,not_started,212-001-176-001,,GRIP ASSY,manufactured,,Historical Part Requote,False,38,0.00,0.00,0.00,50
7599,7043752,not_started,212-010-408-001,,HOUSING ASSY,manufactured,,Historical Part Requote,False,31,0.00,0.00,0.00,50
7599,7043753,not_started,212-030-158-001,,FITTING,manufactured,,Historical Part Requote,False,5,0.00,0.00,0.00,50
7599,7043754,not_started,212-040-686-005B,,RING,manufactured,,Historical Part Requote,False,468,0.00,0.00,0.00,50
7599,7043755,not_started,212-060-731-001,,SLIDER ASSY,manufactured,,Historical Part Requote,False,10,0.00,0.00,0.00,50
7599,7043756,not_started,212-060-733-001,,HOUSING,manufactured,,Historical Part Requote,False,15,0.00,0.00,0.00,50
7599,7043757,not_started,212-060-740-001,,BELLCRANK ASSY,manufactured,,Historical Part Requote,False,125,0.00,0.00,0.00,50
7599,7043758,not_started,212-060-745-001,,BELLCRANK ASSY,manufactured,,Historical Part Requote,False,5,0.00,0.00,0.00,50
7599,7043759,not_started,214-060-312-101,,CLEVIS ASSY,manufactured,,Historical Part Requote,False,150,0.00,0.00,0.00,50
7599,7043760,not_started,406-001-120-107,,CLAMP ASSY,manufactured,,Historical Part Requote,False,191,0.00,0.00,0.00,50
7599,7043761,not_started,406-040-058-113,,MANIFOLD ASSY,manufactured,,Historical Part Requote,False,223,0.00,0.00,0.00,50
7599,7043762,not_started,406-040-540-101,,PLUG ASSY,manufactured,,Historical Part Requote,False,697,0.00,0.00,0.00,50
7599,7043763,not_started,407-040-056-101,,HOUSING ASSY,manufactured,,Historical Part Requote,False,258,0.00,0.00,0.00,50
7599,7043764,not_started,412-001-311-101,,CLAMP ASSY,manufactured,,Historical Part Requote,False,66,0.00,0.00,0.00,50
7599,7043765,not_started,412-010-170-105,,BRIDGE ASSY,manufactured,,Historical Part Requote,False,1637,0.00,0.00,0.00,50
7599,7043766,not_started,412-040-264-101,,CAP ASSY,manufactured,,Historical Part Requote,False,101,0.00,0.00,0.00,50
7599,7043767,not_started,412-061-622-101,,PLATE ASSY,manufactured,,Historical Part Requote,False,120,0.00,0.00,0.00,50
7599,7043768,not_started,412-240-016-101,,COVER ASSY,manufactured,,Historical Part Requote,False,114,0.00,0.00,0.00,50
7599,7043769,not_started,429-015-034-101,,SPACER ASSY,manufactured,,Historical Part Requote,False,1180,0.00,0.00,0.00,50
7599,7043770,not_started,429-040-509-101,,NUT - BULLGEAR,manufactured,,Historical Part Requote,False,114,0.00,0.00,0.00,50
7599,7043771,not_started,429-040-559-101,,WASHER - LOCK - TRANSMISSION,manufactured,,Historical Part Requote,False,127,0.00,0.00,0.00,50
7599,7043772,not_started,429-042-205-101,,RETAINER ASSY,manufactured,,Historical Part Requote,False,126,0.00,0.00,0.00,50
7599,7043773,not_started,449-001-122-101,,SUPPORT ASSY,manufactured,,Historical Part Requote,False,40,0.00,0.00,0.00,50
7599,7043774,not_started,449-001-314-101,,LEVER ASSY,manufactured,,Historical Part Requote,False,85,0.00,0.00,0.00,50
7599,7043775,not_started,449-001-317-101,,STICK ASSY,manufactured,,Historical Part Requote,False,115,0.00,0.00,0.00,50
7599,7043776,not_started,449-040-502-101,,"ADAPTER, AC GENERATOR, ACCESSORY DRIVE -",manufactured,,Historical Part Requote,False,84,0.00,0.00,0.00,50
7599,7043777,not_started,449-040-935-101,,ELBOW - FLARED TUBE,manufactured,,Historical Part Requote,False,48,0.00,0.00,0.00,50
7599,7043778,not_started,449-863-362-104,,SUPPORT ASSY,manufactured,,Historical Part Requote,False,7,0.00,0.00,0.00,50
7599,7043779,not_started,450-001-115-101A,,LEVER ASSY,manufactured,,Historical Part Requote,False,15,0.00,0.00,0.00,50
7599,7043780,not_started,450-060-313-101,,MOUNT ASSY,manufactured,,Historical Part Requote,False,60,0.00,0.00,0.00,50
7599,7043781,not_started,450-060-313-103,,MOUNT ASSY,manufactured,,Historical Part Requote,False,55,0.00,0.00,0.00,50
7599,7043782,not_started,512-030-100-601,,CREW DOOR SWITCH MOUNT ASSY,manufactured,,Historical Part Requote,False,73,0.00,0.00,0.00,50
7599,7043783,not_started,512-030-101-429,,UNLOCK MECHANISM - J-TRACK,manufactured,,Historical Part Requote,False,154,0.00,0.00,0.00,50
7599,7043784,not_started,512-034-700-023,,MOUNT ASSY - H-STAB,manufactured,,Historical Part Requote,False,76,0.00,0.00,0.00,50
7599,7043785,not_started,512-040-472-103,,"TUBE, TRANSFER-MRGB",manufactured,,Historical Part Requote,False,72,0.00,0.00,0.00,50
7599,7043786,not_started,512-043-535-101,,"LINK ASSEMBLY, OUTBOARD - AGB",manufactured,,Historical Part Requote,False,148,0.00,0.00,0.00,50
7599,7043787,not_started,512-045-304-101,,SCREEN ASSY - IGB,manufactured,,Historical Part Requote,False,77,0.00,0.00,0.00,50
7599,7043788,not_started,512-060-120-105,,Bipod Assy-RGB-Outbd-LH,manufactured,,Historical Part Requote,False,74,0.00,0.00,0.00,50
7599,7043789,not_started,512-060-120-106,,Bipod Assy-RGB-Outbd-RH,manufactured,,Historical Part Requote,False,74,0.00,0.00,0.00,50
7599,7043790,not_started,512-060-220-101,,Trunion Assy-Lateral Link-Engine,manufactured,,Historical Part Requote,False,144,0.00,0.00,0.00,50
7599,7043791,not_started,512-060-230-105,,FITTING ASSY-AIRFRAME-LATERAL LINK,manufactured,,Historical Part Requote,False,144,0.00,0.00,0.00,50
7599,7043792,not_started,512-060-410-103,,Mount Link Assy-APU-Fwd,manufactured,,Historical Part Requote,False,76,0.00,0.00,0.00,50
7599,7043793,not_started,512-069-327-103,,STRUT ASSY-AFT-LH,manufactured,,Historical Part Requote,False,75,0.00,0.00,0.00,50
7599,7043794,not_started,512-069-327-104,,STRUT ASSY-AFT-RH,manufactured,,Historical Part Requote,False,75,0.00,0.00,0.00,50
7599,7043795,not_started,901-001-903-102,,SUPPORT ASSY,manufactured,,Historical Part Requote,False,75,0.00,0.00,0.00,50
7599,7043796,not_started,901-005-889-101,,SPACER,manufactured,,Historical Part Requote,False,70,0.00,0.00,0.00,50
7599,7043797,not_started,901-010-483-109,,FITTING ASSY,manufactured,,Historical Part Requote,False,5,0.00,0.00,0.00,50
7599,7043798,not_started,901-011-164-101,,"PIN,DRIVE",manufactured,,Historical Part Requote,False,68,0.00,0.00,0.00,50
7599,7043799,not_started,901-011-232-101,,ADAPTER ASSY,manufactured,,Historical Part Requote,False,17,0.00,0.00,0.00,50
7599,7043800,not_started,901-011-310-101,,BELLCRANK ASSY,manufactured,,Historical Part Requote,False,23,0.00,0.00,0.00,50
7599,7043801,not_started,901-011-321-101,,SOCKET ASSY,manufactured,,Historical Part Requote,False,371,0.00,0.00,0.00,50
7599,7043802,not_started,901-011-321-102,,SOCKET ASSY,manufactured,,Historical Part Requote,False,343,0.00,0.00,0.00,50
7599,7043803,not_started,901-011-327-105,,LINK ASSY,manufactured,,Historical Part Requote,False,71,0.00,0.00,0.00,50
7599,7043804,not_started,901-011-334-101,,BOLT,manufactured,,Historical Part Requote,False,159,0.00,0.00,0.00,50
7599,7043805,not_started,901-011-473-101,,CLIP ASSY,manufactured,,Historical Part Requote,False,962,0.00,0.00,0.00,50
7599,7043806,not_started,901-015-024-103,,WEIGHT,manufactured,,Historical Part Requote,False,1348,0.00,0.00,0.00,50
7599,7043807,not_started,901-015-237-101,,FITTING ASSY,manufactured,,Historical Part Requote,False,384,0.00,0.00,0.00,50
7599,7043808,not_started,901-015-237-102,,FITTING ASSY,manufactured,,Historical Part Requote,False,426,0.00,0.00,0.00,50
7599,7043809,not_started,901-015-262-117,,COVER ASSY,manufactured,,Historical Part Requote,False,60,0.00,0.00,0.00,50
7599,7043810,not_started,901-015-262-120,,COVER ASSY,manufactured,,Historical Part Requote,False,127,0.00,0.00,0.00,50
7599,7043811,not_started,901-015-262-122,,COVER ASSY,manufactured,,Historical Part Requote,False,120,0.00,0.00,0.00,50
7599,7043812,not_started,901-015-262-123,,COVER ASSY,manufactured,,Historical Part Requote,False,60,0.00,0.00,0.00,50
7599,7043813,not_started,901-015-262-124,,COVER ASSY,manufactured,,Historical Part Requote,False,82,0.00,0.00,0.00,50
7599,7043814,not_started,901-032-023-101,,BRACE ASSY,manufactured,,Historical Part Requote,False,30,0.00,0.00,0.00,50
7599,7043815,not_started,901-032-034-161,,BUSHING,manufactured,,Historical Part Requote,False,10,0.00,0.00,0.00,50
7599,7043816,not_started,901-032-034-163,,"BUSHING, OVERSIZE, REPAIR",manufactured,,Historical Part Requote,False,20,0.00,0.00,0.00,50
7599,7043817,not_started,901-032-155-101,,NUT ASSY,manufactured,,Historical Part Requote,False,130,0.00,0.00,0.00,50
7599,7043818,not_started,901-033-218-201,,FITTING ASSY - OUTBD NACELLE FRAME STA 4,manufactured,,Historical Part Requote,False,5,0.00,0.00,0.00,50
7599,7043819,not_started,901-033-218-203,,FITTING ASSY - OUTBD NACELLE FRAME STA 4,manufactured,,Historical Part Requote,False,45,0.00,0.00,0.00,50
7599,7043820,not_started,901-033-218-204,,FITTING ASSY - OUTBD NACELLE FRAME STA 4,manufactured,,Historical Part Requote,False,45,0.00,0.00,0.00,50
7599,7043821,not_started,901-040-633-101,,NUT,manufactured,,Historical Part Requote,False,2020,0.00,0.00,0.00,50
7599,7043822,not_started,901-040-717-105,,TUBE ASSY,manufactured,,Historical Part Requote,False,820,0.00,0.00,0.00,50
7599,7043823,not_started,901-044-525-101,,TUBE ASSY,manufactured,,Historical Part Requote,False,1818,0.00,0.00,0.00,50
7599,7043824,not_started,901-044-927-101,,SCREEN ASSEMBLY,manufactured,,Historical Part Requote,False,1724,0.00,0.00,0.00,50
7599,7043825,not_started,901-045-297-101,,COVER ASSY,manufactured,,Historical Part Requote,False,7,0.00,0.00,0.00,50
7599,7043826,not_started,901-047-233-105,,HOUSING ASSY,manufactured,,Historical Part Requote,False,30,0.00,0.00,0.00,50
7599,7043827,not_started,901-047-234-105,,HOUSING ASSY,manufactured,,Historical Part Requote,False,60,0.00,0.00,0.00,50
7599,7043828,not_started,901-060-044-101,,BUSHING,manufactured,,Historical Part Requote,False,2968,0.00,0.00,0.00,50
7599,7043829,not_started,901-060-044-103,,BUSHING,manufactured,,Historical Part Requote,False,2454,0.00,0.00,0.00,50
7599,7043830,not_started,901-060-280-101,,FITTING ASSY,manufactured,,Historical Part Requote,False,96,0.00,0.00,0.00,50
7599,7043831,not_started,901-060-340-102,,HINGE ASSY,manufactured,,Historical Part Requote,False,25,0.00,0.00,0.00,50
7599,7043832,not_started,901-060-342-101,,FITTING ASSY,manufactured,,Historical Part Requote,False,35,0.00,0.00,0.00,50
7599,7043833,not_started,901-060-343-101,,FITTING ASSY,manufactured,,Historical Part Requote,False,850,0.00,0.00,0.00,50
7599,7043834,not_started,901-060-449-101,,FITTING ASSY,manufactured,,Historical Part Requote,False,15,0.00,0.00,0.00,50
7599,7043835,not_started,901-060-467-102,,FITTING ASSY,manufactured,,Historical Part Requote,False,45,0.00,0.00,0.00,50
7599,7043836,not_started,901-060-507-203,,"FITTING ASSY - UPR DIAGONAL BRACE, STA 4",manufactured,,Historical Part Requote,False,45,0.00,0.00,0.00,50
7599,7043837,not_started,901-060-507-204,,"FITTING ASSY - UPR DIAGONAL BRACE, STA 4",manufactured,,Historical Part Requote,False,45,0.00,0.00,0.00,50
7599,7043838,not_started,901-060-556-101,,FITTING ASSY,manufactured,,Historical Part Requote,False,105,0.00,0.00,0.00,50
7599,7043839,not_started,901-060-556-102,,FITTING ASSY,manufactured,,Historical Part Requote,False,145,0.00,0.00,0.00,50
7599,7043840,not_started,901-060-685-101,,FITTING ASSY,manufactured,,Historical Part Requote,False,125,0.00,0.00,0.00,50
7599,7043841,not_started,901-060-685-102,,FITTING ASSY,manufactured,,Historical Part Requote,False,130,0.00,0.00,0.00,50
7599,7043842,not_started,901-060-685-103,,FITTING ASSY - KEEPER MOUNT,manufactured,,Historical Part Requote,False,45,0.00,0.00,0.00,50
7599,7043843,not_started,901-060-686-102,,FITTING ASSY,manufactured,,Historical Part Requote,False,65,0.00,0.00,0.00,50
7599,7043844,not_started,901-060-686-104,,FITTING ASSY - KEEPER MOUNT,manufactured,,Historical Part Requote,False,50,0.00,0.00,0.00,50
7599,7043845,not_started,901-060-687-101,,FITTING ASSY,manufactured,,Historical Part Requote,False,115,0.00,0.00,0.00,50
7599,7043846,not_started,901-060-687-102,,FITTING ASSY,manufactured,,Historical Part Requote,False,135,0.00,0.00,0.00,50
7599,7043847,not_started,901-060-688-101,,FITTING ASSY,manufactured,,Historical Part Requote,False,105,0.00,0.00,0.00,50
7599,7043848,not_started,901-060-863-101,,LCH MT ASSY,manufactured,,Historical Part Requote,False,85,0.00,0.00,0.00,50
7599,7043849,not_started,901-060-863-103,,"MOUNT ASSY, HOOK LATCH - OUTBD, AFT, LH",manufactured,,Historical Part Requote,False,50,0.00,0.00,0.00,50
7599,7043850,not_started,901-060-863-104,,"MOUNT ASSY, HOOK LATCH - OUTBD, AFT, RH",manufactured,,Historical Part Requote,False,50,0.00,0.00,0.00,50
7599,7043851,not_started,901-062-234-105,,CLEVIS ASSY,manufactured,,Historical Part Requote,False,145,0.00,0.00,0.00,50
7599,7043852,not_started,901-062-234-106,,CLEVIS ASSY,manufactured,,Historical Part Requote,False,155,0.00,0.00,0.00,50
7599,7043853,not_started,901-069-213-101,,BRACKET ASSY,manufactured,,Historical Part Requote,False,110,0.00,0.00,0.00,50
7599,7043854,not_started,901-075-787-103,,SUPPORT ASSY,manufactured,,Historical Part Requote,False,595,0.00,0.00,0.00,50
7599,7043855,not_started,901-075-787-104,,SUPPORT ASSY,manufactured,,Historical Part Requote,False,148,0.00,0.00,0.00,50
7599,7043856,not_started,901-075-853-104,,BRACKET,manufactured,,Historical Part Requote,False,195,0.00,0.00,0.00,50
7599,7043857,not_started,SLS-065-100-117,,ENGINE OIL INLET FITTING,manufactured,,Historical Part Requote,False,440,0.00,0.00,0.00,50
7599,7043858,not_started,SLS-065-100-119,,ENGINE OIL VENT FITTING,manufactured,,Historical Part Requote,False,489,0.00,0.00,0.00,50
7599,7043859,not_started,SLS-073-301-001,,"FITTING, BLEED AIR TO ENGINE",manufactured,,Historical Part Requote,False,498,0.00,0.00,0.00,50
