quote_number,item_id,workflow_status,part_number,revision,description,type,material,process,is_fully_configured,quantity,unit_price,total_price,total_price_with_add_ons,lead_time
6500,5593108,no_quote,30-2143,-,"SHIM - SCREW UNIT, W.F.D.",manufactured,,,False,46,0.00,0.00,0.00,0
6501,5593526,completed,BB1K0006A,E,P-MOTOR PINION,manufactured,,,False,2100,68.78,144438.00,144438.00,60
6501,5593533,completed,BB1K0007A,G,MOTOR SHAFT,manufactured,,,False,4200,79.57,334194.00,334194.00,70
6501,5593534,completed,BB1K0018A,C,YAW PINION,manufactured,,,False,2100,51.81,108801.00,108801.00,70
6501,5593536,completed,BB1K0021A,G,Y-MOTOR HOUSE,manufactured,,,False,2100,338.00,709800.00,709800.00,70
6511,5595861,completed,901-075-653-101,B,COVER PLATE,manufactured,,,False,1,1807.00,1807.00,1807.00,40
6511,5595861,completed,901-075-653-101,B,COVER PLATE,manufactured,,,False,3,636.00,1908.00,1908.00,40
6511,5595861,completed,901-075-653-101,B,COVER PLATE,manufactured,,,False,7,303.00,2121.00,2121.00,40
6511,5595861,completed,901-075-653-101,B,COVER PLATE,manufactured,,,False,13,195.00,2535.00,2535.00,40
6511,5595862,completed,901-375-662-101,B,CHASSIS ASSY,manufactured,,,False,1,3445.00,3445.00,3445.00,60
6511,5595862,completed,901-375-662-101,B,CHASSIS ASSY,manufactured,,,False,3,1294.00,3882.00,3882.00,60
6511,5595862,completed,901-375-662-101,B,CHASSIS ASSY,manufactured,,,False,7,741.00,5187.00,5187.00,60
6511,5595862,completed,901-375-662-101,B,CHASSIS ASSY,manufactured,,,False,13,462.00,6006.00,6006.00,60
6509,5595776,no_quote,0021-10696,A,"CLIP,PYROMETER",manufactured,,No Quote,False,1,0.00,0.00,0.00,5
6509,5595776,no_quote,0021-10696,A,"CLIP,PYROMETER",manufactured,,No Quote,False,5,0.00,0.00,0.00,5
6509,5595776,no_quote,0021-10696,A,"CLIP,PYROMETER",manufactured,,No Quote,False,10,0.00,0.00,0.00,5
6506,5717630,completed,0020-86513,04,"NUT, RF, FEEDTHRU BRASS, 300 MM ENCORE TA(N)",manufactured,Brass 360,MS - Mill,True,1,919.00,919.00,2219.00,72
6506,5717630,completed,0020-86513,04,"NUT, RF, FEEDTHRU BRASS, 300 MM ENCORE TA(N)",manufactured,Brass 360,MS - Mill,True,5,216.00,1080.00,2380.00,72
6506,5717630,completed,0020-86513,04,"NUT, RF, FEEDTHRU BRASS, 300 MM ENCORE TA(N)",manufactured,Brass 360,MS - Mill,True,10,130.00,1300.00,2600.00,72
6505,5594918,completed,0023-26891,03,"SUPPLY VALVE BRACKET, 1/2 MNL VALVE, HX",manufactured,Stainless Steel 304L,SM - Piece,True,1,541.00,541.00,1141.00,68
6505,5594918,completed,0023-26891,03,"SUPPLY VALVE BRACKET, 1/2 MNL VALVE, HX",manufactured,Stainless Steel 304L,SM - Piece,True,5,118.00,590.00,1190.00,68
6505,5594918,completed,0023-26891,03,"SUPPLY VALVE BRACKET, 1/2 MNL VALVE, HX",manufactured,Stainless Steel 304L,SM - Piece,True,10,64.40,644.00,1244.00,68
6505,5594918,completed,0023-26891,03,"SUPPLY VALVE BRACKET, 1/2 MNL VALVE, HX",manufactured,Stainless Steel 304L,SM - Piece,True,15,46.73,700.95,1300.95,68
6505,5594918,completed,0023-26891,03,"SUPPLY VALVE BRACKET, 1/2 MNL VALVE, HX",manufactured,Stainless Steel 304L,SM - Piece,True,20,37.90,758.00,1358.00,68
6505,5594919,completed,0023-26892,02,"RETURN VALVE BRACKET, 1/2 MNL VALVE, HX",manufactured,Stainless Steel 304L,SM - Piece,True,1,550.00,550.00,1150.00,68
6505,5594919,completed,0023-26892,02,"RETURN VALVE BRACKET, 1/2 MNL VALVE, HX",manufactured,Stainless Steel 304L,SM - Piece,True,5,119.00,595.00,1195.00,68
6505,5594919,completed,0023-26892,02,"RETURN VALVE BRACKET, 1/2 MNL VALVE, HX",manufactured,Stainless Steel 304L,SM - Piece,True,10,64.50,645.00,1245.00,68
6505,5594919,completed,0023-26892,02,"RETURN VALVE BRACKET, 1/2 MNL VALVE, HX",manufactured,Stainless Steel 304L,SM - Piece,True,15,46.47,697.05,1297.05,68
6505,5594919,completed,0023-26892,02,"RETURN VALVE BRACKET, 1/2 MNL VALVE, HX",manufactured,Stainless Steel 304L,SM - Piece,True,20,37.45,749.00,1349.00,68
6504,5594517,completed,0020-20119,02,PAD DC BIAS,manufactured,Stainless Steel 316L,SM - Piece,True,1,16.67,16.67,16.67,15
6504,5594517,completed,0020-20119,02,PAD DC BIAS,manufactured,Stainless Steel 316L,SM - Piece,True,15,16.67,250.05,250.05,15
6504,5594517,completed,0020-20119,02,PAD DC BIAS,manufactured,Stainless Steel 316L,SM - Piece,True,152,16.67,2533.84,2533.84,15
6510,5595837,completed,449-005-128-101,A,"ASSY, PANEL",manufactured,,,False,1,1021.00,1021.00,1021.00,60
6510,5595837,completed,449-005-128-101,A,"ASSY, PANEL",manufactured,,,False,5,278.00,1390.00,1390.00,60
6510,5595837,completed,449-005-128-101,A,"ASSY, PANEL",manufactured,,,False,10,189.00,1890.00,1890.00,60
6510,5595837,completed,449-005-128-101,A,"ASSY, PANEL",manufactured,,,False,25,133.00,3325.00,3325.00,60
6507,5595052,completed,0023-33124,01,"BRCKET, RAIL MOUNT SUPPORT",manufactured,HRS,SM - Piece,True,1,577.00,577.00,1177.00,73
6507,5595052,completed,0023-33124,01,"BRCKET, RAIL MOUNT SUPPORT",manufactured,HRS,SM - Piece,True,5,127.00,635.00,1235.00,73
6507,5595052,completed,0023-33124,01,"BRCKET, RAIL MOUNT SUPPORT",manufactured,HRS,SM - Piece,True,10,70.40,704.00,1304.00,73
6507,5595053,completed,0023-33125,01,"BRACKET, DRIP TARY PULSER GEN AND RAIL M",manufactured,HRS,SM - Piece,True,1,582.00,582.00,1182.00,73
6507,5595053,completed,0023-33125,01,"BRACKET, DRIP TARY PULSER GEN AND RAIL M",manufactured,HRS,SM - Piece,True,5,130.00,650.00,1250.00,73
6507,5595053,completed,0023-33125,01,"BRACKET, DRIP TARY PULSER GEN AND RAIL M",manufactured,HRS,SM - Piece,True,10,73.30,733.00,1333.00,73
6516,5597293,completed,901-075-653-101,A,COVER PLATE,manufactured,,,False,2,938.00,1876.00,1876.00,40
6516,5597293,completed,901-075-653-101,A,COVER PLATE,manufactured,,,False,6,345.00,2070.00,2070.00,40
6516,5597295,completed,901-375-662-104,B,CHASSIS ASSY RH,manufactured,,,False,2,1817.00,3634.00,3634.00,60
6516,5597295,completed,901-375-662-104,B,CHASSIS ASSY RH,manufactured,,,False,6,832.00,4992.00,4992.00,60
6502,5594006,completed,0040-51512,05,"BRACKET, LIFT MOUNT, XP W/LCF",manufactured,Aluminum 6061-T6,MS - Mill,True,5,809.00,4045.00,6145.00,59
6502,5594006,completed,0040-51512,05,"BRACKET, LIFT MOUNT, XP W/LCF",manufactured,Aluminum 6061-T6,MS - Mill,True,10,658.00,6580.00,8680.00,60
6502,5594006,completed,0040-51512,05,"BRACKET, LIFT MOUNT, XP W/LCF",manufactured,Aluminum 6061-T6,MS - Mill,True,25,567.00,14175.00,16275.00,63
6502,5594006,completed,0040-51512,05,"BRACKET, LIFT MOUNT, XP W/LCF",manufactured,Aluminum 6061-T6,MS - Mill,True,50,537.00,26850.00,26850.00,69
6502,5594007,completed,0020-29819,04,"HARD STOP, LIFT",manufactured,Stainless Steel 303,MS - Mill,True,5,487.00,2435.00,3235.00,54
6502,5594007,completed,0020-29819,04,"HARD STOP, LIFT",manufactured,Stainless Steel 303,MS - Mill,True,10,368.00,3680.00,4480.00,55
6502,5594007,completed,0020-29819,04,"HARD STOP, LIFT",manufactured,Stainless Steel 303,MS - Mill,True,25,303.00,7575.00,8375.00,58
6502,5594007,completed,0020-29819,04,"HARD STOP, LIFT",manufactured,Stainless Steel 303,MS - Mill,True,50,281.00,14050.00,14050.00,63
6502,5594008,completed,0020-29822,06,"PIVOT MOUNT, LOWER, LIFT",manufactured,Stainless Steel 303,MS - Mill,True,5,1080.00,5400.00,6500.00,56
6502,5594008,completed,0020-29822,06,"PIVOT MOUNT, LOWER, LIFT",manufactured,Stainless Steel 303,MS - Mill,True,10,855.00,8550.00,9650.00,58
6502,5594008,completed,0020-29822,06,"PIVOT MOUNT, LOWER, LIFT",manufactured,Stainless Steel 303,MS - Mill,True,25,728.00,18200.00,19300.00,65
6502,5594008,completed,0020-29822,06,"PIVOT MOUNT, LOWER, LIFT",manufactured,Stainless Steel 303,MS - Mill,True,50,686.00,34300.00,34300.00,76
6502,5804651,completed,0040-23342,03,FORCE CLAMP UPPER MOUNT,manufactured,Stainless Steel 303,MS - Mill,True,5,436.00,2180.00,3280.00,56
6502,5804651,completed,0040-23342,03,FORCE CLAMP UPPER MOUNT,manufactured,Stainless Steel 303,MS - Mill,True,10,292.00,2920.00,4020.00,56
6502,5804651,completed,0040-23342,03,FORCE CLAMP UPPER MOUNT,manufactured,Stainless Steel 303,MS - Mill,True,25,207.00,5175.00,6275.00,58
6502,5804651,completed,0040-23342,03,FORCE CLAMP UPPER MOUNT,manufactured,Stainless Steel 303,MS - Mill,True,50,180.00,9000.00,9000.00,60
6502,5804969,completed,0040-47825,09,HT SWLL HOOP,manufactured,Stainless Steel 316L,MS - Mill,True,5,1770.00,8850.00,11950.00,71
6502,5804969,completed,0040-47825,09,HT SWLL HOOP,manufactured,Stainless Steel 316L,MS - Mill,True,10,1520.00,15200.00,18300.00,74
6502,5804969,completed,0040-47825,09,HT SWLL HOOP,manufactured,Stainless Steel 316L,MS - Mill,True,25,1370.00,34250.00,37350.00,82
6502,5804969,completed,0040-47825,09,HT SWLL HOOP,manufactured,Stainless Steel 316L,MS - Mill,True,50,1320.00,66000.00,66000.00,95
6502,5808341,completed,0040-52072,04,HINGE BRACKET UNIVERSL LID 30 MM ENDURA,manufactured,Aluminum 6061-T6,MS - Mill,True,5,2130.00,10650.00,12150.00,66
6502,5808341,completed,0040-52072,04,HINGE BRACKET UNIVERSL LID 30 MM ENDURA,manufactured,Aluminum 6061-T6,MS - Mill,True,10,1760.00,17600.00,19100.00,69
6502,5808341,completed,0040-52072,04,HINGE BRACKET UNIVERSL LID 30 MM ENDURA,manufactured,Aluminum 6061-T6,MS - Mill,True,25,1540.00,38500.00,40000.00,79
6502,5808341,completed,0040-52072,04,HINGE BRACKET UNIVERSL LID 30 MM ENDURA,manufactured,Aluminum 6061-T6,MS - Mill,True,50,1470.00,73500.00,73500.00,96
6502,5810239,completed,0041-31673,07,"SPACER, HT SWLL HOOP, ENP",manufactured,Aluminum 6061-T6,MS - Mill,True,5,325.00,1625.00,2425.00,65
6502,5810239,completed,0041-31673,07,"SPACER, HT SWLL HOOP, ENP",manufactured,Aluminum 6061-T6,MS - Mill,True,10,194.00,1940.00,2740.00,65
6502,5810239,completed,0041-31673,07,"SPACER, HT SWLL HOOP, ENP",manufactured,Aluminum 6061-T6,MS - Mill,True,25,115.00,2875.00,3675.00,66
6502,5810239,completed,0041-31673,07,"SPACER, HT SWLL HOOP, ENP",manufactured,Aluminum 6061-T6,MS - Mill,True,50,90.00,4500.00,4500.00,67
6512,5595907,completed,0023-16336,03,NUT PLATE EV MANIFOLD,manufactured,Aluminum 5052-H32,SM - Piece,True,1,499.00,499.00,1099.00,62
6512,5595907,completed,0023-16336,03,NUT PLATE EV MANIFOLD,manufactured,Aluminum 5052-H32,SM - Piece,True,5,120.00,600.00,1200.00,62
6512,5595907,completed,0023-16336,03,NUT PLATE EV MANIFOLD,manufactured,Aluminum 5052-H32,SM - Piece,True,10,72.30,723.00,1323.00,62
6518,5613089,no_quote,512-830-600-703,-,AFT SKIN ASSY RH,manufactured,,NQ - No Capacity,False,1,0.00,0.00,0.00,5
6517,5612889,completed,512-030-300-555,-,BRACKET ASSY INTR PANEL,manufactured,Aluminum 6013-T4,SM - Piece (combo),True,132,361.00,47652.00,47652.00,70
6519,5613322,no_quote,212-030-156-003,AH,BULKHEAD,manufactured,,NQ - No Capacity,False,12,0.00,0.00,0.00,5
6515,5706246,completed,0042-77504,03,"TOP COVER, RF AC
FILTER & RELAY, 300MM
CVD",manufactured,Aluminum 5050-H32,SM - Piece W/HDWE,True,1,562.00,562.00,1362.00,67
6515,5706246,completed,0042-77504,03,"TOP COVER, RF AC
FILTER & RELAY, 300MM
CVD",manufactured,Aluminum 5050-H32,SM - Piece W/HDWE,True,5,131.00,655.00,1455.00,67
6515,5706246,completed,0042-77504,03,"TOP COVER, RF AC
FILTER & RELAY, 300MM
CVD",manufactured,Aluminum 5050-H32,SM - Piece W/HDWE,True,10,77.00,770.00,1570.00,67
6514,5596348,completed,0042-97458,01,DRIP TRAY_5K TMP,assembled,Aluminum 5052-H32,SM - Assy,True,1,110.00,110.00,710.00,36
6514,5596348,completed,0042-97458,01,DRIP TRAY_5K TMP,assembled,Aluminum 5052-H32,SM - Assy,True,5,184.00,920.00,1520.00,62
6514,5596348,completed,0042-97458,01,DRIP TRAY_5K TMP,assembled,Aluminum 5052-H32,SM - Assy,True,10,110.00,1100.00,1700.00,62
6513,5780727,completed,0042-56657,06,"ASSEMBLY,COVER, VALVES,
C3oAP",assembled,CRS,SM - Assy,True,1,1110.00,1110.00,1110.00,66
6513,5780727,completed,0042-56657,06,"ASSEMBLY,COVER, VALVES,
C3oAP",assembled,CRS,SM - Assy,True,5,302.00,1510.00,1510.00,66
6513,5780727,completed,0042-56657,06,"ASSEMBLY,COVER, VALVES,
C3oAP",assembled,CRS,SM - Assy,True,10,201.00,2010.00,2010.00,66
6523,5615530,completed,03-P15263B09,D,HOUSING,manufactured,,,False,38,174.00,6612.00,6612.00,40
6520,5613414,completed,512-030-130-545,-,CAP PITOT MOUNT,manufactured,Aluminum 7050-T7451,MS - Mill,True,2,1146.00,2292.00,2292.00,61
6524,5615581,completed,901-075-653-101,A,COVER PLATE,manufactured,,,False,1,1421.00,1421.00,1421.00,60
6524,5615581,completed,901-075-653-101,A,COVER PLATE,manufactured,,,False,9,243.00,2187.00,2187.00,60
6524,5615581,completed,901-075-653-101,A,COVER PLATE,manufactured,,,False,10,236.00,2360.00,2360.00,60
6524,5615581,completed,901-075-653-101,A,COVER PLATE,manufactured,,,False,11,224.00,2464.00,2464.00,60
6524,5615581,completed,901-075-653-101,A,COVER PLATE,manufactured,,,False,32,109.00,3488.00,3488.00,60
6524,5615580,completed,901-375-662-102,B,CHASSIS ASSY,manufactured,,,False,1,3445.00,3445.00,3445.00,70
6524,5615580,completed,901-375-662-102,B,CHASSIS ASSY,manufactured,,,False,9,658.00,5922.00,5922.00,70
6524,5615580,completed,901-375-662-102,B,CHASSIS ASSY,manufactured,,,False,10,653.00,6530.00,6530.00,70
6524,5615580,completed,901-375-662-102,B,CHASSIS ASSY,manufactured,,,False,11,581.00,6391.00,6391.00,70
6524,5615580,completed,901-375-662-102,B,CHASSIS ASSY,manufactured,,,False,32,481.00,15392.00,15392.00,70
6527,5616525,completed,209-074-401-101-KIT,-,CHASSIS ASSY,manufactured,,Aerospace Assembly,False,2,2663.00,5326.00,5326.00,70
6527,5616525,completed,209-074-401-101-KIT,-,CHASSIS ASSY,manufactured,,Aerospace Assembly,False,5,1738.00,8690.00,8690.00,70
6527,5616525,completed,209-074-401-101-KIT,-,CHASSIS ASSY,manufactured,,Aerospace Assembly,False,10,1207.00,12070.00,12070.00,70
6527,5616525,completed,209-074-401-101-KIT,-,CHASSIS ASSY,manufactured,,Aerospace Assembly,False,20,959.00,19180.00,19180.00,70
6525,5615665,completed,901-075-670-103,C,COVER PLATE ASSY,manufactured,,,False,1,3286.00,3286.00,3286.00,70
6525,5615665,completed,901-075-670-103,C,COVER PLATE ASSY,manufactured,,,False,19,1166.00,22154.00,22154.00,70
6525,5615665,completed,901-075-670-103,C,COVER PLATE ASSY,manufactured,,,False,25,1156.00,28900.00,28900.00,70
6525,5615665,completed,901-075-670-103,C,COVER PLATE ASSY,manufactured,,,False,119,955.00,113645.00,113645.00,70
6525,5615666,completed,901-075-672-101,A,"COVER, RH NACELLE",manufactured,,,False,1,1231.00,1231.00,1231.00,60
6525,5615666,completed,901-075-672-101,A,"COVER, RH NACELLE",manufactured,,,False,19,130.00,2470.00,2470.00,60
6525,5615666,completed,901-075-672-101,A,"COVER, RH NACELLE",manufactured,,,False,25,115.00,2875.00,2875.00,60
6525,5615666,completed,901-075-672-101,A,"COVER, RH NACELLE",manufactured,,,False,119,83.60,9948.40,9948.40,60
6525,5615664,completed,901-375-660-101,A,CHASSIS ASSY,manufactured,,,False,1,6062.00,6062.00,6062.00,70
6525,5615664,completed,901-375-660-101,A,CHASSIS ASSY,manufactured,,,False,19,1253.00,23807.00,23807.00,70
6525,5615664,completed,901-375-660-101,A,CHASSIS ASSY,manufactured,,,False,25,1194.00,29850.00,29850.00,70
6525,5615664,completed,901-375-660-101,A,CHASSIS ASSY,manufactured,,,False,119,914.00,108766.00,108766.00,70
6508,5595533,completed,0023-15911,04,"KICK STAND, OPTICAL CABLE",manufactured,Stainless Steel 304L,SM - Piece,True,1,550.00,550.00,1150.00,75
6508,5595533,completed,0023-15911,04,"KICK STAND, OPTICAL CABLE",manufactured,Stainless Steel 304L,SM - Piece,True,5,129.00,645.00,1245.00,75
6508,5595533,completed,0023-15911,04,"KICK STAND, OPTICAL CABLE",manufactured,Stainless Steel 304L,SM - Piece,True,10,76.00,760.00,1360.00,75
6508,5595534,completed,0042-47170,03,MOUNT MATCH BKLHD,manufactured,,,False,1,0.00,0.00,0.00,0
6508,5595534,completed,0042-47170,03,MOUNT MATCH BKLHD,manufactured,,,False,5,0.00,0.00,0.00,0
6508,5595534,completed,0042-47170,03,MOUNT MATCH BKLHD,manufactured,,,False,10,0.00,0.00,0.00,0
6508,5595535,completed,0042-56657,06,"ASSEMBLY,COVER, VALVES, C3oAP",assembled,,,False,1,0.00,0.00,0.00,0
6508,5595535,completed,0042-56657,06,"ASSEMBLY,COVER, VALVES, C3oAP",assembled,,,False,5,0.00,0.00,0.00,0
6508,5595535,completed,0042-56657,06,"ASSEMBLY,COVER, VALVES, C3oAP",assembled,,,False,10,0.00,0.00,0.00,0
6508,5595536,completed,0042-92522,04,"BLANK OFF PLATE, NON MZ CONFIGURATION",assembled,,,False,1,0.00,0.00,0.00,0
6508,5595536,completed,0042-92522,04,"BLANK OFF PLATE, NON MZ CONFIGURATION",assembled,,,False,5,0.00,0.00,0.00,0
6508,5595536,completed,0042-92522,04,"BLANK OFF PLATE, NON MZ CONFIGURATION",assembled,,,False,10,0.00,0.00,0.00,0
6508,5595537,completed,0042-94566,,SIDE MOUNT PL ACDC TOWER,manufactured,,,False,1,0.00,0.00,0.00,0
6508,5595537,completed,0042-94566,,SIDE MOUNT PL ACDC TOWER,manufactured,,,False,5,0.00,0.00,0.00,0
6508,5595537,completed,0042-94566,,SIDE MOUNT PL ACDC TOWER,manufactured,,,False,10,0.00,0.00,0.00,0
6508,5595538,completed,0023-16223,03,SIDE MOUNTING PLATE,manufactured,,,False,1,0.00,0.00,0.00,0
6508,5595538,completed,0023-16223,03,SIDE MOUNTING PLATE,manufactured,,,False,5,0.00,0.00,0.00,0
6508,5595538,completed,0023-16223,03,SIDE MOUNTING PLATE,manufactured,,,False,10,0.00,0.00,0.00,0
6508,5595539,completed,0023-16336,03,NUT PLATE EV MANIFOLD,manufactured,,,False,1,0.00,0.00,0.00,0
6508,5595539,completed,0023-16336,03,NUT PLATE EV MANIFOLD,manufactured,,,False,5,0.00,0.00,0.00,0
6508,5595539,completed,0023-16336,03,NUT PLATE EV MANIFOLD,manufactured,,,False,10,0.00,0.00,0.00,0
6508,5595540,completed,0023-16895,02,"MOUNTING PLATE, AC BOX SHTMTL",manufactured,,,False,1,0.00,0.00,0.00,0
6508,5595540,completed,0023-16895,02,"MOUNTING PLATE, AC BOX SHTMTL",manufactured,,,False,5,0.00,0.00,0.00,0
6508,5595540,completed,0023-16895,02,"MOUNTING PLATE, AC BOX SHTMTL",manufactured,,,False,10,0.00,0.00,0.00,0
6508,5595541,completed,0023-17455,,INTEGRATION BRACKET AC-DC BOX 0.12 THK.,manufactured,,,False,1,0.00,0.00,0.00,0
6508,5595541,completed,0023-17455,,INTEGRATION BRACKET AC-DC BOX 0.12 THK.,manufactured,,,False,5,0.00,0.00,0.00,0
6508,5595541,completed,0023-17455,,INTEGRATION BRACKET AC-DC BOX 0.12 THK.,manufactured,,,False,10,0.00,0.00,0.00,0
6508,5595542,completed,0023-19205,01,"BOTTOM MOUNTING PLATE, AC BOX SHTMTL",manufactured,,,False,1,0.00,0.00,0.00,0
6508,5595542,completed,0023-19205,01,"BOTTOM MOUNTING PLATE, AC BOX SHTMTL",manufactured,,,False,5,0.00,0.00,0.00,0
6508,5595542,completed,0023-19205,01,"BOTTOM MOUNTING PLATE, AC BOX SHTMTL",manufactured,,,False,10,0.00,0.00,0.00,0
6508,5595543,completed,0023-20452,03,"PLATE, CONTROLLER, MOUNT",manufactured,,,False,1,0.00,0.00,0.00,0
6508,5595543,completed,0023-20452,03,"PLATE, CONTROLLER, MOUNT",manufactured,,,False,5,0.00,0.00,0.00,0
6508,5595543,completed,0023-20452,03,"PLATE, CONTROLLER, MOUNT",manufactured,,,False,10,0.00,0.00,0.00,0
6508,5595544,completed,0023-20453,01,"PL SUPPORT, TP TEMP CNTR",manufactured,,,False,1,0.00,0.00,0.00,0
6508,5595544,completed,0023-20453,01,"PL SUPPORT, TP TEMP CNTR",manufactured,,,False,5,0.00,0.00,0.00,0
6508,5595544,completed,0023-20453,01,"PL SUPPORT, TP TEMP CNTR",manufactured,,,False,10,0.00,0.00,0.00,0
6508,5595545,completed,0023-21538,02,FORKLIFT POCKET_WELDED 10X4 C3oC,manufactured,,,False,1,0.00,0.00,0.00,0
6508,5595545,completed,0023-21538,02,FORKLIFT POCKET_WELDED 10X4 C3oC,manufactured,,,False,5,0.00,0.00,0.00,0
6508,5595545,completed,0023-21538,02,FORKLIFT POCKET_WELDED 10X4 C3oC,manufactured,,,False,10,0.00,0.00,0.00,0
6508,5595546,completed,0042-56976,03,"MOUNT PL, TP CNTRLR",assembled,,,False,1,0.00,0.00,0.00,0
6508,5595546,completed,0042-56976,03,"MOUNT PL, TP CNTRLR",assembled,,,False,5,0.00,0.00,0.00,0
6508,5595546,completed,0042-56976,03,"MOUNT PL, TP CNTRLR",assembled,,,False,10,0.00,0.00,0.00,0
6508,5595547,completed,0042-58003,02,"BRACKET, MOUNT FOR IHC, ARGON STICK, SFV",assembled,,,False,1,0.00,0.00,0.00,0
6508,5595547,completed,0042-58003,02,"BRACKET, MOUNT FOR IHC, ARGON STICK, SFV",assembled,,,False,5,0.00,0.00,0.00,0
6508,5595547,completed,0042-58003,02,"BRACKET, MOUNT FOR IHC, ARGON STICK, SFV",assembled,,,False,10,0.00,0.00,0.00,0
6508,5595548,completed,0042-89419,02,MOUNTING BRACKET LOTO BOX,assembled,,,False,1,0.00,0.00,0.00,0
6508,5595548,completed,0042-89419,02,MOUNTING BRACKET LOTO BOX,assembled,,,False,5,0.00,0.00,0.00,0
6508,5595548,completed,0042-89419,02,MOUNTING BRACKET LOTO BOX,assembled,,,False,10,0.00,0.00,0.00,0
6508,5595549,completed,0042-91081,03,"MOUNT BRACKET, RMZ4 AND RMSA",assembled,,,False,1,0.00,0.00,0.00,0
6508,5595549,completed,0042-91081,03,"MOUNT BRACKET, RMZ4 AND RMSA",assembled,,,False,5,0.00,0.00,0.00,0
6508,5595549,completed,0042-91081,03,"MOUNT BRACKET, RMZ4 AND RMSA",assembled,,,False,10,0.00,0.00,0.00,0
6508,5595550,completed,0042-91138,02,"MOUNTING PL, LOTO VALVE",assembled,,,False,1,0.00,0.00,0.00,0
6508,5595550,completed,0042-91138,02,"MOUNTING PL, LOTO VALVE",assembled,,,False,5,0.00,0.00,0.00,0
6508,5595550,completed,0042-91138,02,"MOUNTING PL, LOTO VALVE",assembled,,,False,10,0.00,0.00,0.00,0
6508,5595551,completed,0042-91150,02,"MOUNT PL, HTTP TEMP CNTRLR",assembled,,,False,1,0.00,0.00,0.00,0
6508,5595551,completed,0042-91150,02,"MOUNT PL, HTTP TEMP CNTRLR",assembled,,,False,5,0.00,0.00,0.00,0
6508,5595551,completed,0042-91150,02,"MOUNT PL, HTTP TEMP CNTRLR",assembled,,,False,10,0.00,0.00,0.00,0
6508,5595552,completed,0042-97458,01,DRIP TRAY_5K TMP,assembled,,,False,1,0.00,0.00,0.00,0
6508,5595552,completed,0042-97458,01,DRIP TRAY_5K TMP,assembled,,,False,5,0.00,0.00,0.00,0
6508,5595552,completed,0042-97458,01,DRIP TRAY_5K TMP,assembled,,,False,10,0.00,0.00,0.00,0
6508,5595553,completed,0042-98241,01,BOTTOM DRIP TRAY,assembled,,,False,1,0.00,0.00,0.00,0
6508,5595553,completed,0042-98241,01,BOTTOM DRIP TRAY,assembled,,,False,5,0.00,0.00,0.00,0
6508,5595553,completed,0042-98241,01,BOTTOM DRIP TRAY,assembled,,,False,10,0.00,0.00,0.00,0
6508,5595554,completed,0042-98621,04,"BRACKET, SHIPPING, 3WAY AND PURGE VALVES",assembled,,,False,1,0.00,0.00,0.00,0
6508,5595554,completed,0042-98621,04,"BRACKET, SHIPPING, 3WAY AND PURGE VALVES",assembled,,,False,5,0.00,0.00,0.00,0
6508,5595554,completed,0042-98621,04,"BRACKET, SHIPPING, 3WAY AND PURGE VALVES",assembled,,,False,10,0.00,0.00,0.00,0
6508,5595555,completed,0042-88064,03,"RIVETED COVER, SLD, ASTM A1008",assembled,,,False,1,0.00,0.00,0.00,0
6508,5595555,completed,0042-88064,03,"RIVETED COVER, SLD, ASTM A1008",assembled,,,False,5,0.00,0.00,0.00,0
6508,5595555,completed,0042-88064,03,"RIVETED COVER, SLD, ASTM A1008",assembled,,,False,10,0.00,0.00,0.00,0
6508,5595556,completed,0042-90097,07,"PANEL, EYED / MZ ACTINIUM CONTROLLER ENC",assembled,,,False,1,0.00,0.00,0.00,0
6508,5595556,completed,0042-90097,07,"PANEL, EYED / MZ ACTINIUM CONTROLLER ENC",assembled,,,False,5,0.00,0.00,0.00,0
6508,5595556,completed,0042-90097,07,"PANEL, EYED / MZ ACTINIUM CONTROLLER ENC",assembled,,,False,10,0.00,0.00,0.00,0
6508,5595557,completed,0042-95677,03,"FRAME, WELDMENT C3oC",assembled,,,False,1,26.40,26.40,26.40,0
6508,5595557,completed,0042-95677,03,"FRAME, WELDMENT C3oC",assembled,,,False,5,26.40,132.00,132.00,0
6508,5595557,completed,0042-95677,03,"FRAME, WELDMENT C3oC",assembled,,,False,10,26.40,264.00,264.00,0
6508,5595558,completed,0023-23759,01,"CONNECTOR, GAS SPRING, SYM3",manufactured,,,False,1,0.00,0.00,0.00,0
6508,5595558,completed,0023-23759,01,"CONNECTOR, GAS SPRING, SYM3",manufactured,,,False,5,0.00,0.00,0.00,0
6508,5595558,completed,0023-23759,01,"CONNECTOR, GAS SPRING, SYM3",manufactured,,,False,10,0.00,0.00,0.00,0
6508,5595559,completed,0042-57976,01,"SPLASH SHIELD,INPUT STA INTERFACE PANEL,",assembled,,,False,1,0.00,0.00,0.00,0
6508,5595559,completed,0042-57976,01,"SPLASH SHIELD,INPUT STA INTERFACE PANEL,",assembled,,,False,5,0.00,0.00,0.00,0
6508,5595559,completed,0042-57976,01,"SPLASH SHIELD,INPUT STA INTERFACE PANEL,",assembled,,,False,10,0.00,0.00,0.00,0
6508,5595560,completed,0042-65382,,"AP FRAME, CHAMBER MODULE",manufactured,,,False,1,0.00,0.00,0.00,0
6508,5595560,completed,0042-65382,,"AP FRAME, CHAMBER MODULE",manufactured,,,False,5,0.00,0.00,0.00,0
6508,5595560,completed,0042-65382,,"AP FRAME, CHAMBER MODULE",manufactured,,,False,10,0.00,0.00,0.00,0
6508,5836804,completed,0042-65671,01,"BRKT TOP, ION GAUGE COVER SUPPORT",manufactured,CRS,SM - Piece W/HDWE,True,1,571.00,571.00,1171.00,80
6508,5836804,completed,0042-65671,01,"BRKT TOP, ION GAUGE COVER SUPPORT",manufactured,CRS,SM - Piece W/HDWE,True,5,136.00,680.00,1280.00,80
6508,5836804,completed,0042-65671,01,"BRKT TOP, ION GAUGE COVER SUPPORT",manufactured,CRS,SM - Piece W/HDWE,True,10,81.10,811.00,1411.00,80
6508,5836803,completed,0042-65672,02,COVER ION GAUGE,manufactured,CRS,SM - Piece,True,1,806.00,806.00,1406.00,80
6508,5836803,completed,0042-65672,02,COVER ION GAUGE,manufactured,CRS,SM - Piece,True,5,210.00,1050.00,1650.00,80
6508,5836803,completed,0042-65672,02,COVER ION GAUGE,manufactured,CRS,SM - Piece,True,10,135.00,1350.00,1950.00,80
6508,5836802,completed,0042-65673,02,"BRKT, ION GAUGE COVER SUPPORT",manufactured,CRS,SM - Piece W/HDWE,True,1,563.00,563.00,1163.00,80
6508,5836802,completed,0042-65673,02,"BRKT, ION GAUGE COVER SUPPORT",manufactured,CRS,SM - Piece W/HDWE,True,5,128.00,640.00,1240.00,80
6508,5836802,completed,0042-65673,02,"BRKT, ION GAUGE COVER SUPPORT",manufactured,CRS,SM - Piece W/HDWE,True,10,73.10,731.00,1331.00,80
6508,5595564,completed,0042-66269,01,"BRACKET, VENTURI PUMP & REGULATOR",assembled,,,False,1,0.00,0.00,0.00,0
6508,5595564,completed,0042-66269,01,"BRACKET, VENTURI PUMP & REGULATOR",assembled,,,False,5,0.00,0.00,0.00,0
6508,5595564,completed,0042-66269,01,"BRACKET, VENTURI PUMP & REGULATOR",assembled,,,False,10,0.00,0.00,0.00,0
6508,5836798,completed,0042-67755,01,"BRT , MANOMETER COVER SUPPORT",manufactured,CRS,SM - Piece W/HDWE,True,1,563.00,563.00,1163.00,80
6508,5836798,completed,0042-67755,01,"BRT , MANOMETER COVER SUPPORT",manufactured,CRS,SM - Piece W/HDWE,True,5,128.00,640.00,1240.00,80
6508,5836798,completed,0042-67755,01,"BRT , MANOMETER COVER SUPPORT",manufactured,CRS,SM - Piece W/HDWE,True,10,72.80,728.00,1328.00,80
6508,5595566,completed,0042-68208,01,"BRACKET, CIOC",manufactured,,,False,1,0.00,0.00,0.00,0
6508,5595566,completed,0042-68208,01,"BRACKET, CIOC",manufactured,,,False,5,0.00,0.00,0.00,0
6508,5595566,completed,0042-68208,01,"BRACKET, CIOC",manufactured,,,False,10,0.00,0.00,0.00,0
6508,5595567,completed,0042-71344,01,"WELDMENT, BELLOWS, SLD",assembled,,,False,1,5.62,5.62,5.62,0
6508,5595567,completed,0042-71344,01,"WELDMENT, BELLOWS, SLD",assembled,,,False,5,5.62,28.10,28.10,0
6508,5595567,completed,0042-71344,01,"WELDMENT, BELLOWS, SLD",assembled,,,False,10,5.62,56.20,56.20,0
6508,5595568,completed,0042-88727,02,"SUPPORT ROD, LEFT",assembled,,,False,1,1.40,1.40,1.40,0
6508,5595568,completed,0042-88727,02,"SUPPORT ROD, LEFT",assembled,,,False,5,1.40,7.00,7.00,0
6508,5595568,completed,0042-88727,02,"SUPPORT ROD, LEFT",assembled,,,False,10,1.40,14.00,14.00,0
6508,5836796,completed,0042-88747,02,,manufactured,Aluminum 6061-T6,MS - Mill Turn,False,1,1260.00,1260.00,2560.00,75
6508,5836796,completed,0042-88747,02,,manufactured,Aluminum 6061-T6,MS - Mill Turn,False,5,319.00,1595.00,2895.00,75
6508,5836796,completed,0042-88747,02,,manufactured,Aluminum 6061-T6,MS - Mill Turn,False,10,202.00,2020.00,3320.00,75
6532,5632710,no_quote,512-012-003-101,-,SLEEVE - TAIL ROTOR,manufactured,,,False,15,0.00,0.00,0.00,0
6522,5615285,no_quote,77C716333P002,C,HEAT SINK ELECTRICAL COMPONENT,manufactured,,,False,12,0.00,0.00,0.00,0
6522,5615285,no_quote,77C716333P002,C,HEAT SINK ELECTRICAL COMPONENT,manufactured,,,False,22,0.00,0.00,0.00,0
6522,5615285,no_quote,77C716333P002,C,HEAT SINK ELECTRICAL COMPONENT,manufactured,,,False,34,0.00,0.00,0.00,0
6522,5615288,no_quote,77C716333P002,C,HEAT SINK ELECTRICAL COMPONENT,manufactured,,,False,12,0.00,0.00,0.00,0
6522,5615288,no_quote,77C716333P002,C,HEAT SINK ELECTRICAL COMPONENT,manufactured,,,False,22,0.00,0.00,0.00,0
6522,5615288,no_quote,77C716333P002,C,HEAT SINK ELECTRICAL COMPONENT,manufactured,,,False,34,0.00,0.00,0.00,0
6529,5617065,completed,901-075-668-101,A,"COVER, 2024-T3",manufactured,,,False,2,846.00,1692.00,1692.00,40
6529,5617065,completed,901-075-668-101,A,"COVER, 2024-T3",manufactured,,,False,3,593.00,1779.00,1779.00,40
6529,5617065,completed,901-075-668-101,A,"COVER, 2024-T3",manufactured,,,False,4,469.00,1876.00,1876.00,40
6529,5617065,completed,901-075-668-101,A,"COVER, 2024-T3",manufactured,,,False,15,189.00,2835.00,2835.00,40
6529,5617066,completed,901-375-658-101,A,"CHASSIS, ASSY, 5052-H32",manufactured,,,False,2,2090.00,4180.00,4180.00,70
6529,5617066,completed,901-375-658-101,A,"CHASSIS, ASSY, 5052-H32",manufactured,,,False,3,1736.00,5208.00,5208.00,70
6529,5617066,completed,901-375-658-101,A,"CHASSIS, ASSY, 5052-H32",manufactured,,,False,4,1607.00,6428.00,6428.00,70
6529,5617066,completed,901-375-658-101,A,"CHASSIS, ASSY, 5052-H32",manufactured,,,False,15,738.00,11070.00,11070.00,70
6521,5613594,completed,412-062-723-101,B,CRANK ASSY,manufactured,Stainless Steel 17-4 PH,MS - Mill,True,35,467.00,16345.00,18965.00,80
6535,5632648,completed,5-96330-110,K,"PLATE, STRUCTURAL, AIRCRAFT",manufactured,,,False,15,0.00,0.00,0.00,0
6536,5633298,no_quote,512-040-516-101,-,NUT DPLX OUTER RACE - MRGB,manufactured,,,False,15,0.00,0.00,0.00,0
6533,5630405,completed,449-005-210-101,F,ASSY CHASSIS,manufactured,,Aerospace Assembly,False,23,1818.00,41814.00,41814.00,70
6526,5615812,completed,901-075-669-101,B,"COVER PLATE, WIRING INTEGRATION, LH NAC",manufactured,,,False,1,1231.00,1231.00,1231.00,60
6526,5615812,completed,901-075-669-101,B,"COVER PLATE, WIRING INTEGRATION, LH NAC",manufactured,,,False,21,124.00,2604.00,2604.00,60
6526,5615812,completed,901-075-669-101,B,"COVER PLATE, WIRING INTEGRATION, LH NAC",manufactured,,,False,22,121.00,2662.00,2662.00,60
6526,5615812,completed,901-075-669-101,B,"COVER PLATE, WIRING INTEGRATION, LH NAC",manufactured,,,False,106,84.77,8985.62,8985.62,60
6526,5615813,completed,901-075-670-103,C,COVER PLATE ASSY,manufactured,,,False,1,3286.00,3286.00,3286.00,70
6526,5615813,completed,901-075-670-103,C,COVER PLATE ASSY,manufactured,,,False,21,1164.00,24444.00,24444.00,70
6526,5615813,completed,901-075-670-103,C,COVER PLATE ASSY,manufactured,,,False,22,1159.00,25498.00,25498.00,70
6526,5615813,completed,901-075-670-103,C,COVER PLATE ASSY,manufactured,,,False,106,972.00,103032.00,103032.00,70
6526,5615815,completed,901-375-659-101,A,"CHASSIS ASSY, WIRING INTEGRATION, LH NAC",manufactured,,,False,1,6062.00,6062.00,6062.00,70
6526,5615815,completed,901-375-659-101,A,"CHASSIS ASSY, WIRING INTEGRATION, LH NAC",manufactured,,,False,21,1246.00,26166.00,26166.00,70
6526,5615815,completed,901-375-659-101,A,"CHASSIS ASSY, WIRING INTEGRATION, LH NAC",manufactured,,,False,22,1201.00,26422.00,26422.00,70
6526,5615815,completed,901-375-659-101,A,"CHASSIS ASSY, WIRING INTEGRATION, LH NAC",manufactured,,,False,106,916.00,97096.00,97096.00,70
6537,5633478,no_quote,205-030-204-018,-,ANGLE,manufactured,,,False,1,0.00,0.00,0.00,0
6534,5632349,completed,113W9989-13,,"RETAINER, SEAL - FWD FAIRING 5",manufactured,,,False,227,0.00,0.00,0.00,0
6534,5632350,completed,113W9989-14,,"RETAINER, SEAL - FWD FAIRING 8",manufactured,,,False,227,0.00,0.00,0.00,0
6534,5632351,completed,113W9989-15,,"RETAINER, SEAL - FWD FAIRING 5",manufactured,,,False,227,0.00,0.00,0.00,0
6534,5632352,completed,113W9989-16,,"RETAINER, SEAL - FWD FAIRING 8",manufactured,,,False,227,0.00,0.00,0.00,0
6534,5632353,completed,113W9989-17,,"RETAINER, SEAL - FWD FAIRING 5",manufactured,,,False,227,0.00,0.00,0.00,0
6534,5632354,completed,113W9989-18,,"RETAINER, SEAL - FWD FAIRING 8",manufactured,,,False,227,0.00,0.00,0.00,0
6534,5632355,completed,113W9989-19,,"RETAINER, SEAL - FWD FAIRING 5",manufactured,,,False,227,0.00,0.00,0.00,0
6534,5632356,completed,113W9989-20,,"RETAINER, SEAL - FWD FAIRING 8",manufactured,,,False,227,0.00,0.00,0.00,0
6534,5632357,completed,113W9989-21,,"RETAINER, SEAL - FWD FAIRING 5",manufactured,,,False,227,0.00,0.00,0.00,0
6534,5632358,completed,113W9989-22,,"RETAINER, SEAL - FWD FAIRING 8",manufactured,,,False,227,0.00,0.00,0.00,0
6534,5632359,completed,113W9989-23,,"RETAINER, SEAL - FWD FAIRING 5",manufactured,,,False,227,0.00,0.00,0.00,0
6534,5632360,completed,113W9989-24,,"RETAINER, SEAL - FWD FAIRING 8",manufactured,,,False,227,0.00,0.00,0.00,0
6534,5632361,completed,113W9989-59,,"RETAINER, SEAL - AFT FAIRING 5",manufactured,,,False,227,0.00,0.00,0.00,0
6534,5632362,completed,113W9989-60,,"RETAINER, SEAL - AFT FAIRING 8",manufactured,,,False,227,0.00,0.00,0.00,0
6534,5632363,completed,113W9989-61,,"RETAINER, SEAL - AFT FAIRING 5",manufactured,,,False,227,0.00,0.00,0.00,0
6534,5632364,completed,113W9989-62,,"RETAINER, SEAL - AFT FAIRING 8",manufactured,,,False,227,0.00,0.00,0.00,0
6534,5632365,completed,113W9989-63,,"RETAINER, SEAL - AFT FAIRING 5",manufactured,,,False,227,0.00,0.00,0.00,0
6534,5632366,completed,113W9989-64,,"RETAINER, SEAL - AFT FAIRING 8",manufactured,,,False,227,0.00,0.00,0.00,0
6534,5632367,completed,113W9989-65,,"RETAINER, SEAL - AFT FAIRING 5",manufactured,,,False,227,0.00,0.00,0.00,0
6534,5632368,completed,113W9989-66,,"RETAINER, SEAL - AFT FAIRING 8",manufactured,,,False,227,0.00,0.00,0.00,0
6528,5616766,completed,0051-93523,03,"WELDMENT, VY REDUCER
FORELINE, PRODUCER G-G

(X3 holes on 3” OD tube cut)",assembled,,NQ - Not a Core Competency,False,1,0.00,0.00,0.00,5
6528,5616766,completed,0051-93523,03,"WELDMENT, VY REDUCER
FORELINE, PRODUCER G-G

(X3 holes on 3” OD tube cut)",assembled,,NQ - Not a Core Competency,False,5,0.00,0.00,0.00,5
6528,5616766,completed,0051-93523,03,"WELDMENT, VY REDUCER
FORELINE, PRODUCER G-G

(X3 holes on 3” OD tube cut)",assembled,,NQ - Not a Core Competency,False,10,0.00,0.00,0.00,5
6528,5616766,completed,0051-93523,03,"WELDMENT, VY REDUCER
FORELINE, PRODUCER G-G

(X3 holes on 3” OD tube cut)",assembled,,NQ - Not a Core Competency,False,25,0.00,0.00,0.00,5
6528,5616766,completed,0051-93523,03,"WELDMENT, VY REDUCER
FORELINE, PRODUCER G-G

(X3 holes on 3” OD tube cut)",assembled,,NQ - Not a Core Competency,False,50,0.00,0.00,0.00,5
6528,5616766,completed,0051-93523,03,"WELDMENT, VY REDUCER
FORELINE, PRODUCER G-G

(X3 holes on 3” OD tube cut)",assembled,,NQ - Not a Core Competency,False,100,0.00,0.00,0.00,5
6528,5616766,completed,0051-93523,03,"WELDMENT, VY REDUCER
FORELINE, PRODUCER G-G

(X3 holes on 3” OD tube cut)",assembled,,NQ - Not a Core Competency,False,150,0.00,0.00,0.00,5
6528,5616868,completed,0051-93523,03,"WELDMENT, VY REDUCER
FORELINE, PRODUCER G-G

(COPES THE ENDS OF THE 2” OD TUBE PIECE)",assembled,,NQ - Not a Core Competency,False,2,0.00,0.00,0.00,5
6528,5616868,completed,0051-93523,03,"WELDMENT, VY REDUCER
FORELINE, PRODUCER G-G

(COPES THE ENDS OF THE 2” OD TUBE PIECE)",assembled,,NQ - Not a Core Competency,False,10,0.00,0.00,0.00,5
6528,5616868,completed,0051-93523,03,"WELDMENT, VY REDUCER
FORELINE, PRODUCER G-G

(COPES THE ENDS OF THE 2” OD TUBE PIECE)",assembled,,NQ - Not a Core Competency,False,20,0.00,0.00,0.00,5
6528,5616868,completed,0051-93523,03,"WELDMENT, VY REDUCER
FORELINE, PRODUCER G-G

(COPES THE ENDS OF THE 2” OD TUBE PIECE)",assembled,,NQ - Not a Core Competency,False,50,0.00,0.00,0.00,5
6528,5616868,completed,0051-93523,03,"WELDMENT, VY REDUCER
FORELINE, PRODUCER G-G

(COPES THE ENDS OF THE 2” OD TUBE PIECE)",assembled,,NQ - Not a Core Competency,False,100,0.00,0.00,0.00,5
6528,5616868,completed,0051-93523,03,"WELDMENT, VY REDUCER
FORELINE, PRODUCER G-G

(COPES THE ENDS OF THE 2” OD TUBE PIECE)",assembled,,NQ - Not a Core Competency,False,200,0.00,0.00,0.00,5
6528,5616868,completed,0051-93523,03,"WELDMENT, VY REDUCER
FORELINE, PRODUCER G-G

(COPES THE ENDS OF THE 2” OD TUBE PIECE)",assembled,,NQ - Not a Core Competency,False,300,0.00,0.00,0.00,5
6538,5633512,no_quote,512-016-016-101,-,BUSHING DAMPER BOLT,manufactured,,,False,144,0.00,0.00,0.00,0
6540,5633642,completed,412-062-003-102S,-,TUBE ASSY,manufactured,Aluminum,Aerospace Assembly,True,2,1998.00,3996.00,4716.00,80
6539,5633614,completed,512-075-203-123,-,MRHLC LID,manufactured,Aluminum 6061-T6,SM - Piece (combo),True,4,373.00,1492.00,1492.00,60
6543,5636216,completed,901-005-601-106,G,CHASSIS,manufactured,,,False,2,3079.00,6158.00,6158.00,70
6543,5636216,completed,901-005-601-106,G,CHASSIS,manufactured,,,False,5,2148.00,10740.00,10740.00,70
6543,5636216,completed,901-005-601-106,G,CHASSIS,manufactured,,,False,10,1836.00,18360.00,18360.00,70
6542,5635941,completed,901-005-601-107,G,"ASSY, BOX",manufactured,,,False,1,3497.00,3497.00,3497.00,70
6542,5635941,completed,901-005-601-107,G,"ASSY, BOX",manufactured,,,False,3,2216.00,6648.00,6648.00,70
6542,5635941,completed,901-005-601-107,G,"ASSY, BOX",manufactured,,,False,13,1767.00,22971.00,22971.00,70
6542,5635942,completed,901-005-604-101,B,COVER,manufactured,,,False,1,2409.00,2409.00,2409.00,70
6542,5635942,completed,901-005-604-101,B,COVER,manufactured,,,False,3,1151.00,3453.00,3453.00,70
6542,5635942,completed,901-005-604-101,B,COVER,manufactured,,,False,13,544.00,7072.00,7072.00,70
6503,5839922,completed,0040-84611,04,COVER DECK  CENTER E2 300  MM ENDURA,manufactured,CRS,SM - Piece W/HDWE,True,5,12300.00,61500.00,62100.00,78
6503,5839922,completed,0040-84611,04,COVER DECK  CENTER E2 300  MM ENDURA,manufactured,CRS,SM - Piece W/HDWE,True,10,12200.00,122000.00,122600.00,78
6503,5839922,completed,0040-84611,04,COVER DECK  CENTER E2 300  MM ENDURA,manufactured,CRS,SM - Piece W/HDWE,True,25,12200.00,305000.00,305600.00,80
6503,5839922,completed,0040-84611,04,COVER DECK  CENTER E2 300  MM ENDURA,manufactured,CRS,SM - Piece W/HDWE,True,50,12200.00,610000.00,610600.00,84
6503,5841080,completed,0040-84612,05,COVER DECK LFT & RT BAY E2 300MM ENDURA,manufactured,CRS,SM - Piece W/HDWE,True,5,1750.00,8750.00,9350.00,78
6503,5841080,completed,0040-84612,05,COVER DECK LFT & RT BAY E2 300MM ENDURA,manufactured,CRS,SM - Piece W/HDWE,True,10,1680.00,16800.00,17400.00,79
6503,5841080,completed,0040-84612,05,COVER DECK LFT & RT BAY E2 300MM ENDURA,manufactured,CRS,SM - Piece W/HDWE,True,25,1630.00,40750.00,41350.00,81
6503,5841080,completed,0040-84612,05,COVER DECK LFT & RT BAY E2 300MM ENDURA,manufactured,CRS,SM - Piece W/HDWE,True,50,1620.00,81000.00,81600.00,85
6503,5841476,completed,0040-84615,04,COVER DECK TRANFER E2 300 MM ENDURA,manufactured,CRS,SM - Piece W/HDWE,True,1,1030.00,1030.00,1630.00,77
6503,5841476,completed,0040-84615,04,COVER DECK TRANFER E2 300 MM ENDURA,manufactured,CRS,SM - Piece W/HDWE,True,5,355.00,1775.00,2375.00,78
6503,5841476,completed,0040-84615,04,COVER DECK TRANFER E2 300 MM ENDURA,manufactured,CRS,SM - Piece W/HDWE,True,10,271.00,2710.00,3310.00,78
6503,5841476,completed,0040-84615,04,COVER DECK TRANFER E2 300 MM ENDURA,manufactured,CRS,SM - Piece W/HDWE,True,25,220.00,5500.00,6100.00,80
6503,5841476,completed,0040-84615,04,COVER DECK TRANFER E2 300 MM ENDURA,manufactured,CRS,SM - Piece W/HDWE,True,50,203.00,10150.00,10750.00,83
6503,5841914,completed,0040-84618,05,COVER DECK CH 2 E2 300 MM ENDURA,manufactured,CRS,SM - Piece W/HDWE,True,5,323.00,1615.00,2215.00,75
6503,5841914,completed,0040-84618,05,COVER DECK CH 2 E2 300 MM ENDURA,manufactured,CRS,SM - Piece W/HDWE,True,10,243.00,2430.00,3030.00,76
6503,5841914,completed,0040-84618,05,COVER DECK CH 2 E2 300 MM ENDURA,manufactured,CRS,SM - Piece W/HDWE,True,25,194.00,4850.00,5450.00,77
6503,5841914,completed,0040-84618,05,COVER DECK CH 2 E2 300 MM ENDURA,manufactured,CRS,SM - Piece W/HDWE,True,50,178.00,8900.00,9500.00,80
6503,5842434,completed,0040-84619,04,COVER DECK CH 5 E2 300MM ENDURA,manufactured,CRS,SM - Piece W/HDWE,True,5,308.00,1540.00,2140.00,75
6503,5842434,completed,0040-84619,04,COVER DECK CH 5 E2 300MM ENDURA,manufactured,CRS,SM - Piece W/HDWE,True,10,227.00,2270.00,2870.00,76
6503,5842434,completed,0040-84619,04,COVER DECK CH 5 E2 300MM ENDURA,manufactured,CRS,SM - Piece W/HDWE,True,25,179.00,4475.00,5075.00,77
6503,5842434,completed,0040-84619,04,COVER DECK CH 5 E2 300MM ENDURA,manufactured,CRS,SM - Piece W/HDWE,True,50,162.00,8100.00,8700.00,79
6503,5843025,completed,0040-84620,04,COVER DECK CH 3 E2 300 MM ENDURA,manufactured,CRS,SM - Piece W/HDWE,True,5,291.00,1455.00,2055.00,75
6503,5843025,completed,0040-84620,04,COVER DECK CH 3 E2 300 MM ENDURA,manufactured,CRS,SM - Piece W/HDWE,True,10,216.00,2160.00,2760.00,75
6503,5843025,completed,0040-84620,04,COVER DECK CH 3 E2 300 MM ENDURA,manufactured,CRS,SM - Piece W/HDWE,True,25,171.00,4275.00,4875.00,76
6503,5843025,completed,0040-84620,04,COVER DECK CH 3 E2 300 MM ENDURA,manufactured,CRS,SM - Piece W/HDWE,True,50,156.00,7800.00,8400.00,78
6503,5843486,completed,0040-84621,05,COVER DECK CH C-4 E2 300MM ENDURA,manufactured,CRS,SM - Piece W/HDWE,True,5,278.00,1390.00,1990.00,75
6503,5843486,completed,0040-84621,05,COVER DECK CH C-4 E2 300MM ENDURA,manufactured,CRS,SM - Piece W/HDWE,True,10,203.00,2030.00,2630.00,75
6503,5843486,completed,0040-84621,05,COVER DECK CH C-4 E2 300MM ENDURA,manufactured,CRS,SM - Piece W/HDWE,True,25,158.00,3950.00,4550.00,76
6503,5843486,completed,0040-84621,05,COVER DECK CH C-4 E2 300MM ENDURA,manufactured,CRS,SM - Piece W/HDWE,True,50,142.00,7100.00,7700.00,78
6503,5849044,completed,0040-84622,05,COVER DECK BUFFER E2 300MM ENDURA,manufactured,CRS,SM - Piece W/HDWE,True,5,1160.00,5800.00,6400.00,79
6503,5849044,completed,0040-84622,05,COVER DECK BUFFER E2 300MM ENDURA,manufactured,CRS,SM - Piece W/HDWE,True,10,1090.00,10900.00,11500.00,80
6503,5849044,completed,0040-84622,05,COVER DECK BUFFER E2 300MM ENDURA,manufactured,CRS,SM - Piece W/HDWE,True,25,1040.00,26000.00,26600.00,81
6503,5849044,completed,0040-84622,05,COVER DECK BUFFER E2 300MM ENDURA,manufactured,CRS,SM - Piece W/HDWE,True,50,1030.00,51500.00,52100.00,82
6503,5851120,completed,0040-84623,05,BULKHEAD DECK CH A & B E2 300MM ENDURA,manufactured,CRS,SM - Piece W/HDWE,True,5,887.00,4435.00,5035.00,80
6503,5851120,completed,0040-84623,05,BULKHEAD DECK CH A & B E2 300MM ENDURA,manufactured,CRS,SM - Piece W/HDWE,True,10,811.00,8110.00,8710.00,81
6503,5851120,completed,0040-84623,05,BULKHEAD DECK CH A & B E2 300MM ENDURA,manufactured,CRS,SM - Piece W/HDWE,True,25,766.00,19150.00,19750.00,83
6503,5851120,completed,0040-84623,05,BULKHEAD DECK CH A & B E2 300MM ENDURA,manufactured,CRS,SM - Piece W/HDWE,True,50,751.00,37550.00,38150.00,86
6503,5851647,completed,0040-86943,05,COVER DECK CH A-B E2 300MM ENDURA,manufactured,CRS,SM - Piece W/HDWE,True,5,1360.00,6800.00,7400.00,80
6503,5851647,completed,0040-86943,05,COVER DECK CH A-B E2 300MM ENDURA,manufactured,CRS,SM - Piece W/HDWE,True,10,1290.00,12900.00,13500.00,80
6503,5851647,completed,0040-86943,05,COVER DECK CH A-B E2 300MM ENDURA,manufactured,CRS,SM - Piece W/HDWE,True,25,1240.00,31000.00,31600.00,81
6503,5851647,completed,0040-86943,05,COVER DECK CH A-B E2 300MM ENDURA,manufactured,CRS,SM - Piece W/HDWE,True,50,1220.00,61000.00,61600.00,83
6503,5851822,completed,0040-86944,05,COVER DECK CH D-1 E2 300MM ENDURA,manufactured,CRS,SM - Piece W/HDWE,True,5,1360.00,6800.00,7400.00,80
6503,5851822,completed,0040-86944,05,COVER DECK CH D-1 E2 300MM ENDURA,manufactured,CRS,SM - Piece W/HDWE,True,10,1280.00,12800.00,13400.00,80
6503,5851822,completed,0040-86944,05,COVER DECK CH D-1 E2 300MM ENDURA,manufactured,CRS,SM - Piece W/HDWE,True,25,1240.00,31000.00,31600.00,81
6503,5851822,completed,0040-86944,05,COVER DECK CH D-1 E2 300MM ENDURA,manufactured,CRS,SM - Piece W/HDWE,True,50,1220.00,61000.00,61600.00,83
6503,5594190,completed,0020-44330,04,"DECK SUPPORT, REAR POSTS REPACKAGED P5",manufactured,CRS,SM - Piece,True,5,121.00,605.00,1205.00,69
6503,5594190,completed,0020-44330,04,"DECK SUPPORT, REAR POSTS REPACKAGED P5",manufactured,CRS,SM - Piece,True,10,65.60,656.00,1256.00,69
6503,5594190,completed,0020-44330,04,"DECK SUPPORT, REAR POSTS REPACKAGED P5",manufactured,CRS,SM - Piece,True,25,32.80,820.00,1420.00,69
6503,5594190,completed,0020-44330,04,"DECK SUPPORT, REAR POSTS REPACKAGED P5",manufactured,CRS,SM - Piece,True,50,21.90,1095.00,1095.00,70
6503,5852081,completed,0040-62055,03,"DECK CENTER SUPPORT, TOP REPACKAGED P5",manufactured,CRS,SM - Piece,True,5,328.00,1640.00,2240.00,69
6503,5852081,completed,0040-62055,03,"DECK CENTER SUPPORT, TOP REPACKAGED P5",manufactured,CRS,SM - Piece,True,10,264.00,2640.00,3240.00,70
6503,5852081,completed,0040-62055,03,"DECK CENTER SUPPORT, TOP REPACKAGED P5",manufactured,CRS,SM - Piece,True,25,225.00,5625.00,6225.00,71
6503,5852081,completed,0040-62055,03,"DECK CENTER SUPPORT, TOP REPACKAGED P5",manufactured,CRS,SM - Piece,True,50,213.00,10650.00,11250.00,73
6503,5853695,completed,0040-62056,03,"DECK CENTER SUPPORT, RIGHT REPACKAGED P5",manufactured,CRS,SM - Piece W/HDWE,True,5,203.00,1015.00,1615.00,73
6503,5853695,completed,0040-62056,03,"DECK CENTER SUPPORT, RIGHT REPACKAGED P5",manufactured,CRS,SM - Piece W/HDWE,True,10,146.00,1460.00,2060.00,73
6503,5853695,completed,0040-62056,03,"DECK CENTER SUPPORT, RIGHT REPACKAGED P5",manufactured,CRS,SM - Piece W/HDWE,True,25,112.00,2800.00,3400.00,74
6503,5853695,completed,0040-62056,03,"DECK CENTER SUPPORT, RIGHT REPACKAGED P5",manufactured,CRS,SM - Piece W/HDWE,True,50,99.78,4989.00,5589.00,76
6503,5854916,completed,0040-62058,03,"DECK BUFFER SUPPORT, TOP REPACKAGED P5",manufactured,CRS,SM - Piece W/HDWE,True,5,499.00,2495.00,3095.00,73
6503,5854916,completed,0040-62058,03,"DECK BUFFER SUPPORT, TOP REPACKAGED P5",manufactured,CRS,SM - Piece W/HDWE,True,10,439.00,4390.00,4990.00,74
6503,5854916,completed,0040-62058,03,"DECK BUFFER SUPPORT, TOP REPACKAGED P5",manufactured,CRS,SM - Piece W/HDWE,True,25,403.00,10075.00,10675.00,75
6503,5854916,completed,0040-62058,03,"DECK BUFFER SUPPORT, TOP REPACKAGED P5",manufactured,CRS,SM - Piece W/HDWE,True,50,391.00,19550.00,20150.00,77
6503,5855229,completed,0040-62059,04,"DECK BUFFER SUPPORT, RIGHT REPACKAGED P5",manufactured,CRS,SM - Piece W/HDWE,True,5,168.00,840.00,1440.00,73
6503,5855229,completed,0040-62059,04,"DECK BUFFER SUPPORT, RIGHT REPACKAGED P5",manufactured,CRS,SM - Piece W/HDWE,True,10,112.00,1120.00,1720.00,73
6503,5855229,completed,0040-62059,04,"DECK BUFFER SUPPORT, RIGHT REPACKAGED P5",manufactured,CRS,SM - Piece W/HDWE,True,25,78.52,1963.00,2563.00,74
6503,5855229,completed,0040-62059,04,"DECK BUFFER SUPPORT, RIGHT REPACKAGED P5",manufactured,CRS,SM - Piece W/HDWE,True,50,67.22,3361.00,3961.00,75
6503,5854904,completed,0040-62060,04,"DECK BUFFER SUPPORT, LEFT REPACKAGED P5",manufactured,CRS,SM - Piece W/HDWE,True,5,165.00,825.00,1425.00,73
6503,5854904,completed,0040-62060,04,"DECK BUFFER SUPPORT, LEFT REPACKAGED P5",manufactured,CRS,SM - Piece W/HDWE,True,10,109.00,1090.00,1690.00,73
6503,5854904,completed,0040-62060,04,"DECK BUFFER SUPPORT, LEFT REPACKAGED P5",manufactured,CRS,SM - Piece W/HDWE,True,25,75.44,1886.00,2486.00,74
6503,5854904,completed,0040-62060,04,"DECK BUFFER SUPPORT, LEFT REPACKAGED P5",manufactured,CRS,SM - Piece W/HDWE,True,50,64.14,3207.00,3807.00,75
6503,5855389,completed,0040-62061,05,"DECK BUFFER SUPPORT, RISER REPACKAGED P5",manufactured,CRS,SM - Piece W/HDWE,True,5,341.00,1705.00,2305.00,71
6503,5855389,completed,0040-62061,05,"DECK BUFFER SUPPORT, RISER REPACKAGED P5",manufactured,CRS,SM - Piece W/HDWE,True,10,280.00,2800.00,3400.00,71
6503,5855389,completed,0040-62061,05,"DECK BUFFER SUPPORT, RISER REPACKAGED P5",manufactured,CRS,SM - Piece W/HDWE,True,25,244.00,6100.00,6700.00,72
6503,5855389,completed,0040-62061,05,"DECK BUFFER SUPPORT, RISER REPACKAGED P5",manufactured,CRS,SM - Piece W/HDWE,True,50,232.00,11600.00,12200.00,74
6503,5855987,completed,0040-62062,05,"DECK TRANSFER SUPPORT, REPACKAGED P5",manufactured,CRS,SM - Piece,True,5,587.00,2935.00,3535.00,77
6503,5855987,completed,0040-62062,05,"DECK TRANSFER SUPPORT, REPACKAGED P5",manufactured,CRS,SM - Piece,True,10,504.00,5040.00,5640.00,78
6503,5855987,completed,0040-62062,05,"DECK TRANSFER SUPPORT, REPACKAGED P5",manufactured,CRS,SM - Piece,True,25,454.00,11350.00,11950.00,84
6503,5855987,completed,0040-62062,05,"DECK TRANSFER SUPPORT, REPACKAGED P5",manufactured,CRS,SM - Piece,True,50,437.00,21850.00,22450.00,92
6503,5856279,completed,0040-84610,04,SUPPORT DECK LEFT POST  E2 300MM ENDURA,manufactured,CRS,SM - Piece W/HDWE,True,5,262.00,1310.00,1910.00,71
6503,5856279,completed,0040-84610,04,SUPPORT DECK LEFT POST  E2 300MM ENDURA,manufactured,CRS,SM - Piece W/HDWE,True,10,207.00,2070.00,2670.00,71
6503,5856279,completed,0040-84610,04,SUPPORT DECK LEFT POST  E2 300MM ENDURA,manufactured,CRS,SM - Piece W/HDWE,True,25,175.00,4375.00,4975.00,71
6503,5856279,completed,0040-84610,04,SUPPORT DECK LEFT POST  E2 300MM ENDURA,manufactured,CRS,SM - Piece W/HDWE,True,50,164.00,8200.00,8800.00,71
6530,5617336,no_quote,0270-18721,01,PVT Service Cart,assembled,,NQ - No Capacity,False,1,0.00,0.00,0.00,5
6530,5617336,no_quote,0270-18721,01,PVT Service Cart,assembled,,NQ - No Capacity,False,2,0.00,0.00,0.00,5
6530,5617336,no_quote,0270-18721,01,PVT Service Cart,assembled,,NQ - No Capacity,False,3,0.00,0.00,0.00,5
6530,5617336,no_quote,0270-18721,01,PVT Service Cart,assembled,,NQ - No Capacity,False,4,0.00,0.00,0.00,5
6530,5617336,no_quote,0270-18721,01,PVT Service Cart,assembled,,NQ - No Capacity,False,5,0.00,0.00,0.00,5
6545,5636847,no_quote,0021-34554,04,"END REFLECTOR, .025 INCH THICK DSS 300MM",manufactured,,NQ - Not a Core Competency,False,1,0.00,0.00,0.00,5
6545,5636847,no_quote,0021-34554,04,"END REFLECTOR, .025 INCH THICK DSS 300MM",manufactured,,NQ - Not a Core Competency,False,5,0.00,0.00,0.00,5
6545,5636847,no_quote,0021-34554,04,"END REFLECTOR, .025 INCH THICK DSS 300MM",manufactured,,NQ - Not a Core Competency,False,10,0.00,0.00,0.00,5
6545,5638954,no_quote,0041-03158,02,"WAFER , LCF CALIBRATION , 200 MM PRODUCER",manufactured,,NQ - Not a Core Competency,False,1,0.86,0.86,0.86,5
6545,5638954,no_quote,0041-03158,02,"WAFER , LCF CALIBRATION , 200 MM PRODUCER",manufactured,,NQ - Not a Core Competency,False,5,0.86,4.30,4.30,5
6545,5638954,no_quote,0041-03158,02,"WAFER , LCF CALIBRATION , 200 MM PRODUCER",manufactured,,NQ - Not a Core Competency,False,10,0.86,8.60,8.60,5
6548,5642042,completed,04-P10225B07,F,,manufactured,,,False,50,0.00,0.00,0.00,0
6548,5642042,completed,04-P10225B07,F,,manufactured,,,False,700,0.00,0.00,0.00,0
6548,5642052,completed,04-P10225C06,G,,manufactured,,,False,50,0.00,0.00,0.00,0
6548,5642052,completed,04-P10225C06,G,,manufactured,,,False,700,0.00,0.00,0.00,0
6548,5642034,completed,04-P10225B28,H,,manufactured,,,False,100,0.00,0.00,0.00,0
6548,5642034,completed,04-P10225B28,H,,manufactured,,,False,1400,0.00,0.00,0.00,0
6531,5620740,completed,0042-59926,02,"BRKT TOP, MANOMETER COVER SUPPORT",manufactured,CRS,SM - Piece W/HDWE,True,1,566.00,566.00,1166.00,80
6531,5620740,completed,0042-59926,02,"BRKT TOP, MANOMETER COVER SUPPORT",manufactured,CRS,SM - Piece W/HDWE,True,5,131.00,655.00,1255.00,80
6531,5620740,completed,0042-59926,02,"BRKT TOP, MANOMETER COVER SUPPORT",manufactured,CRS,SM - Piece W/HDWE,True,10,76.20,762.00,1362.00,80
6531,5620862,completed,0042-59932,02,COVER MANOMETER,manufactured,CRS,SM - Piece,True,1,733.00,733.00,1333.00,80
6531,5620862,completed,0042-59932,02,COVER MANOMETER,manufactured,CRS,SM - Piece,True,5,202.00,1010.00,1610.00,80
6531,5620862,completed,0042-59932,02,COVER MANOMETER,manufactured,CRS,SM - Piece,True,10,136.00,1360.00,1960.00,80
6531,5621316,completed,0042-65671,01,"BRKT TOP, ION GAUGE COVER SUPPORT",manufactured,CRS,SM - Piece W/HDWE,True,1,571.00,571.00,1171.00,80
6531,5621316,completed,0042-65671,01,"BRKT TOP, ION GAUGE COVER SUPPORT",manufactured,CRS,SM - Piece W/HDWE,True,5,136.00,680.00,1280.00,80
6531,5621316,completed,0042-65671,01,"BRKT TOP, ION GAUGE COVER SUPPORT",manufactured,CRS,SM - Piece W/HDWE,True,10,81.10,811.00,1411.00,80
6531,5621438,completed,0042-65672,02,COVER ION GAUGE,manufactured,CRS,SM - Piece,True,1,806.00,806.00,1406.00,80
6531,5621438,completed,0042-65672,02,COVER ION GAUGE,manufactured,CRS,SM - Piece,True,5,210.00,1050.00,1650.00,80
6531,5621438,completed,0042-65672,02,COVER ION GAUGE,manufactured,CRS,SM - Piece,True,10,135.00,1350.00,1950.00,80
6531,5623095,completed,0042-65673,02,"BRKT, ION GAUGE COVER SUPPORT",manufactured,CRS,SM - Piece W/HDWE,True,1,563.00,563.00,1163.00,80
6531,5623095,completed,0042-65673,02,"BRKT, ION GAUGE COVER SUPPORT",manufactured,CRS,SM - Piece W/HDWE,True,5,128.00,640.00,1240.00,80
6531,5623095,completed,0042-65673,02,"BRKT, ION GAUGE COVER SUPPORT",manufactured,CRS,SM - Piece W/HDWE,True,10,73.10,731.00,1331.00,80
6531,5623192,completed,0042-67755,01,"BRT , MANOMETER COVER SUPPORT",manufactured,CRS,SM - Piece W/HDWE,True,1,563.00,563.00,1163.00,80
6531,5623192,completed,0042-67755,01,"BRT , MANOMETER COVER SUPPORT",manufactured,CRS,SM - Piece W/HDWE,True,5,128.00,640.00,1240.00,80
6531,5623192,completed,0042-67755,01,"BRT , MANOMETER COVER SUPPORT",manufactured,CRS,SM - Piece W/HDWE,True,10,72.80,728.00,1328.00,80
6547,5641604,completed,449-005-211-101,A,CHASSIS ASSY,manufactured,,Aerospace Assembly,False,25,1544.00,38600.00,38600.00,70
6547,5641624,completed,449-005-213-101,-,END PLATE,manufactured,,SM - Piece (combo),False,25,139.00,3475.00,3475.00,50
6541,5635777,completed,0010-15367,02,"ASSY, LARGE TOWER, EMAX",assembled,,MS  - Assy,False,1,4820.00,4820.00,6820.00,60
6541,5635777,completed,0010-15367,02,"ASSY, LARGE TOWER, EMAX",assembled,,MS  - Assy,False,5,1460.00,7300.00,9300.00,60
6541,5635777,completed,0010-15367,02,"ASSY, LARGE TOWER, EMAX",assembled,,MS  - Assy,False,10,1040.00,10400.00,12400.00,60
6541,5635777,completed,0010-15367,02,"ASSY, LARGE TOWER, EMAX",assembled,,MS  - Assy,False,15,893.00,13395.00,15395.00,60
6546,5640973,completed,449-375-526-101-KITPCH,-,"ASSY, CHASSIS, WIA SHEET METAL",manufactured,,Aerospace Assembly,False,8,1161.00,9288.00,9288.00,70
6549,5642692,no_quote,209-070-584-001A,C,DEFLECTOR ASSY,manufactured,,,False,15,0.00,0.00,0.00,0
6556,5643763,completed,901-005-641-101,-,"CHASSIS, ASSY",manufactured,,,False,1,5573.00,5573.00,5573.00,120
6556,5643763,completed,901-005-641-101,-,"CHASSIS, ASSY",manufactured,,,False,4,2667.00,10668.00,10668.00,120
6556,5643763,completed,901-005-641-101,-,"CHASSIS, ASSY",manufactured,,,False,17,1791.00,30447.00,30447.00,120
6557,5643792,completed,901-005-856-101,B,"ASSY, CHASSIS",manufactured,,,False,1,3805.00,3805.00,3805.00,80
6557,5643792,completed,901-005-856-101,B,"ASSY, CHASSIS",manufactured,,,False,6,2067.00,12402.00,12402.00,80
6557,5643792,completed,901-005-856-101,B,"ASSY, CHASSIS",manufactured,,,False,20,1591.00,31820.00,31820.00,80
6553,5643270,completed,0020-60720,05,"PLATE, CHAMBER FORKLIFT, CVD ENDURA2, 30",manufactured,HRS,SM - Piece,True,1,479.00,479.00,579.00,60
6553,5643270,completed,0020-60720,05,"PLATE, CHAMBER FORKLIFT, CVD ENDURA2, 30",manufactured,HRS,SM - Piece,True,5,115.00,575.00,675.00,60
6553,5643270,completed,0020-60720,05,"PLATE, CHAMBER FORKLIFT, CVD ENDURA2, 30",manufactured,HRS,SM - Piece,True,10,69.60,696.00,796.00,60
6553,5643270,completed,0020-60720,05,"PLATE, CHAMBER FORKLIFT, CVD ENDURA2, 30",manufactured,HRS,SM - Piece,True,15,54.40,816.00,916.00,60
6553,5643270,completed,0020-60720,05,"PLATE, CHAMBER FORKLIFT, CVD ENDURA2, 30",manufactured,HRS,SM - Piece,True,20,46.85,937.00,1037.00,60
6553,5643270,completed,0020-60720,05,"PLATE, CHAMBER FORKLIFT, CVD ENDURA2, 30",manufactured,HRS,SM - Piece,True,30,39.27,1178.10,1278.10,60
6553,5643270,completed,0020-60720,05,"PLATE, CHAMBER FORKLIFT, CVD ENDURA2, 30",manufactured,HRS,SM - Piece,True,50,33.22,1661.00,1661.00,60
6553,5643270,completed,0020-60720,05,"PLATE, CHAMBER FORKLIFT, CVD ENDURA2, 30",manufactured,HRS,SM - Piece,True,100,28.91,2891.00,2891.00,60
6551,5643033,completed,A0495004,02,"PLATE,LINEAR GUIDE MOUNT,PADDLE ASSEMBLY",manufactured,Aluminum 6061-T6,MS - Mill,True,1,1470.00,1470.00,2270.00,68
6551,5643033,completed,A0495004,02,"PLATE,LINEAR GUIDE MOUNT,PADDLE ASSEMBLY",manufactured,Aluminum 6061-T6,MS - Mill,True,2,820.00,1640.00,2440.00,68
6551,5643033,completed,A0495004,02,"PLATE,LINEAR GUIDE MOUNT,PADDLE ASSEMBLY",manufactured,Aluminum 6061-T6,MS - Mill,True,5,433.00,2165.00,2965.00,69
6551,5643033,completed,A0495004,02,"PLATE,LINEAR GUIDE MOUNT,PADDLE ASSEMBLY",manufactured,Aluminum 6061-T6,MS - Mill,True,10,304.00,3040.00,3840.00,70
6551,5643033,completed,A0495004,02,"PLATE,LINEAR GUIDE MOUNT,PADDLE ASSEMBLY",manufactured,Aluminum 6061-T6,MS - Mill,True,15,262.00,3930.00,4730.00,70
6551,5643033,completed,A0495004,02,"PLATE,LINEAR GUIDE MOUNT,PADDLE ASSEMBLY",manufactured,Aluminum 6061-T6,MS - Mill,True,25,227.00,5675.00,6475.00,72
6551,5643033,completed,A0495004,02,"PLATE,LINEAR GUIDE MOUNT,PADDLE ASSEMBLY",manufactured,Aluminum 6061-T6,MS - Mill,True,50,206.00,10300.00,10300.00,76
6551,5643033,completed,A0495004,02,"PLATE,LINEAR GUIDE MOUNT,PADDLE ASSEMBLY",manufactured,Aluminum 6061-T6,MS - Mill,True,100,198.00,19800.00,19800.00,84
6551,5643034,completed,A0524954,01,"COVER, JUNCTION BOX ASSEMBLY, PADDLE MOTOR, WLP",manufactured,Stainless Steel 304,SM - Piece,True,1,334.00,334.00,934.00,56
6551,5643034,completed,A0524954,01,"COVER, JUNCTION BOX ASSEMBLY, PADDLE MOTOR, WLP",manufactured,Stainless Steel 304,SM - Piece,True,2,171.00,342.00,942.00,56
6551,5643034,completed,A0524954,01,"COVER, JUNCTION BOX ASSEMBLY, PADDLE MOTOR, WLP",manufactured,Stainless Steel 304,SM - Piece,True,5,73.00,365.00,965.00,56
6551,5643034,completed,A0524954,01,"COVER, JUNCTION BOX ASSEMBLY, PADDLE MOTOR, WLP",manufactured,Stainless Steel 304,SM - Piece,True,10,40.40,404.00,1004.00,57
6551,5643034,completed,A0524954,01,"COVER, JUNCTION BOX ASSEMBLY, PADDLE MOTOR, WLP",manufactured,Stainless Steel 304,SM - Piece,True,15,29.53,442.95,1042.95,57
6551,5643034,completed,A0524954,01,"COVER, JUNCTION BOX ASSEMBLY, PADDLE MOTOR, WLP",manufactured,Stainless Steel 304,SM - Piece,True,25,20.84,521.00,1121.00,57
6551,5643034,completed,A0524954,01,"COVER, JUNCTION BOX ASSEMBLY, PADDLE MOTOR, WLP",manufactured,Stainless Steel 304,SM - Piece,True,50,14.32,716.00,716.00,57
6551,5643034,completed,A0524954,01,"COVER, JUNCTION BOX ASSEMBLY, PADDLE MOTOR, WLP",manufactured,Stainless Steel 304,SM - Piece,True,100,11.13,1113.00,1113.00,57
6551,5643035,completed,A0528704,01,"PLATE, END,MECHANISM, WLP",manufactured,Aluminum 6061-T6,MS - Mill,True,1,818.00,818.00,1618.00,68
6551,5643035,completed,A0528704,01,"PLATE, END,MECHANISM, WLP",manufactured,Aluminum 6061-T6,MS - Mill,True,2,425.00,850.00,1650.00,68
6551,5643035,completed,A0528704,01,"PLATE, END,MECHANISM, WLP",manufactured,Aluminum 6061-T6,MS - Mill,True,5,190.00,950.00,1750.00,68
6551,5643035,completed,A0528704,01,"PLATE, END,MECHANISM, WLP",manufactured,Aluminum 6061-T6,MS - Mill,True,10,111.00,1110.00,1910.00,68
6551,5643035,completed,A0528704,01,"PLATE, END,MECHANISM, WLP",manufactured,Aluminum 6061-T6,MS - Mill,True,15,84.33,1264.95,2064.95,68
6551,5643035,completed,A0528704,01,"PLATE, END,MECHANISM, WLP",manufactured,Aluminum 6061-T6,MS - Mill,True,25,63.36,1584.00,2384.00,68
6551,5643035,completed,A0528704,01,"PLATE, END,MECHANISM, WLP",manufactured,Aluminum 6061-T6,MS - Mill,True,50,48.04,2402.00,2402.00,69
6551,5643035,completed,A0528704,01,"PLATE, END,MECHANISM, WLP",manufactured,Aluminum 6061-T6,MS - Mill,True,100,42.41,4241.00,4241.00,71
6551,5851837,completed,A0528705,01,,manufactured,Aluminum 6061-T6,MS - Mill,False,1,1470.00,1470.00,2270.00,68
6551,5851837,completed,A0528705,01,,manufactured,Aluminum 6061-T6,MS - Mill,False,2,820.00,1640.00,2440.00,68
6551,5851837,completed,A0528705,01,,manufactured,Aluminum 6061-T6,MS - Mill,False,5,433.00,2165.00,2965.00,69
6551,5851837,completed,A0528705,01,,manufactured,Aluminum 6061-T6,MS - Mill,False,10,304.00,3040.00,3840.00,70
6551,5851837,completed,A0528705,01,,manufactured,Aluminum 6061-T6,MS - Mill,False,15,261.00,3915.00,4715.00,70
6551,5851837,completed,A0528705,01,,manufactured,Aluminum 6061-T6,MS - Mill,False,50,206.00,10300.00,10300.00,76
6551,5851837,completed,A0528705,01,,manufactured,Aluminum 6061-T6,MS - Mill,False,100,198.00,19800.00,19800.00,84
6551,5851837,completed,A0528705,01,,manufactured,Aluminum 6061-T6,MS - Mill,False,150,194.00,29100.00,29100.00,92
6555,5643509,no_quote,0020-81407,001,STRAP OUTER SHIELD GROUND 300MM SIP ENCORE TA(N),manufactured,,NQ - Not a Core Competency,False,1,98.77,98.77,98.77,45
6555,5643509,no_quote,0020-81407,001,STRAP OUTER SHIELD GROUND 300MM SIP ENCORE TA(N),manufactured,,NQ - Not a Core Competency,False,50,98.77,4938.50,4938.50,5
6555,5643509,no_quote,0020-81407,001,STRAP OUTER SHIELD GROUND 300MM SIP ENCORE TA(N),manufactured,,NQ - Not a Core Competency,False,250,50.12,12530.00,12530.00,5
6555,5643509,no_quote,0020-81407,001,STRAP OUTER SHIELD GROUND 300MM SIP ENCORE TA(N),manufactured,,NQ - Not a Core Competency,False,500,24.48,12240.00,12240.00,5
6560,5660371,completed,901-005-631-101,C,Chassis ASSEMBLY MIPCU,manufactured,,Aerospace Assembly,False,1,5230.00,5230.00,5230.00,80
6560,5660371,completed,901-005-631-101,C,Chassis ASSEMBLY MIPCU,manufactured,,Aerospace Assembly,False,19,1397.00,26543.00,26543.00,80
6560,5660371,completed,901-005-631-101,C,Chassis ASSEMBLY MIPCU,manufactured,,Aerospace Assembly,False,95,1289.00,122455.00,122455.00,80
6559,5660355,completed,901-005-680-101,E,CHASSIS NIPCU,manufactured,,,False,1,5524.00,5524.00,5524.00,80
6559,5660355,completed,901-005-680-101,E,CHASSIS NIPCU,manufactured,,,False,2,4001.00,8002.00,8002.00,80
6559,5660355,completed,901-005-680-101,E,CHASSIS NIPCU,manufactured,,,False,4,3264.00,13056.00,13056.00,80
6559,5660355,completed,901-005-680-101,E,CHASSIS NIPCU,manufactured,,,False,7,2753.00,19271.00,19271.00,80
6563,5660534,completed,901-005-680-101,E,CHASSIS NIPCU,manufactured,,,False,1,5524.00,5524.00,5524.00,80
6563,5660534,completed,901-005-680-101,E,CHASSIS NIPCU,manufactured,,,False,13,2675.00,34775.00,34775.00,80
6563,5660534,completed,901-005-680-101,E,CHASSIS NIPCU,manufactured,,,False,14,2661.00,37254.00,37254.00,80
6563,5660534,completed,901-005-680-101,E,CHASSIS NIPCU,manufactured,,,False,56,2490.00,139440.00,139440.00,80
6558,5660335,completed,901-005-680-113,E,CARD BOX ASSY,manufactured,,Aerospace Assembly,False,1,1803.00,1803.00,1803.00,70
6558,5660335,completed,901-005-680-113,E,CARD BOX ASSY,manufactured,,Aerospace Assembly,False,10,701.00,7010.00,7010.00,70
6558,5660335,completed,901-005-680-113,E,CARD BOX ASSY,manufactured,,Aerospace Assembly,False,12,689.00,8268.00,8268.00,70
6558,5660335,completed,901-005-680-113,E,CARD BOX ASSY,manufactured,,Aerospace Assembly,False,45,656.00,29520.00,29520.00,70
6550,5642874,completed,0020-28704,PE,"PEDESTAL, 6 ADV 101 3MM GAP SMF/JMF",manufactured,Stainless Steel 304/304L,MS - Mill,True,1,1480.00,1480.00,2280.00,63
6550,5642874,completed,0020-28704,PE,"PEDESTAL, 6 ADV 101 3MM GAP SMF/JMF",manufactured,Stainless Steel 304/304L,MS - Mill,True,5,531.00,2655.00,3455.00,64
6550,5642874,completed,0020-28704,PE,"PEDESTAL, 6 ADV 101 3MM GAP SMF/JMF",manufactured,Stainless Steel 304/304L,MS - Mill,True,10,413.00,4130.00,4930.00,65
6550,5642875,completed,0020-52570,02,"RETAINER, BRG, BASE ASSY LK PAD CONDITIO",manufactured,Stainless Steel 304L,MS - Mill,True,1,1270.00,1270.00,2070.00,72
6550,5642875,completed,0020-52570,02,"RETAINER, BRG, BASE ASSY LK PAD CONDITIO",manufactured,Stainless Steel 304L,MS - Mill,True,5,325.00,1625.00,2425.00,73
6550,5642875,completed,0020-52570,02,"RETAINER, BRG, BASE ASSY LK PAD CONDITIO",manufactured,Stainless Steel 304L,MS - Mill,True,10,208.00,2080.00,2880.00,73
6550,5642876,completed,0020-54268,05,"REF PLATE, CENTERING FEOL 300MM",manufactured,Aluminum 6061-T6,MS - Mill,True,1,1440.00,1440.00,2240.00,68
6550,5642876,completed,0020-54268,05,"REF PLATE, CENTERING FEOL 300MM",manufactured,Aluminum 6061-T6,MS - Mill,True,5,631.00,3155.00,3955.00,69
6550,5642876,completed,0020-54268,05,"REF PLATE, CENTERING FEOL 300MM",manufactured,Aluminum 6061-T6,MS - Mill,True,10,532.00,5320.00,6120.00,71
6550,5642877,completed,0020-62849,06,"VAL SCREEN 3, TETRA II",manufactured,Aluminum 6061-T6,MS - Mill,True,1,1560.00,1560.00,2360.00,81
6550,5642877,completed,0020-62849,06,"VAL SCREEN 3, TETRA II",manufactured,Aluminum 6061-T6,MS - Mill,True,5,691.00,3455.00,4255.00,82
6550,5642877,completed,0020-62849,06,"VAL SCREEN 3, TETRA II",manufactured,Aluminum 6061-T6,MS - Mill,True,10,586.00,5860.00,6660.00,83
6550,5642878,completed,0020-82772,04,"VAL SCREEN 1, TETRA II",manufactured,,,False,1,0.00,0.00,0.00,0
6550,5642878,completed,0020-82772,04,"VAL SCREEN 1, TETRA II",manufactured,,,False,5,0.00,0.00,0.00,0
6550,5642878,completed,0020-82772,04,"VAL SCREEN 1, TETRA II",manufactured,,,False,10,0.00,0.00,0.00,0
6550,5642879,completed,0021-26841,01,"SHORT MIXING BLOCK INSERT, CHAMBER LID M",manufactured,,,False,1,0.00,0.00,0.00,0
6550,5642879,completed,0021-26841,01,"SHORT MIXING BLOCK INSERT, CHAMBER LID M",manufactured,,,False,5,0.00,0.00,0.00,0
6550,5642879,completed,0021-26841,01,"SHORT MIXING BLOCK INSERT, CHAMBER LID M",manufactured,,,False,10,0.00,0.00,0.00,0
6550,5642880,completed,0021-27153,03,"PUMPING RING, SACVD PRODUCER SE",manufactured,,,False,1,0.00,0.00,0.00,0
6550,5642880,completed,0021-27153,03,"PUMPING RING, SACVD PRODUCER SE",manufactured,,,False,5,0.00,0.00,0.00,0
6550,5642880,completed,0021-27153,03,"PUMPING RING, SACVD PRODUCER SE",manufactured,,,False,10,0.00,0.00,0.00,0
6550,5642881,completed,0021-27233,04,"MIXING TUBE, MIXING BLOCK, CHAMBER LID,",manufactured,,,False,1,0.00,0.00,0.00,0
6550,5642881,completed,0021-27233,04,"MIXING TUBE, MIXING BLOCK, CHAMBER LID,",manufactured,,,False,5,0.00,0.00,0.00,0
6550,5642881,completed,0021-27233,04,"MIXING TUBE, MIXING BLOCK, CHAMBER LID,",manufactured,,,False,10,0.00,0.00,0.00,0
6550,5642882,completed,0021-27234,04,"SWIRL PLATE, MIXING BLOCK, CHAMBER LID,",manufactured,,,False,1,0.00,0.00,0.00,0
6550,5642882,completed,0021-27234,04,"SWIRL PLATE, MIXING BLOCK, CHAMBER LID,",manufactured,,,False,5,0.00,0.00,0.00,0
6550,5642882,completed,0021-27234,04,"SWIRL PLATE, MIXING BLOCK, CHAMBER LID,",manufactured,,,False,10,0.00,0.00,0.00,0
6550,5642883,completed,0021-28992,03,"MIXING TUBE, CCW LEFT, MIXING BLOCK, CHA",manufactured,,,False,1,0.00,0.00,0.00,0
6550,5642883,completed,0021-28992,03,"MIXING TUBE, CCW LEFT, MIXING BLOCK, CHA",manufactured,,,False,5,0.00,0.00,0.00,0
6550,5642883,completed,0021-28992,03,"MIXING TUBE, CCW LEFT, MIXING BLOCK, CHA",manufactured,,,False,10,0.00,0.00,0.00,0
6550,5642884,completed,0021-28993,02,"SWIRL PLATE, CW LEFT, MIXING BLOCK, CHAM",manufactured,,,False,1,0.00,0.00,0.00,0
6550,5642884,completed,0021-28993,02,"SWIRL PLATE, CW LEFT, MIXING BLOCK, CHAM",manufactured,,,False,5,0.00,0.00,0.00,0
6550,5642884,completed,0021-28993,02,"SWIRL PLATE, CW LEFT, MIXING BLOCK, CHAM",manufactured,,,False,10,0.00,0.00,0.00,0
6550,5642885,completed,0021-28994,03,"MIXING TUBE, CW RIGHT, MIXING BLOCK, CHA",manufactured,,,False,1,0.00,0.00,0.00,0
6550,5642885,completed,0021-28994,03,"MIXING TUBE, CW RIGHT, MIXING BLOCK, CHA",manufactured,,,False,5,0.00,0.00,0.00,0
6550,5642885,completed,0021-28994,03,"MIXING TUBE, CW RIGHT, MIXING BLOCK, CHA",manufactured,,,False,10,0.00,0.00,0.00,0
6550,5642886,completed,0021-28995,04,"SWIRL PLATE, CCW RIGHT, MIXING BLOCK, CH",manufactured,,,False,1,0.00,0.00,0.00,0
6550,5642886,completed,0021-28995,04,"SWIRL PLATE, CCW RIGHT, MIXING BLOCK, CH",manufactured,,,False,5,0.00,0.00,0.00,0
6550,5642886,completed,0021-28995,04,"SWIRL PLATE, CCW RIGHT, MIXING BLOCK, CH",manufactured,,,False,10,0.00,0.00,0.00,0
6550,5642887,completed,0021-34889,03,"SWIRL PLATE 3, CW RIGHT, MIXING BLOCK, C",manufactured,,,False,1,0.00,0.00,0.00,0
6550,5642887,completed,0021-34889,03,"SWIRL PLATE 3, CW RIGHT, MIXING BLOCK, C",manufactured,,,False,5,0.00,0.00,0.00,0
6550,5642887,completed,0021-34889,03,"SWIRL PLATE 3, CW RIGHT, MIXING BLOCK, C",manufactured,,,False,10,0.00,0.00,0.00,0
6550,5642888,completed,0021-38786,04,"SCREW, PAN HD .190-32, HAYNES",manufactured,,,False,1,0.00,0.00,0.00,0
6550,5642888,completed,0021-38786,04,"SCREW, PAN HD .190-32, HAYNES",manufactured,,,False,5,0.00,0.00,0.00,0
6550,5642888,completed,0021-38786,04,"SCREW, PAN HD .190-32, HAYNES",manufactured,,,False,10,0.00,0.00,0.00,0
6550,5642889,completed,0021-88478,02,"CLAMP, MEMBRANE, EXTERNAL, 150MM PROFILE",manufactured,,,False,1,0.00,0.00,0.00,0
6550,5642889,completed,0021-88478,02,"CLAMP, MEMBRANE, EXTERNAL, 150MM PROFILE",manufactured,,,False,5,0.00,0.00,0.00,0
6550,5642889,completed,0021-88478,02,"CLAMP, MEMBRANE, EXTERNAL, 150MM PROFILE",manufactured,,,False,10,0.00,0.00,0.00,0
6550,5642890,completed,0022-07335,03,"RING, SPACER, SPIRAL LID, MALD",manufactured,,,False,1,0.00,0.00,0.00,0
6550,5642890,completed,0022-07335,03,"RING, SPACER, SPIRAL LID, MALD",manufactured,,,False,5,0.00,0.00,0.00,0
6550,5642890,completed,0022-07335,03,"RING, SPACER, SPIRAL LID, MALD",manufactured,,,False,10,0.00,0.00,0.00,0
6550,5642891,completed,0022-69562,05,"UPPER CYLINDER, TWO PIECE HEATER CLAMP,",manufactured,,,False,1,0.00,0.00,0.00,0
6550,5642891,completed,0022-69562,05,"UPPER CYLINDER, TWO PIECE HEATER CLAMP,",manufactured,,,False,5,0.00,0.00,0.00,0
6550,5642891,completed,0022-69562,05,"UPPER CYLINDER, TWO PIECE HEATER CLAMP,",manufactured,,,False,10,0.00,0.00,0.00,0
6550,5642892,completed,0022-69566,03,"LOWER CYLINDER, TWO PIECE HEATER CLAMP,",manufactured,,,False,1,0.00,0.00,0.00,0
6550,5642892,completed,0022-69566,03,"LOWER CYLINDER, TWO PIECE HEATER CLAMP,",manufactured,,,False,5,0.00,0.00,0.00,0
6550,5642892,completed,0022-69566,03,"LOWER CYLINDER, TWO PIECE HEATER CLAMP,",manufactured,,,False,10,0.00,0.00,0.00,0
6550,5642893,completed,0040-79071,03,"PUMPING CHANNEL, ASYMMETRIC LEFT, SACVD",assembled,,,False,1,1.40,1.40,1.40,0
6550,5642893,completed,0040-79071,03,"PUMPING CHANNEL, ASYMMETRIC LEFT, SACVD",assembled,,,False,5,1.40,7.00,7.00,0
6550,5642893,completed,0040-79071,03,"PUMPING CHANNEL, ASYMMETRIC LEFT, SACVD",assembled,,,False,10,1.40,14.00,14.00,0
6550,5642894,completed,0040-81043,03,"CENTERING PIN, FOUR PT LEVEL TOOL, TXZ 3",assembled,,,False,1,0.00,0.00,0.00,0
6550,5642894,completed,0040-81043,03,"CENTERING PIN, FOUR PT LEVEL TOOL, TXZ 3",assembled,,,False,5,0.00,0.00,0.00,0
6550,5642894,completed,0040-81043,03,"CENTERING PIN, FOUR PT LEVEL TOOL, TXZ 3",assembled,,,False,10,0.00,0.00,0.00,0
6550,5642895,completed,0040-87464,03,"PUMPING CHANNEL, SAVCD PRODUCER SE",assembled,,,False,1,0.00,0.00,0.00,0
6550,5642895,completed,0040-87464,03,"PUMPING CHANNEL, SAVCD PRODUCER SE",assembled,,,False,5,0.00,0.00,0.00,0
6550,5642895,completed,0040-87464,03,"PUMPING CHANNEL, SAVCD PRODUCER SE",assembled,,,False,10,0.00,0.00,0.00,0
6544,5636511,no_quote,FRCL-00055,E3,"FRAME, LL, TOPAZ 500",assembled,,,False,1,0.00,0.00,0.00,0
6544,5636511,no_quote,FRCL-00055,E3,"FRAME, LL, TOPAZ 500",assembled,,,False,2,0.00,0.00,0.00,0
6544,5636511,no_quote,FRCL-00055,E3,"FRAME, LL, TOPAZ 500",assembled,,,False,3,0.00,0.00,0.00,0
6544,5636511,no_quote,FRCL-00055,E3,"FRAME, LL, TOPAZ 500",assembled,,,False,4,0.00,0.00,0.00,0
6544,5636511,no_quote,FRCL-00055,E3,"FRAME, LL, TOPAZ 500",assembled,,,False,5,0.00,0.00,0.00,0
6544,5861558,no_quote,FRCP-00338,E3,"FRAME, PVD & ICP,
COMMON FOR TOPAZ &
AXCELA",assembled,,NQ - Not a Core Competency,False,1,0.00,0.00,0.00,5
6544,5636513,no_quote,FRCT-00702,E1,"INDIVIDUAL FRAME, TC TOPAZ",assembled,,NQ - Not a Core Competency,False,4,0.00,0.00,0.00,5
6544,5636513,no_quote,FRCT-00702,E1,"INDIVIDUAL FRAME, TC TOPAZ",assembled,,NQ - Not a Core Competency,False,8,0.00,0.00,0.00,5
6544,5636513,no_quote,FRCT-00702,E1,"INDIVIDUAL FRAME, TC TOPAZ",assembled,,NQ - Not a Core Competency,False,12,0.00,0.00,0.00,5
6544,5636513,no_quote,FRCT-00702,E1,"INDIVIDUAL FRAME, TC TOPAZ",assembled,,NQ - Not a Core Competency,False,16,0.00,0.00,0.00,5
6544,5636514,no_quote,LLCL-00766,E2,"CHAMBER BODY, WITH SHROUD,   FLIPPER, TOPAZ 500",assembled,,NQ - Not a Core Competency,False,1,0.00,0.00,0.00,5
6544,5636514,no_quote,LLCL-00766,E2,"CHAMBER BODY, WITH SHROUD,   FLIPPER, TOPAZ 500",assembled,,NQ - Not a Core Competency,False,2,0.00,0.00,0.00,5
6544,5636514,no_quote,LLCL-00766,E2,"CHAMBER BODY, WITH SHROUD,   FLIPPER, TOPAZ 500",assembled,,NQ - Not a Core Competency,False,3,0.00,0.00,0.00,5
6544,5636515,no_quote,LLCL-00573,E3,"DOOR, FLIPPER, TOPAZ",assembled,,NQ - Not a Core Competency,False,1,0.00,0.00,0.00,5
6544,5636515,no_quote,LLCL-00573,E3,"DOOR, FLIPPER, TOPAZ",assembled,,NQ - Not a Core Competency,False,2,0.00,0.00,0.00,5
6544,5636515,no_quote,LLCL-00573,E3,"DOOR, FLIPPER, TOPAZ",assembled,,NQ - Not a Core Competency,False,3,0.00,0.00,0.00,5
6544,5636516,completed,LLCR-00367,E4,"HINGE, LOAD LOCK, TOPAZ 2",assembled,,,False,3,0.00,0.00,0.00,0
6544,5636516,completed,LLCR-00367,E4,"HINGE, LOAD LOCK, TOPAZ 2",assembled,,,False,6,0.00,0.00,0.00,0
6544,5636516,completed,LLCR-00367,E4,"HINGE, LOAD LOCK, TOPAZ 2",assembled,,,False,9,0.00,0.00,0.00,0
6544,5636517,no_quote,LLCL-00774,E1,"CHAMBER BODY, ATM DEGAS, TOPAZ",assembled,,NQ - Not a Core Competency,False,1,0.00,0.00,0.00,5
6544,5636517,no_quote,LLCL-00774,E1,"CHAMBER BODY, ATM DEGAS, TOPAZ",assembled,,NQ - Not a Core Competency,False,2,0.00,0.00,0.00,5
6544,5636517,no_quote,LLCL-00774,E1,"CHAMBER BODY, ATM DEGAS, TOPAZ",assembled,,NQ - Not a Core Competency,False,3,0.00,0.00,0.00,5
6544,5636518,no_quote,LLCL-00775,E1,"DOOR, ATM DEGAS, TOPAZ",assembled,,NQ - Not a Core Competency,False,1,0.00,0.00,0.00,5
6544,5636518,no_quote,LLCL-00775,E1,"DOOR, ATM DEGAS, TOPAZ",assembled,,NQ - Not a Core Competency,False,2,0.00,0.00,0.00,5
6544,5636518,no_quote,LLCL-00775,E1,"DOOR, ATM DEGAS, TOPAZ",assembled,,NQ - Not a Core Competency,False,3,0.00,0.00,0.00,5
6544,5636519,completed,LLCR-00367,E4,"HINGE, LOAD LOCK, TOPAZ 2",assembled,,,False,3,0.00,0.00,0.00,0
6544,5636519,completed,LLCR-00367,E4,"HINGE, LOAD LOCK, TOPAZ 2",assembled,,,False,6,0.00,0.00,0.00,0
6544,5636519,completed,LLCR-00367,E4,"HINGE, LOAD LOCK, TOPAZ 2",assembled,,,False,9,0.00,0.00,0.00,0
6565,5660582,completed,901-005-830-139,C,CHASSIS ASSY,manufactured,,,False,1,5901.00,5901.00,5901.00,70
6565,5660582,completed,901-005-830-139,C,CHASSIS ASSY,manufactured,,,False,2,4287.00,8574.00,8574.00,70
6565,5660582,completed,901-005-830-139,C,CHASSIS ASSY,manufactured,,,False,6,2057.00,12342.00,12342.00,70
6567,5660652,completed,901-005-837-101,B,CHASSIS ASSY,manufactured,,,False,1,4630.00,4630.00,4630.00,70
6567,5660652,completed,901-005-837-101,B,CHASSIS ASSY,manufactured,,,False,5,1633.00,8165.00,8165.00,70
6567,5660652,completed,901-005-837-101,B,CHASSIS ASSY,manufactured,,,False,9,1487.00,13383.00,13383.00,70
6564,5660555,completed,901-005-830-101,C,"CHASSIS ASSY-WRG INTEGRATION ASSY, MIDWING, RH FWD",manufactured,,SM - Piece (combo),False,1,5901.00,5901.00,5901.00,70
6564,5660555,completed,901-005-830-101,C,"CHASSIS ASSY-WRG INTEGRATION ASSY, MIDWING, RH FWD",manufactured,,SM - Piece (combo),False,8,1856.00,14848.00,14848.00,70
6564,5660555,completed,901-005-830-101,C,"CHASSIS ASSY-WRG INTEGRATION ASSY, MIDWING, RH FWD",manufactured,,SM - Piece (combo),False,40,1366.00,54640.00,54640.00,100
6566,5660602,completed,901-005-832-101,B,"CHASSIS, ASS",manufactured,Aluminum 6061,Aerospace Assembly,True,1,2566.00,2566.00,3196.00,70
6566,5660602,completed,901-005-832-101,B,"CHASSIS, ASS",manufactured,Aluminum 6061,Aerospace Assembly,True,3,1403.00,4209.00,4839.00,70
6566,5660602,completed,901-005-832-101,B,"CHASSIS, ASS",manufactured,Aluminum 6061,Aerospace Assembly,True,4,1227.00,4908.00,5538.00,70
6566,5660602,completed,901-005-832-101,B,"CHASSIS, ASS",manufactured,Aluminum 6061,Aerospace Assembly,True,19,754.00,14326.00,14956.00,70
6568,5660731,completed,901-005-855-101,B,"CHASSIS, ASSY",manufactured,,Aerospace Assembly,False,1,3229.00,3229.00,3229.00,70
6568,5660731,completed,901-005-855-101,B,"CHASSIS, ASSY",manufactured,,Aerospace Assembly,False,5,1382.00,6910.00,6910.00,70
6568,5660731,completed,901-005-855-101,B,"CHASSIS, ASSY",manufactured,,Aerospace Assembly,False,6,1289.00,7734.00,7734.00,70
6568,5660731,completed,901-005-855-101,B,"CHASSIS, ASSY",manufactured,,Aerospace Assembly,False,7,1191.00,8337.00,8337.00,70
6568,5660731,completed,901-005-855-101,B,"CHASSIS, ASSY",manufactured,,Aerospace Assembly,False,25,758.00,18950.00,18950.00,80
6569,5661905,no_quote,L6314021-005,0002,TUBE,manufactured,,,False,12,0.00,0.00,0.00,0
6561,5660423,completed,A-0020-48434,001,"CLAMP RETAINED
MANIFOLD SUPPLY RPG
300MM",manufactured,Aluminum 6061-T6,MS - Mill,True,50,37.28,1864.00,1864.00,77
6561,5660424,completed,A-0021-24436,05,"PLATE, CLAMP,
REACTION POST, LCM II,
 300MM PVD",manufactured,CRS,MS - Mill,True,20,64.00,1280.00,2380.00,69
6561,5660425,completed,A-0022-52629,03,"BLANK-OFF, CARTRIDGE,
ASTM A240 316L SS, RPO2",manufactured,Stainless Steel 316,MS - Mill,True,20,270.00,5400.00,6700.00,70
6561,5660426,completed,A-0022-90192,02,"PLATE, ALIGNMENT PIN,
SST, RPO2",manufactured,Stainless Steel 316,MS - Mill,True,35,48.23,1688.05,2488.05,69
6561,5660427,completed,A-0042-23986,03,"BLANK-OFF, SIDE TUNNEL,
 WALL LINER, RPO2",manufactured,Stainless Steel 316,MS - Mill,True,6,375.00,2250.00,3350.00,73
6570,5662507,completed,0241-47963,01,"STANDARD HOOP, SIZE KIT 200MM, WFR ORIEN",manufactured,,,False,1,0.00,0.00,0.00,0
6570,5662507,completed,0241-47963,01,"STANDARD HOOP, SIZE KIT 200MM, WFR ORIEN",manufactured,,,False,5,0.00,0.00,0.00,0
6570,5662507,completed,0241-47963,01,"STANDARD HOOP, SIZE KIT 200MM, WFR ORIEN",manufactured,,,False,10,0.00,0.00,0.00,0
6570,5662507,completed,0241-47963,01,"STANDARD HOOP, SIZE KIT 200MM, WFR ORIEN",manufactured,,,False,15,0.00,0.00,0.00,0
6574,5672939,not_started,0020-60720,06,"PLATE CHAMBER
FORKLIFT CVD ENDURA2
300MM",manufactured,,,False,1,0.00,0.00,0.00,0
6574,5672939,not_started,0020-60720,06,"PLATE CHAMBER
FORKLIFT CVD ENDURA2
300MM",manufactured,,,False,5,0.00,0.00,0.00,0
6574,5672939,not_started,0020-60720,06,"PLATE CHAMBER
FORKLIFT CVD ENDURA2
300MM",manufactured,,,False,10,0.00,0.00,0.00,0
6574,5672939,not_started,0020-60720,06,"PLATE CHAMBER
FORKLIFT CVD ENDURA2
300MM",manufactured,,,False,15,0.00,0.00,0.00,0
6574,5672939,not_started,0020-60720,06,"PLATE CHAMBER
FORKLIFT CVD ENDURA2
300MM",manufactured,,,False,20,0.00,0.00,0.00,0
6574,5672939,not_started,0020-60720,06,"PLATE CHAMBER
FORKLIFT CVD ENDURA2
300MM",manufactured,,,False,30,0.00,0.00,0.00,0
6574,5672939,not_started,0020-60720,06,"PLATE CHAMBER
FORKLIFT CVD ENDURA2
300MM",manufactured,,,False,50,0.00,0.00,0.00,0
6574,5672939,not_started,0020-60720,06,"PLATE CHAMBER
FORKLIFT CVD ENDURA2
300MM",manufactured,,,False,100,0.00,0.00,0.00,0
6562,5660476,completed,BAV-000193-0001 W/O ANODIZE,-,"HEATSINK, REAR COVER, 
10 INCH MONITOR",assembled,Aluminum 6061-T6,MS  - Assy,True,25,782.00,19550.00,25730.00,45
6562,5660476,completed,BAV-000193-0001 W/O ANODIZE,-,"HEATSINK, REAR COVER, 
10 INCH MONITOR",assembled,Aluminum 6061-T6,MS  - Assy,True,50,733.00,36650.00,42830.00,49
6562,5660476,completed,BAV-000193-0001 W/O ANODIZE,-,"HEATSINK, REAR COVER, 
10 INCH MONITOR",assembled,Aluminum 6061-T6,MS  - Assy,True,100,714.00,71400.00,77580.00,56
6562,5660476,completed,BAV-000193-0001 W/O ANODIZE,-,"HEATSINK, REAR COVER, 
10 INCH MONITOR",assembled,Aluminum 6061-T6,MS  - Assy,True,250,698.00,174500.00,180680.00,79
6562,5660476,completed,BAV-000193-0001 W/O ANODIZE,-,"HEATSINK, REAR COVER, 
10 INCH MONITOR",assembled,Aluminum 6061-T6,MS  - Assy,True,500,695.00,347500.00,353680.00,117
6562,5660476,completed,BAV-000193-0001 W/O ANODIZE,-,"HEATSINK, REAR COVER, 
10 INCH MONITOR",assembled,Aluminum 6061-T6,MS  - Assy,True,1000,692.00,692000.00,698180.00,193
6562,5796492,completed,BAV-000193-0001   ANODIZED,-,"HEATSINK, REAR COVER, 
10 INCH MONITOR",assembled,Aluminum 6061-T6,MS  - Assy,True,25,1190.00,29750.00,35930.00,50
6562,5796492,completed,BAV-000193-0001   ANODIZED,-,"HEATSINK, REAR COVER, 
10 INCH MONITOR",assembled,Aluminum 6061-T6,MS  - Assy,True,50,1140.00,57000.00,63180.00,54
6562,5796492,completed,BAV-000193-0001   ANODIZED,-,"HEATSINK, REAR COVER, 
10 INCH MONITOR",assembled,Aluminum 6061-T6,MS  - Assy,True,100,1120.00,112000.00,118180.00,61
6562,5796492,completed,BAV-000193-0001   ANODIZED,-,"HEATSINK, REAR COVER, 
10 INCH MONITOR",assembled,Aluminum 6061-T6,MS  - Assy,True,250,1100.00,275000.00,281180.00,84
6562,5796492,completed,BAV-000193-0001   ANODIZED,-,"HEATSINK, REAR COVER, 
10 INCH MONITOR",assembled,Aluminum 6061-T6,MS  - Assy,True,500,1100.00,550000.00,556180.00,122
6562,5796492,completed,BAV-000193-0001   ANODIZED,-,"HEATSINK, REAR COVER, 
10 INCH MONITOR",assembled,Aluminum 6061-T6,MS  - Assy,True,1000,1100.00,1100000.00,1106180.00,198
6562,5660477,completed,BAV-000198-0001 W/O ANODIZE,-,"USB PANEL,
10 INCH MONITOR",manufactured,Aluminum 6061-T6,MS - Mill (copy),True,25,102.00,2550.00,4710.00,77
6562,5660477,completed,BAV-000198-0001 W/O ANODIZE,-,"USB PANEL,
10 INCH MONITOR",manufactured,Aluminum 6061-T6,MS - Mill (copy),True,50,76.76,3838.00,5998.00,78
6562,5660477,completed,BAV-000198-0001 W/O ANODIZE,-,"USB PANEL,
10 INCH MONITOR",manufactured,Aluminum 6061-T6,MS - Mill (copy),True,100,64.98,6498.00,8658.00,81
6562,5660477,completed,BAV-000198-0001 W/O ANODIZE,-,"USB PANEL,
10 INCH MONITOR",manufactured,Aluminum 6061-T6,MS - Mill (copy),True,250,58.00,14500.00,16660.00,90
6562,5660477,completed,BAV-000198-0001 W/O ANODIZE,-,"USB PANEL,
10 INCH MONITOR",manufactured,Aluminum 6061-T6,MS - Mill (copy),True,500,55.83,27915.00,30075.00,105
6562,5660477,completed,BAV-000198-0001 W/O ANODIZE,-,"USB PANEL,
10 INCH MONITOR",manufactured,Aluminum 6061-T6,MS - Mill (copy),True,1000,54.56,54560.00,56720.00,135
6562,5796597,completed,BAV-000198-0001 ANODIZED,-,"USB PANEL,
10 INCH MONITOR",manufactured,Aluminum 6061-T6,MS - Mill (copy),True,25,123.00,3075.00,5235.00,82
6562,5796597,completed,BAV-000198-0001 ANODIZED,-,"USB PANEL,
10 INCH MONITOR",manufactured,Aluminum 6061-T6,MS - Mill (copy),True,50,96.76,4838.00,6998.00,83
6562,5796597,completed,BAV-000198-0001 ANODIZED,-,"USB PANEL,
10 INCH MONITOR",manufactured,Aluminum 6061-T6,MS - Mill (copy),True,100,84.22,8422.00,10582.00,86
6562,5796597,completed,BAV-000198-0001 ANODIZED,-,"USB PANEL,
10 INCH MONITOR",manufactured,Aluminum 6061-T6,MS - Mill (copy),True,250,76.77,19192.50,21352.50,95
6562,5796597,completed,BAV-000198-0001 ANODIZED,-,"USB PANEL,
10 INCH MONITOR",manufactured,Aluminum 6061-T6,MS - Mill (copy),True,500,74.44,37220.00,39380.00,110
6562,5796597,completed,BAV-000198-0001 ANODIZED,-,"USB PANEL,
10 INCH MONITOR",manufactured,Aluminum 6061-T6,MS - Mill (copy),True,1000,73.10,73100.00,75260.00,140
6572,5663799,completed,512-030-411-291,-,BRACKET,manufactured,Aluminum 6013-T4,SM - Piece (combo),True,28,92.86,2600.08,2600.08,58
6572,5663801,completed,512-030-401-569,-,CLIP ASSY AVIONICS CLOSEOUT,manufactured,Aluminum 6013-T4,SM - Piece (combo),True,28,108.00,3024.00,3024.00,61
6552,5643189,completed,0022-66166,02,"BRACKET, SHIPPING TIE-DOWN",manufactured,Steel (Galvanized),SM - Piece,True,30,19.27,578.10,578.10,80
6552,5643190,completed,0022-66170,02,"BRACKET, OUTRIGGER LEG",manufactured,Steel (Galvanized),SM - Piece,True,30,56.90,1707.00,1707.00,80
6552,5643191,completed,0022-66174,02,"PANEL, LOWER BULKHEAD",manufactured,CRS,SM - Piece,True,30,17.50,525.00,525.00,80
6552,5643192,completed,0022-66175,02,"PANEL, UPPER BULKHEAD",manufactured,CRS,SM - Piece,True,30,14.33,429.90,429.90,80
6552,5685943,completed,0042-59772,02,"BRACKET, CONTROL SUB-ASSY",manufactured,CRS,SM - Piece W/HDWE,True,30,115.00,3450.00,3450.00,80
6552,5686466,completed,0042-59779,01,"PANEL, PANELBOARD OUTGOING",manufactured,Steel (Galvanized),SM - Piece W/HDWE,True,30,47.17,1415.10,1415.10,80
6552,5687072,completed,0042-85526-01,04,CB PADLOCK BRKT ABB SU200,manufactured,Stainless Steel 304L,SM - Assy,True,30,19.17,575.10,575.10,80
6552,5688002,completed,0042-96358,01,"PANEL, MOXA CCOVER",manufactured,Steel (Galvanized),SM - Piece W/HDWE,True,30,45.63,1368.90,1368.90,80
6552,5688221,completed,0042-96360,01,"BRACKET , MOXA KIT",manufactured,CRS,SM - Piece W/HDWE,True,30,21.57,647.10,647.10,80
6552,5643198,completed,0022-66167,02,"PANEL, MOXA INPUT",manufactured,Steel (Galvanized),SM - Piece,True,30,18.77,563.10,563.10,80
6552,5643199,completed,0015-19847,01,"L-SECTION, CROSS MEMBER, SIDE",manufactured,HRS,SM - Piece,True,30,13.90,417.00,417.00,80
6552,5643200,completed,0023-04484,04,"GROUND BUSBAR, 26 POSITION, 28 X 0.75X",manufactured,Copper 110,MS - Mill,True,30,226.00,6780.00,6780.00,80
6552,5690183,completed,0042-59991,01,"BRACKET , MAIN CB MOUNT",manufactured,CRS,SM - Piece W/HDWE,True,30,150.00,4500.00,4500.00,80
6552,5690570,completed,0042-65084,01,"PANEL, PANELBOARD DOOR",manufactured,Steel (Galvanized),SM - Piece W/HDWE,True,30,111.00,3330.00,3330.00,80
6552,5690893,completed,0042-65234,01,DOOR MAIN,manufactured,CRS,SM - Piece W/HDWE,True,30,207.00,6210.00,6210.00,80
6552,5691097,completed,0042-65336,01,"BRACKET SMOKE DETECTOR,CMAC",manufactured,CRS,SM - Piece W/HDWE,True,30,21.70,651.00,651.00,80
6552,5691203,completed,0042-67332,01,"BRACKET , PANELBOARD MOUNT",manufactured,CRS,SM - Piece W/HDWE,True,30,30.13,903.90,903.90,80
6552,5694844,completed,0042-67333,01,"BRACKET,  PANELBOARD SUPPORT (L)",manufactured,CRS,SM - Piece W/HDWE,True,30,56.00,1680.00,1680.00,80
6552,5706809,completed,0042-67334,01,"BRACKET, PANELBOARD SUPPORT (R)",manufactured,CRS,SM - Piece W/HDWE,True,30,70.93,2127.90,2127.90,80
6552,5643208,completed,0042-67343,02,"WELDMENT, ENCLOSURE",assembled,HRS,SM - Assy,True,30,763.00,22890.00,22890.00,80
6552,5698249,completed,0042-67344,03,"ENCLOSURE , BACK PANEL",manufactured,CRS,SM - Assy,True,30,275.00,8250.00,8250.00,80
6552,5698016,completed,0042-67346,01,SIDE COVER ENCLOSURE,manufactured,Steel (Galvanized),SM - Piece W/HDWE,True,30,186.00,5580.00,5580.00,80
6552,5697944,completed,0042-67347,01,REAR COVER ENCLOSURE,manufactured,Steel (Galvanized),SM - Piece W/HDWE,True,30,214.00,6420.00,6420.00,80
6552,5697657,completed,0042-67348,01,"TRIM COVER , CB  PANELBOARD",manufactured,Steel (Galvanized),SM - Piece W/HDWE,True,30,140.00,4200.00,4200.00,80
6552,5696115,completed,0042-67357,01,"BRACKET, MOUNTING , REMOTE UPS",manufactured,CRS,SM - Assy,True,30,104.00,3120.00,3120.00,80
6552,5695723,completed,0042-67358,01,TRIM COVER CB REMOTE UPS,manufactured,Steel (Galvanized),SM - Piece W/HDWE,True,30,85.47,2564.10,2564.10,80
6552,5694657,completed,0042-68106,01,"BRACKET, MOUNTING TRANSFORMER",manufactured,CRS,SM - Piece W/HDWE,True,30,68.20,2046.00,2046.00,80
6552,5694335,completed,0042-68117,01,"PANEL, INCOMING POWER",manufactured,Steel (Galvanized),SM - Piece W/HDWE,True,30,49.60,1488.00,1488.00,80
6552,5693920,completed,0042-68958,01,"PANEL, BASE ACCESS",manufactured,Steel (Galvanized),SM - Piece W/HDWE,True,30,48.47,1454.10,1454.10,80
6552,5693423,completed,0042-99108,01,"BRACKET, PANELBOARD MOUNT",manufactured,CRS,SM - Piece W/HDWE,True,30,29.17,875.10,875.10,80
6552,5693157,completed,0042-99203,01,"PANEL, ROOF CONNECTORS",manufactured,Steel (Galvanized),SM - Piece W/HDWE,True,30,72.83,2184.90,2184.90,80
6571,5662636,completed,246K898H01,C,"COVER,OUTPUT SIDE",manufactured,Aluminum 6061-T6,MS - Mill,True,180,164.00,29520.00,29520.00,80
6571,5662636,completed,246K898H01,C,"COVER,OUTPUT SIDE",manufactured,Aluminum 6061-T6,MS - Mill,True,270,164.00,44280.00,44280.00,85
6571,5662636,completed,246K898H01,C,"COVER,OUTPUT SIDE",manufactured,Aluminum 6061-T6,MS - Mill,True,360,164.00,59040.00,59040.00,89
6571,5662636,completed,246K898H01,C,"COVER,OUTPUT SIDE",manufactured,Aluminum 6061-T6,MS - Mill,True,450,164.00,73800.00,73800.00,93
6571,5662636,completed,246K898H01,C,"COVER,OUTPUT SIDE",manufactured,Aluminum 6061-T6,MS - Mill,True,600,164.00,98400.00,98400.00,101
6571,5662636,completed,246K898H01,C,"COVER,OUTPUT SIDE",manufactured,Aluminum 6061-T6,MS - Mill,True,720,164.00,118080.00,118080.00,107
6571,5662636,completed,246K898H01,C,"COVER,OUTPUT SIDE",manufactured,Aluminum 6061-T6,MS - Mill,True,900,164.00,147600.00,147600.00,116
6571,5662636,completed,246K898H01,C,"COVER,OUTPUT SIDE",manufactured,Aluminum 6061-T6,MS - Mill,True,1080,164.00,177120.00,177120.00,125
6571,5662643,completed,246K899H01,D,"COVER,INPUT SIDE",manufactured,Aluminum 6061-T6,MS - Mill,True,180,153.00,27540.00,27540.00,76
6571,5662643,completed,246K899H01,D,"COVER,INPUT SIDE",manufactured,Aluminum 6061-T6,MS - Mill,True,270,153.00,41310.00,41310.00,78
6571,5662643,completed,246K899H01,D,"COVER,INPUT SIDE",manufactured,Aluminum 6061-T6,MS - Mill,True,360,153.00,55080.00,55080.00,80
6571,5662643,completed,246K899H01,D,"COVER,INPUT SIDE",manufactured,Aluminum 6061-T6,MS - Mill,True,450,153.00,68850.00,68850.00,83
6571,5662643,completed,246K899H01,D,"COVER,INPUT SIDE",manufactured,Aluminum 6061-T6,MS - Mill,True,600,153.00,91800.00,91800.00,87
6571,5662643,completed,246K899H01,D,"COVER,INPUT SIDE",manufactured,Aluminum 6061-T6,MS - Mill,True,720,152.00,109440.00,109440.00,90
6571,5662643,completed,246K899H01,D,"COVER,INPUT SIDE",manufactured,Aluminum 6061-T6,MS - Mill,True,900,22.28,20052.00,20052.00,95
6571,5662643,completed,246K899H01,D,"COVER,INPUT SIDE",manufactured,Aluminum 6061-T6,MS - Mill,True,1080,22.16,23932.80,23932.80,99
6573,5679003,completed,0041-78188,03,"WRIST PLATE , LOWER 300MM  ROBOT, OLYMPIA",manufactured,Aluminum 6061-T6,MS - Mill,True,1,1160.00,1160.00,1960.00,72
6573,5679003,completed,0041-78188,03,"WRIST PLATE , LOWER 300MM  ROBOT, OLYMPIA",manufactured,Aluminum 6061-T6,MS - Mill,True,5,362.00,1810.00,2610.00,73
6573,5679003,completed,0041-78188,03,"WRIST PLATE , LOWER 300MM  ROBOT, OLYMPIA",manufactured,Aluminum 6061-T6,MS - Mill,True,10,284.00,2840.00,3640.00,73
6575,5673035,completed,901-005-894-101,B,"ASSY, CHASSIS",manufactured,,,False,1,2414.00,2414.00,2414.00,70
6575,5673035,completed,901-005-894-101,B,"ASSY, CHASSIS",manufactured,,,False,8,643.00,5144.00,5144.00,70
6575,5673035,completed,901-005-894-101,B,"ASSY, CHASSIS",manufactured,,,False,40,482.00,19280.00,19280.00,100
6575,5673036,completed,901-005-898-101,A,SWITCH MOUNT ASSY,manufactured,,,False,1,1794.00,1794.00,1794.00,70
6575,5673036,completed,901-005-898-101,A,SWITCH MOUNT ASSY,manufactured,,,False,8,288.00,2304.00,2304.00,70
6575,5673036,completed,901-005-898-101,A,SWITCH MOUNT ASSY,manufactured,,,False,40,143.00,5720.00,5720.00,70
6576,5927555,completed,0040-81668,05,"TRANSLATOR XY PRODUCER
ETCH",manufactured,Aluminum 6061-T6,MS - Mill,True,1,1150.00,1150.00,2150.00,60
6576,5927555,completed,0040-81668,05,"TRANSLATOR XY PRODUCER
ETCH",manufactured,Aluminum 6061-T6,MS - Mill,True,5,279.00,1395.00,2395.00,60
6576,5927555,completed,0040-81668,05,"TRANSLATOR XY PRODUCER
ETCH",manufactured,Aluminum 6061-T6,MS - Mill,True,10,170.00,1700.00,2700.00,60
6576,5927555,completed,0040-81668,05,"TRANSLATOR XY PRODUCER
ETCH",manufactured,Aluminum 6061-T6,MS - Mill,True,15,134.00,2010.00,3010.00,60
6576,5673149,completed,0021-26687,03,CHAMBER COOLING FITTING,manufactured,Aluminum 6061-T6,MS - Mill,True,1,821.00,821.00,1821.00,60
6576,5673149,completed,0021-26687,03,CHAMBER COOLING FITTING,manufactured,Aluminum 6061-T6,MS - Mill,True,5,194.00,970.00,1970.00,60
6576,5673149,completed,0021-26687,03,CHAMBER COOLING FITTING,manufactured,Aluminum 6061-T6,MS - Mill,True,10,115.00,1150.00,2150.00,60
6576,5673149,completed,0021-26687,03,CHAMBER COOLING FITTING,manufactured,Aluminum 6061-T6,MS - Mill,True,15,88.60,1329.00,2329.00,60
6576,5673140,completed,0021-27472,03,Y-BLOCK,manufactured,Stainless Steel 304L,MS - Mill,True,1,834.00,834.00,1834.00,60
6576,5673140,completed,0021-27472,03,Y-BLOCK,manufactured,Stainless Steel 304L,MS - Mill,True,5,201.00,1005.00,2005.00,60
6576,5673140,completed,0021-27472,03,Y-BLOCK,manufactured,Stainless Steel 304L,MS - Mill,True,10,122.00,1220.00,2220.00,60
6576,5673140,completed,0021-27472,03,Y-BLOCK,manufactured,Stainless Steel 304L,MS - Mill,True,15,95.53,1432.95,2432.95,60
6578,5674097,completed,901-005-608-101,C,"CHASSIS, ASSY",manufactured,,,False,1,4177.00,4177.00,4177.00,70
6578,5674097,completed,901-005-608-101,C,"CHASSIS, ASSY",manufactured,,,False,5,1391.00,6955.00,6955.00,70
6578,5674097,completed,901-005-608-101,C,"CHASSIS, ASSY",manufactured,,,False,10,1102.00,11020.00,11020.00,80
6577,5673479,completed,0242-82290,01,"KIT, ACTUATOR SPRING BUSHING",assembled,,Kit - Assy,False,1,1230.00,1230.00,1230.00,8
6577,5673479,completed,0242-82290,01,"KIT, ACTUATOR SPRING BUSHING",assembled,,Kit - Assy,False,5,279.00,1395.00,1395.00,8
6577,5673479,completed,0242-82290,01,"KIT, ACTUATOR SPRING BUSHING",assembled,,Kit - Assy,False,15,115.84,1737.60,1737.60,8
6582,5682837,completed,512-042-324-103,-,PIN CAP ASSY - GEARBOX,manufactured,,,False,5,0.00,0.00,0.00,0
6581,5682874,no_quote,512-015-028-101,A,SHIM SPACER - MAIN ROTOR BLADE,manufactured,,,False,4,0.00,0.00,0.00,0
6584,5683302,not_started,,,,manufactured,,SM - Assy,False,1,0.00,0.00,0.00,0
6579,5676204,completed,512-030-600-313,A,SUPPORT ASSY CAMERA - BAGGAGE BAY,manufactured,Aluminum 6013-T4,SM - Piece,True,14,402.00,5628.00,5628.00,68
6583,5682586,completed,901-075-667-101,C,COVER,manufactured,Aluminum 2024-T3,SM - Piece,True,1,1366.00,1366.00,1366.00,70
6583,5682586,completed,901-075-667-101,C,COVER,manufactured,Aluminum 2024-T3,SM - Piece,True,3,502.00,1506.00,1506.00,70
6583,5682586,completed,901-075-667-101,C,COVER,manufactured,Aluminum 2024-T3,SM - Piece,True,7,246.00,1722.00,1722.00,70
6583,5682586,completed,901-075-667-101,C,COVER,manufactured,Aluminum 2024-T3,SM - Piece,True,25,113.00,2825.00,2825.00,76
6583,5682587,completed,901-375-657-101,A,"CHASSIS, ASSY, 5052-H32",manufactured,Aluminum 5052-H32,SM - Piece,True,1,4096.00,4096.00,4096.00,76
6583,5682587,completed,901-375-657-101,A,"CHASSIS, ASSY, 5052-H32",manufactured,Aluminum 5052-H32,SM - Piece,True,3,1848.00,5544.00,5544.00,76
6583,5682587,completed,901-375-657-101,A,"CHASSIS, ASSY, 5052-H32",manufactured,Aluminum 5052-H32,SM - Piece,True,7,1301.00,9107.00,9107.00,76
6583,5682587,completed,901-375-657-101,A,"CHASSIS, ASSY, 5052-H32",manufactured,Aluminum 5052-H32,SM - Piece,True,25,1002.00,25050.00,25050.00,76
6590,5687014,no_quote,161W0502-1,-,"WASHER - SPINDLE, SIDE STRUT,",manufactured,,,False,1136,0.00,0.00,0.00,0
6580,5676231,completed,512-030-101-011,A,BRACKET ASSY,manufactured,Aluminum 7075-T6,SM - Piece (combo),True,5,279.00,1395.00,1395.00,55
6580,5676239,completed,512-030-101-013,B,Bracket Doubler assy,manufactured,Aluminum 7075-T6,SM - Piece (combo),True,5,601.00,3005.00,3005.00,61
6580,5676242,no_quote,512-030-110-507,A,Bracket Ground Strap,manufactured,,,False,5,0.00,0.00,0.00,0
6580,5676245,completed,512-030-110-555,A,Bracket Doubler,manufactured,Aluminum 6013-T4,SM - Piece (combo),True,5,759.00,3795.00,3795.00,70
6580,5676248,completed,512-030-110-609,A,DOUBLER,manufactured,Aluminum 6013-T4,SM - Piece (combo),True,5,419.00,2095.00,2095.00,57
6580,5676253,completed,512-030-110-611,B,Bracket Doubler,manufactured,Aluminum 7075-T6,SM - Piece (combo),True,5,517.00,2585.00,2585.00,57
6585,5684675,no_quote,A0492703,02,"PLATE, DOOR OPENER, MINI-RAIDER",manufactured,,NQ - No Capacity,False,6,0.00,0.00,0.00,5
6585,5684676,no_quote,A0492705,01,"PLATE, DOOR OPENER, LEFT, 2 FOUP WIP",manufactured,,NQ - No Capacity,False,6,0.00,0.00,0.00,5
6585,5684677,no_quote,A0492746,01,"PLATE, SUPPORT, HARD STOP, FOUP ELEVATOR",manufactured,,NQ - No Capacity,False,2,0.00,0.00,0.00,5
6585,5684678,no_quote,A0492748,03,"COLUMN, ELEVATOR, FOUP, UNIV, 300MM LT",manufactured,,NQ - No Capacity,False,2,0.00,0.00,0.00,5
6585,5684679,no_quote,A0502328,01,"MOUNTING FLANGE, MAGNETIC , DOOR SWITCH,",manufactured,,NQ - No Capacity,False,5,0.00,0.00,0.00,5
6585,5684680,no_quote,A0552666,01,"STAND OFF, BASE, KEYED, THREADED, ROTOR,",manufactured,,NQ - No Capacity,False,44,0.00,0.00,0.00,5
6585,5684681,no_quote,A0552708,01,"ROLLER, BUSHING, LINK, ROTATING",manufactured,,NQ - No Capacity,False,44,0.00,0.00,0.00,5
6585,5684682,no_quote,A0555164,01,"LINK, IDLER EXTENDED FINGER HF LAST, HAL",manufactured,,NQ - No Capacity,False,44,0.00,0.00,0.00,5
6585,5684683,no_quote,A0560837,01,"CLAMP, STRAIN RELIEF SWING ARM TUBING PE",manufactured,,NQ - No Capacity,False,8,0.00,0.00,0.00,5
6585,5684684,no_quote,A0561073,01,"ASSEMBLY, MODIFIED,MOTOR FLANGE ADAPTOR,",assembled,,NQ - No Capacity,False,8,0.00,0.00,0.00,5
6585,5684685,no_quote,A0597287,01,"GRIPPER FORCE GAUGE, EXTENSION, IMADA DS",manufactured,,NQ - No Capacity,False,2,0.00,0.00,0.00,5
6593,5688179,no_quote,512-042-324-101,A,CAP ASSY - GEARBOX,manufactured,,,False,5,0.00,0.00,0.00,0
6587,5685242,no_quote,0042-23110,03,"LINER, NON PPM, PREC, CLAMP, KODIAK UX",assembled,,NQ - Not a Core Competency,False,73,0.00,0.00,0.00,5
6587,5685243,no_quote,0042-26383,04,"OUTPUT MANIFOLD, S1, LARGE ELECTRODE, PR",assembled,,NQ - Not a Core Competency,False,8,0.00,0.00,0.00,5
6587,5685244,no_quote,0042-26384,04,"OUTPUT MANIFOLD, S2, LARGE ELECTRODE, PR",assembled,,NQ - Not a Core Competency,False,5,0.00,0.00,0.00,5
6591,5687091,completed,100940A-00,-,GUIDE PIN LONG,manufactured,Stainless Steel 303,MS - Lathe,True,3,513.00,1539.00,1539.00,70
6589,5717910,completed,0023-18176,"GROUND BUS LUG, DC HP CONNECTOR, 300MM P","GROUND BUS LUG, DC HP CONNECTOR, 300MM P",manufactured,Brass 360,MS - Mill,True,1,1070.00,1070.00,1970.00,71
6589,5717910,completed,0023-18176,"GROUND BUS LUG, DC HP CONNECTOR, 300MM P","GROUND BUS LUG, DC HP CONNECTOR, 300MM P",manufactured,Brass 360,MS - Mill,True,50,72.14,3607.00,3607.00,74
6589,5717910,completed,0023-18176,"GROUND BUS LUG, DC HP CONNECTOR, 300MM P","GROUND BUS LUG, DC HP CONNECTOR, 300MM P",manufactured,Brass 360,MS - Mill,True,150,55.87,8380.50,8380.50,79
6589,5717910,completed,0023-18176,"GROUND BUS LUG, DC HP CONNECTOR, 300MM P","GROUND BUS LUG, DC HP CONNECTOR, 300MM P",manufactured,Brass 360,MS - Mill,True,300,52.16,15648.00,15648.00,86
6589,5717910,completed,0023-18176,"GROUND BUS LUG, DC HP CONNECTOR, 300MM P","GROUND BUS LUG, DC HP CONNECTOR, 300MM P",manufactured,Brass 360,MS - Mill,True,1500,48.93,73395.00,73395.00,144
6589,5686235,completed,0023-18177,05,PLATE CONTACT RIGHT SOURCE HP DC PVD,manufactured,Brass 360,MS - Mill,True,1,2040.00,2040.00,2840.00,70
6589,5686235,completed,0023-18177,05,PLATE CONTACT RIGHT SOURCE HP DC PVD,manufactured,Brass 360,MS - Mill,True,50,147.00,7350.00,7350.00,75
6589,5686235,completed,0023-18177,05,PLATE CONTACT RIGHT SOURCE HP DC PVD,manufactured,Brass 360,MS - Mill,True,150,121.00,18150.00,18150.00,84
6589,5686235,completed,0023-18177,05,PLATE CONTACT RIGHT SOURCE HP DC PVD,manufactured,Brass 360,MS - Mill,True,300,114.00,34200.00,34200.00,99
6589,5686235,completed,0023-18177,05,PLATE CONTACT RIGHT SOURCE HP DC PVD,manufactured,Brass 360,MS - Mill,True,1500,107.00,160500.00,160500.00,212
6589,5686236,completed,0023-20874,02,PLATE CONTACT LEFT SOURCE HP DC PVD,manufactured,Brass 360,MS - Mill,True,1,1920.00,1920.00,2720.00,68
6589,5686236,completed,0023-20874,02,PLATE CONTACT LEFT SOURCE HP DC PVD,manufactured,Brass 360,MS - Mill,True,50,144.00,7200.00,7200.00,73
6589,5686236,completed,0023-20874,02,PLATE CONTACT LEFT SOURCE HP DC PVD,manufactured,Brass 360,MS - Mill,True,150,120.00,18000.00,18000.00,82
6589,5686236,completed,0023-20874,02,PLATE CONTACT LEFT SOURCE HP DC PVD,manufactured,Brass 360,MS - Mill,True,300,113.00,33900.00,33900.00,96
6589,5686236,completed,0023-20874,02,PLATE CONTACT LEFT SOURCE HP DC PVD,manufactured,Brass 360,MS - Mill,True,1500,106.00,159000.00,159000.00,209
6594,5693648,completed,246K898h01,C,COVER OUTPUT SIDE,manufactured,Aluminum 6061-T6,MS - Mill,True,150,164.00,24600.00,24600.00,70
6586,5684883,completed,0041-52769,05,"SHIPPING BRACKET 2, OLYMPIA",assembled,HRS,SM - Assy,True,1,1300.00,1300.00,1900.00,66
6586,5684883,completed,0041-52769,05,"SHIPPING BRACKET 2, OLYMPIA",assembled,HRS,SM - Assy,True,5,472.00,2360.00,2960.00,66
6586,5684883,completed,0041-52769,05,"SHIPPING BRACKET 2, OLYMPIA",assembled,HRS,SM - Assy,True,10,369.00,3690.00,4290.00,67
6592,5688140,no_quote,512-030-300-111,C,ANGLE ASSY,manufactured,,,False,21,0.00,0.00,0.00,0
6596,5698349,completed,03-P15263B09,D,BASE HOUSING,manufactured,FR4,MS  - Assy,True,1,2037.00,2037.00,2037.00,70
6596,5698349,completed,03-P15263B09,D,BASE HOUSING,manufactured,FR4,MS  - Assy,True,20,218.00,4360.00,4360.00,70
6596,5698349,completed,03-P15263B09,D,BASE HOUSING,manufactured,FR4,MS  - Assy,True,58,163.00,9454.00,9454.00,70
6597,5707528,not_started,916903,,ASSEMBLY ONLY,manufactured,,Kit - Assy,False,40,53.25,2130.00,2130.00,0
6588,5884119,completed,0040-75384,02,"EXTERIOR PANEL CHAMBER A,  UPPER FRAME MODULE",manufactured,Steel (Galvanized),SM - Piece W/HDWE,True,1,738.00,738.00,1338.00,76
6588,5884119,completed,0040-75384,02,"EXTERIOR PANEL CHAMBER A,  UPPER FRAME MODULE",manufactured,Steel (Galvanized),SM - Piece W/HDWE,True,5,223.00,1115.00,1715.00,77
6588,5884119,completed,0040-75384,02,"EXTERIOR PANEL CHAMBER A,  UPPER FRAME MODULE",manufactured,Steel (Galvanized),SM - Piece W/HDWE,True,10,158.00,1580.00,2180.00,77
6599,5717877,completed,246K899H01,D,"COVER,INPUT SIDE",manufactured,Aluminum 6061-T6,MS - Mill,True,100,153.00,15300.00,15300.00,70
6598,5717805,completed,0040-76522,05,LEVELING UNIT 300MM PVD,assembled,Stainless Steel 316L,MS  - Assy,True,1,2220.00,2220.00,2220.00,75
6598,5717805,completed,0040-76522,05,LEVELING UNIT 300MM PVD,assembled,Stainless Steel 316L,MS  - Assy,True,5,620.00,3100.00,3100.00,75
6598,5717805,completed,0040-76522,05,LEVELING UNIT 300MM PVD,assembled,Stainless Steel 316L,MS  - Assy,True,10,434.00,4340.00,4340.00,75
6598,5717805,completed,0040-76522,05,LEVELING UNIT 300MM PVD,assembled,Stainless Steel 316L,MS  - Assy,True,15,372.00,5580.00,5580.00,75
6598,5717805,completed,0040-76522,05,LEVELING UNIT 300MM PVD,assembled,Stainless Steel 316L,MS  - Assy,True,20,341.00,6820.00,6820.00,75
6598,5717805,completed,0040-76522,05,LEVELING UNIT 300MM PVD,assembled,Stainless Steel 316L,MS  - Assy,True,30,312.00,9360.00,9360.00,75
6598,5717805,completed,0040-76522,05,LEVELING UNIT 300MM PVD,assembled,Stainless Steel 316L,MS  - Assy,True,50,289.00,14450.00,14450.00,75
6598,5717805,completed,0040-76522,05,LEVELING UNIT 300MM PVD,assembled,Stainless Steel 316L,MS  - Assy,True,100,272.00,27200.00,27200.00,75
6595,5694703,completed,68098613-02,,LOWER PLATE,manufactured,Aluminum 5052-H32,MS - Mill,True,20,169.00,3380.00,4180.00,63
6604,5718765,completed,E17339460,A,"COVER,PROTECTIVE,DOSE CTRL",manufactured,,,False,1,0.00,0.00,0.00,0
6604,5718765,completed,E17339460,A,"COVER,PROTECTIVE,DOSE CTRL",manufactured,,,False,5,0.00,0.00,0.00,0
6604,5718765,completed,E17339460,A,"COVER,PROTECTIVE,DOSE CTRL",manufactured,,,False,10,0.00,0.00,0.00,0
6604,5718765,completed,E17339460,A,"COVER,PROTECTIVE,DOSE CTRL",manufactured,,,False,15,0.00,0.00,0.00,0
6604,5718765,completed,E17339460,A,"COVER,PROTECTIVE,DOSE CTRL",manufactured,,,False,20,0.00,0.00,0.00,0
6604,5718765,completed,E17339460,A,"COVER,PROTECTIVE,DOSE CTRL",manufactured,,,False,25,0.00,0.00,0.00,0
6604,5718765,completed,E17339460,A,"COVER,PROTECTIVE,DOSE CTRL",manufactured,,,False,35,0.00,0.00,0.00,0
6604,5718765,completed,E17339460,A,"COVER,PROTECTIVE,DOSE CTRL",manufactured,,,False,50,0.00,0.00,0.00,0
6604,5718766,completed,E17490521,C,"CHASSIS,MAIN DOSE CONTROLLER",manufactured,,,False,1,0.00,0.00,0.00,0
6604,5718766,completed,E17490521,C,"CHASSIS,MAIN DOSE CONTROLLER",manufactured,,,False,5,0.00,0.00,0.00,0
6604,5718766,completed,E17490521,C,"CHASSIS,MAIN DOSE CONTROLLER",manufactured,,,False,10,0.00,0.00,0.00,0
6604,5718766,completed,E17490521,C,"CHASSIS,MAIN DOSE CONTROLLER",manufactured,,,False,15,0.00,0.00,0.00,0
6604,5718766,completed,E17490521,C,"CHASSIS,MAIN DOSE CONTROLLER",manufactured,,,False,20,0.00,0.00,0.00,0
6604,5718766,completed,E17490521,C,"CHASSIS,MAIN DOSE CONTROLLER",manufactured,,,False,25,0.00,0.00,0.00,0
6604,5718766,completed,E17490521,C,"CHASSIS,MAIN DOSE CONTROLLER",manufactured,,,False,35,0.00,0.00,0.00,0
6604,5718766,completed,E17490521,C,"CHASSIS,MAIN DOSE CONTROLLER",manufactured,,,False,50,0.00,0.00,0.00,0
6604,5718767,completed,E17490530,C,"PANEL,REAR,DOSE CONTROLLER",manufactured,,,False,1,0.00,0.00,0.00,0
6604,5718767,completed,E17490530,C,"PANEL,REAR,DOSE CONTROLLER",manufactured,,,False,5,0.00,0.00,0.00,0
6604,5718767,completed,E17490530,C,"PANEL,REAR,DOSE CONTROLLER",manufactured,,,False,10,0.00,0.00,0.00,0
6604,5718767,completed,E17490530,C,"PANEL,REAR,DOSE CONTROLLER",manufactured,,,False,15,0.00,0.00,0.00,0
6604,5718767,completed,E17490530,C,"PANEL,REAR,DOSE CONTROLLER",manufactured,,,False,20,0.00,0.00,0.00,0
6604,5718767,completed,E17490530,C,"PANEL,REAR,DOSE CONTROLLER",manufactured,,,False,25,0.00,0.00,0.00,0
6604,5718767,completed,E17490530,C,"PANEL,REAR,DOSE CONTROLLER",manufactured,,,False,35,0.00,0.00,0.00,0
6604,5718767,completed,E17490530,C,"PANEL,REAR,DOSE CONTROLLER",manufactured,,,False,50,0.00,0.00,0.00,0
6604,5718768,completed,E17498690,A,"COVER,TOP,DOSE CTRL'R",manufactured,,,False,1,0.00,0.00,0.00,0
6604,5718768,completed,E17498690,A,"COVER,TOP,DOSE CTRL'R",manufactured,,,False,5,0.00,0.00,0.00,0
6604,5718768,completed,E17498690,A,"COVER,TOP,DOSE CTRL'R",manufactured,,,False,10,0.00,0.00,0.00,0
6604,5718768,completed,E17498690,A,"COVER,TOP,DOSE CTRL'R",manufactured,,,False,15,0.00,0.00,0.00,0
6604,5718768,completed,E17498690,A,"COVER,TOP,DOSE CTRL'R",manufactured,,,False,20,0.00,0.00,0.00,0
6604,5718768,completed,E17498690,A,"COVER,TOP,DOSE CTRL'R",manufactured,,,False,25,0.00,0.00,0.00,0
6604,5718768,completed,E17498690,A,"COVER,TOP,DOSE CTRL'R",manufactured,,,False,35,0.00,0.00,0.00,0
6604,5718768,completed,E17498690,A,"COVER,TOP,DOSE CTRL'R",manufactured,,,False,50,0.00,0.00,0.00,0
6600,5718234,completed,916776,_,Enclosure Assy  (Assembly Only),manufactured,,Aerospace Assembly,False,19,138.00,2622.00,2622.00,60
6600,5718090,completed,BFD335565 / 894023,G,"ENCLOSURE ASSY, MICRO SAU",manufactured,,,False,19,0.00,0.00,0.00,0
6600,5718093,completed,BFD336746,A,"BRACKET, MICRO MOUNTING",manufactured,Aluminum 7075-T73,MS - Mill,True,13,286.00,3718.00,5538.00,74
6600,5718235,completed,916903,_,Enclosure Assy (Assembly Only),manufactured,,Aerospace Assembly,False,40,142.00,5680.00,6400.00,60
6600,5718112,no_quote,BFD335542,F,"HEATSINK ASSEMBLY, TINY SAU",manufactured,,,False,40,0.00,0.00,0.00,0
6600,5718114,completed,BFD336745,B,"BRACKET, TINY MOUNTING",manufactured,Aluminum 7075-T73,MS - Mill,True,25,248.00,6200.00,7990.00,75
6602,5718455,completed,0090-15333,06,"FAB LEVEL GEN RACK ASSY, TSV ON CENTRIS",manufactured,,Historical Part Requote,False,1,5945.37,5945.37,5945.37,50
6602,5718455,completed,0090-15333,06,"FAB LEVEL GEN RACK ASSY, TSV ON CENTRIS",manufactured,,Historical Part Requote,False,5,5945.37,29726.85,29726.85,50
6602,5718455,completed,0090-15333,06,"FAB LEVEL GEN RACK ASSY, TSV ON CENTRIS",manufactured,,Historical Part Requote,False,10,5945.37,59453.70,59453.70,50
6602,5718455,completed,0090-15333,06,"FAB LEVEL GEN RACK ASSY, TSV ON CENTRIS",manufactured,,Historical Part Requote,False,50,5945.37,297268.50,297268.50,50
6602,5718455,completed,0090-15333,06,"FAB LEVEL GEN RACK ASSY, TSV ON CENTRIS",manufactured,,Historical Part Requote,False,100,5945.37,594537.00,594537.00,50
6602,5718456,completed,0090-15531,04,"REMOTE GEN RACK ASSY, TSV ON CENTRIS",manufactured,,Historical Part Requote,False,1,5638.76,5638.76,5638.76,50
6602,5718456,completed,0090-15531,04,"REMOTE GEN RACK ASSY, TSV ON CENTRIS",manufactured,,Historical Part Requote,False,5,5638.76,28193.80,28193.80,50
6602,5718456,completed,0090-15531,04,"REMOTE GEN RACK ASSY, TSV ON CENTRIS",manufactured,,Historical Part Requote,False,10,5638.76,56387.60,56387.60,50
6602,5718456,completed,0090-15531,04,"REMOTE GEN RACK ASSY, TSV ON CENTRIS",manufactured,,Historical Part Requote,False,50,5638.76,281938.00,281938.00,50
6602,5718456,completed,0090-15531,04,"REMOTE GEN RACK ASSY, TSV ON CENTRIS",manufactured,,Historical Part Requote,False,100,5638.76,563876.00,563876.00,50
6606,5718931,no_quote,0022-25475,02,STRAP,manufactured,,No Quote,False,36,0.00,0.00,0.00,5
6606,5718931,no_quote,0022-25475,02,STRAP,manufactured,,No Quote,False,180,0.00,0.00,0.00,5
6606,5718931,no_quote,0022-25475,02,STRAP,manufactured,,No Quote,False,360,0.00,0.00,0.00,5
6606,5718931,no_quote,0022-25475,02,STRAP,manufactured,,No Quote,False,540,0.00,0.00,0.00,5
6606,5718932,no_quote,0022-25476,03,"NUT PLATE, LOOP",manufactured,,,False,36,0.00,0.00,0.00,0
6606,5718932,no_quote,0022-25476,03,"NUT PLATE, LOOP",manufactured,,,False,180,0.00,0.00,0.00,0
6606,5718932,no_quote,0022-25476,03,"NUT PLATE, LOOP",manufactured,,,False,360,0.00,0.00,0.00,0
6606,5718932,no_quote,0022-25476,03,"NUT PLATE, LOOP",manufactured,,,False,540,0.00,0.00,0.00,0
6606,5718933,no_quote,0022-25477,03,"CLAMP PLATE, LOOP",manufactured,,,False,36,0.00,0.00,0.00,0
6606,5718933,no_quote,0022-25477,03,"CLAMP PLATE, LOOP",manufactured,,,False,180,0.00,0.00,0.00,0
6606,5718933,no_quote,0022-25477,03,"CLAMP PLATE, LOOP",manufactured,,,False,360,0.00,0.00,0.00,0
6606,5718933,no_quote,0022-25477,03,"CLAMP PLATE, LOOP",manufactured,,,False,540,0.00,0.00,0.00,0
6603,5718533,no_quote,0040-00694,03,"ASSY, ENHANCED COIL SUPPORT SHIELD MOUNT",manufactured,,NQ - No Capacity,False,1,0.00,0.00,0.00,5
6603,5718533,no_quote,0040-00694,03,"ASSY, ENHANCED COIL SUPPORT SHIELD MOUNT",manufactured,,NQ - No Capacity,False,2,0.00,0.00,0.00,5
6603,5718533,no_quote,0040-00694,03,"ASSY, ENHANCED COIL SUPPORT SHIELD MOUNT",manufactured,,NQ - No Capacity,False,5,0.00,0.00,0.00,5
6603,5718533,no_quote,0040-00694,03,"ASSY, ENHANCED COIL SUPPORT SHIELD MOUNT",manufactured,,NQ - No Capacity,False,10,0.00,0.00,0.00,5
6603,5718534,no_quote,0190-06120,01,"ASSEMBLY, 1/2 VALVE W/FLOW SWITCH 2GPM",manufactured,,NQ - No Capacity,False,1,0.00,0.00,0.00,5
6603,5718534,no_quote,0190-06120,01,"ASSEMBLY, 1/2 VALVE W/FLOW SWITCH 2GPM",manufactured,,NQ - No Capacity,False,2,0.00,0.00,0.00,5
6603,5718534,no_quote,0190-06120,01,"ASSEMBLY, 1/2 VALVE W/FLOW SWITCH 2GPM",manufactured,,NQ - No Capacity,False,5,0.00,0.00,0.00,5
6603,5718534,no_quote,0190-06120,01,"ASSEMBLY, 1/2 VALVE W/FLOW SWITCH 2GPM",manufactured,,NQ - No Capacity,False,10,0.00,0.00,0.00,5
6554,5925364,completed,,,,manufactured,Aluminum 5052-H32,SM - Piece W/HDWE,False,1,738.00,738.00,1338.00,75
6554,5925364,completed,,,,manufactured,Aluminum 5052-H32,SM - Piece W/HDWE,False,5,286.00,1430.00,2030.00,75
6554,5925364,completed,,,,manufactured,Aluminum 5052-H32,SM - Piece W/HDWE,False,10,229.00,2290.00,2890.00,75
6554,5925364,completed,,,,manufactured,Aluminum 5052-H32,SM - Piece W/HDWE,False,50,184.00,9200.00,9800.00,75
6554,5925364,completed,,,,manufactured,Aluminum 5052-H32,SM - Piece W/HDWE,False,100,178.00,17800.00,17800.00,75
6554,5925364,completed,,,,manufactured,Aluminum 5052-H32,SM - Piece W/HDWE,False,250,175.00,43750.00,43750.00,75
6554,5736359,completed,0042-76409,02,"SIDE PANEL,LFT, RGT0042-76409ENCLOSURE",assembled,CRS,SM - Assy,True,1,778.00,778.00,778.00,75
6554,5736359,completed,0042-76409,02,"SIDE PANEL,LFT, RGT0042-76409ENCLOSURE",assembled,CRS,SM - Assy,True,5,294.00,1470.00,1470.00,75
6554,5736359,completed,0042-76409,02,"SIDE PANEL,LFT, RGT0042-76409ENCLOSURE",assembled,CRS,SM - Assy,True,10,236.00,2360.00,2360.00,75
6554,5736359,completed,0042-76409,02,"SIDE PANEL,LFT, RGT0042-76409ENCLOSURE",assembled,CRS,SM - Assy,True,50,188.00,9400.00,9400.00,75
6554,5736359,completed,0042-76409,02,"SIDE PANEL,LFT, RGT0042-76409ENCLOSURE",assembled,CRS,SM - Assy,True,100,183.00,18300.00,18300.00,75
6554,5736359,completed,0042-76409,02,"SIDE PANEL,LFT, RGT0042-76409ENCLOSURE",assembled,CRS,SM - Assy,True,250,179.00,44750.00,44750.00,75
6554,5736360,completed,0042-76420,01,"PANEL, SCR MOUNTING, RACK ASSY",assembled,CRS,SM - Assy,True,1,917.00,917.00,917.00,75
6554,5736360,completed,0042-76420,01,"PANEL, SCR MOUNTING, RACK ASSY",assembled,CRS,SM - Assy,True,5,332.00,1660.00,1660.00,75
6554,5736360,completed,0042-76420,01,"PANEL, SCR MOUNTING, RACK ASSY",assembled,CRS,SM - Assy,True,20,222.00,4440.00,4440.00,75
6554,5736360,completed,0042-76420,01,"PANEL, SCR MOUNTING, RACK ASSY",assembled,CRS,SM - Assy,True,50,200.00,10000.00,10000.00,75
6554,5736360,completed,0042-76420,01,"PANEL, SCR MOUNTING, RACK ASSY",assembled,CRS,SM - Assy,True,100,194.00,19400.00,19400.00,75
6554,5736360,completed,0042-76420,01,"PANEL, SCR MOUNTING, RACK ASSY",assembled,CRS,SM - Assy,True,250,189.00,47250.00,47250.00,75
6554,5736362,completed,0042-76423,01,"PANEL, COMPONENT MOUNTING, RACK",assembled,CRS,SM - Assy,True,1,1430.00,1430.00,1430.00,75
6554,5736362,completed,0042-76423,01,"PANEL, COMPONENT MOUNTING, RACK",assembled,CRS,SM - Assy,True,5,685.00,3425.00,3425.00,75
6554,5736362,completed,0042-76423,01,"PANEL, COMPONENT MOUNTING, RACK",assembled,CRS,SM - Assy,True,10,601.00,6010.00,6010.00,75
6554,5736362,completed,0042-76423,01,"PANEL, COMPONENT MOUNTING, RACK",assembled,CRS,SM - Assy,True,50,528.00,26400.00,26400.00,75
6554,5736362,completed,0042-76423,01,"PANEL, COMPONENT MOUNTING, RACK",assembled,CRS,SM - Assy,True,100,521.00,52100.00,52100.00,75
6554,5736362,completed,0042-76423,01,"PANEL, COMPONENT MOUNTING, RACK",assembled,CRS,SM - Assy,True,250,515.00,128750.00,128750.00,75
6554,5736365,completed,0042-76433,03,"TOP PLATE, ROOF PANEL",assembled,HRS,SM - Assy,True,1,748.00,748.00,748.00,75
6554,5736365,completed,0042-76433,03,"TOP PLATE, ROOF PANEL",assembled,HRS,SM - Assy,True,5,240.00,1200.00,1200.00,75
6554,5736365,completed,0042-76433,03,"TOP PLATE, ROOF PANEL",assembled,HRS,SM - Assy,True,10,196.00,1960.00,1960.00,75
6554,5736365,completed,0042-76433,03,"TOP PLATE, ROOF PANEL",assembled,HRS,SM - Assy,True,50,147.00,7350.00,7350.00,75
6554,5736365,completed,0042-76433,03,"TOP PLATE, ROOF PANEL",assembled,HRS,SM - Assy,True,100,142.00,14200.00,14200.00,75
6554,5736365,completed,0042-76433,03,"TOP PLATE, ROOF PANEL",assembled,HRS,SM - Assy,True,250,138.00,34500.00,34500.00,75
6554,5736383,completed,0042-76736,01,"DOOR, RACK ASSY",assembled,CRS,SM - Assy,True,1,1200.00,1200.00,1200.00,75
6554,5736383,completed,0042-76736,01,"DOOR, RACK ASSY",assembled,CRS,SM - Assy,True,5,511.00,2555.00,2555.00,75
6554,5736383,completed,0042-76736,01,"DOOR, RACK ASSY",assembled,CRS,SM - Assy,True,10,435.00,4350.00,4350.00,75
6554,5736383,completed,0042-76736,01,"DOOR, RACK ASSY",assembled,CRS,SM - Assy,True,50,367.00,18350.00,18350.00,75
6554,5736383,completed,0042-76736,01,"DOOR, RACK ASSY",assembled,CRS,SM - Assy,True,100,360.00,36000.00,36000.00,75
6554,5736383,completed,0042-76736,01,"DOOR, RACK ASSY",assembled,CRS,SM - Assy,True,250,354.00,88500.00,88500.00,75
6554,5736389,completed,0022-99787,01,"SUPPORT BRACKET,BACK PANEL",manufactured,CRS,SM - Piece,True,1,336.00,336.00,336.00,75
6554,5736389,completed,0022-99787,01,"SUPPORT BRACKET,BACK PANEL",manufactured,CRS,SM - Piece,True,5,74.20,371.00,371.00,75
6554,5736389,completed,0022-99787,01,"SUPPORT BRACKET,BACK PANEL",manufactured,CRS,SM - Piece,True,10,41.50,415.00,415.00,75
6554,5736389,completed,0022-99787,01,"SUPPORT BRACKET,BACK PANEL",manufactured,CRS,SM - Piece,True,50,15.30,765.00,765.00,75
6554,5736389,completed,0022-99787,01,"SUPPORT BRACKET,BACK PANEL",manufactured,CRS,SM - Piece,True,100,12.11,1211.00,1211.00,75
6554,5736389,completed,0022-99787,01,"SUPPORT BRACKET,BACK PANEL",manufactured,CRS,SM - Piece,True,250,10.89,2722.50,2722.50,75
6554,5736396,completed,0023-02167,01,"COVER PLATE, EMI, VMAC RACK",manufactured,CRS,SM - Piece,True,1,341.00,341.00,341.00,75
6554,5736396,completed,0023-02167,01,"COVER PLATE, EMI, VMAC RACK",manufactured,CRS,SM - Piece,True,5,70.00,350.00,350.00,75
6554,5736396,completed,0023-02167,01,"COVER PLATE, EMI, VMAC RACK",manufactured,CRS,SM - Piece,True,10,41.60,416.00,416.00,75
6554,5736396,completed,0023-02167,01,"COVER PLATE, EMI, VMAC RACK",manufactured,CRS,SM - Piece,True,50,14.94,747.00,747.00,75
6554,5736396,completed,0023-02167,01,"COVER PLATE, EMI, VMAC RACK",manufactured,CRS,SM - Piece,True,100,11.71,1171.00,1171.00,75
6554,5736396,completed,0023-02167,01,"COVER PLATE, EMI, VMAC RACK",manufactured,CRS,SM - Piece,True,250,9.69,2422.50,2422.50,75
6554,5736401,completed,0042-75474,02,"CB MOUNTING BRACKET, TOP PLATE",assembled,CRS,SM - Assy,True,1,600.00,600.00,600.00,75
6554,5736401,completed,0042-75474,02,"CB MOUNTING BRACKET, TOP PLATE",assembled,CRS,SM - Assy,True,5,194.00,970.00,970.00,75
6554,5736401,completed,0042-75474,02,"CB MOUNTING BRACKET, TOP PLATE",assembled,CRS,SM - Assy,True,10,153.00,1530.00,1530.00,75
6554,5736401,completed,0042-75474,02,"CB MOUNTING BRACKET, TOP PLATE",assembled,CRS,SM - Assy,True,50,113.00,5650.00,5650.00,75
6554,5736401,completed,0042-75474,02,"CB MOUNTING BRACKET, TOP PLATE",assembled,CRS,SM - Assy,True,100,109.00,10900.00,10900.00,75
6554,5736401,completed,0042-75474,02,"CB MOUNTING BRACKET, TOP PLATE",assembled,CRS,SM - Assy,True,250,106.00,26500.00,26500.00,75
6554,5736403,completed,0042-75475,02,"CB MOUNTING BRACKET, BASE ASSEMBLY",assembled,CRS,SM - Assy,True,1,1170.00,1170.00,1170.00,75
6554,5736403,completed,0042-75475,02,"CB MOUNTING BRACKET, BASE ASSEMBLY",assembled,CRS,SM - Assy,True,5,435.00,2175.00,2175.00,75
6554,5736403,completed,0042-75475,02,"CB MOUNTING BRACKET, BASE ASSEMBLY",assembled,CRS,SM - Assy,True,10,361.00,3610.00,3610.00,75
6554,5736403,completed,0042-75475,02,"CB MOUNTING BRACKET, BASE ASSEMBLY",assembled,CRS,SM - Assy,True,50,289.00,14450.00,14450.00,75
6554,5736403,completed,0042-75475,02,"CB MOUNTING BRACKET, BASE ASSEMBLY",assembled,CRS,SM - Assy,True,100,282.00,28200.00,28200.00,75
6554,5736403,completed,0042-75475,02,"CB MOUNTING BRACKET, BASE ASSEMBLY",assembled,CRS,SM - Assy,True,250,276.00,69000.00,69000.00,75
6554,5736408,completed,0042-76402,01,"BRACKET, FRONT SUPPORT, RACK ASSY",assembled,CRS,SM - Assy,True,1,564.00,564.00,564.00,75
6554,5736408,completed,0042-76402,01,"BRACKET, FRONT SUPPORT, RACK ASSY",assembled,CRS,SM - Assy,True,5,161.00,805.00,805.00,75
6554,5736408,completed,0042-76402,01,"BRACKET, FRONT SUPPORT, RACK ASSY",assembled,CRS,SM - Assy,True,10,116.00,1160.00,1160.00,75
6554,5736408,completed,0042-76402,01,"BRACKET, FRONT SUPPORT, RACK ASSY",assembled,CRS,SM - Assy,True,50,75.62,3781.00,3781.00,75
6554,5736408,completed,0042-76402,01,"BRACKET, FRONT SUPPORT, RACK ASSY",assembled,CRS,SM - Assy,True,100,70.77,7077.00,7077.00,75
6554,5736408,completed,0042-76402,01,"BRACKET, FRONT SUPPORT, RACK ASSY",assembled,CRS,SM - Assy,True,250,67.76,16940.00,16940.00,75
6554,5736409,completed,0042-77078,02,"BRACKET ASSY, LOTO,VMAC",assembled,Stainless Steel 304/304L,SM - Assy,True,1,480.00,480.00,480.00,75
6554,5736409,completed,0042-77078,02,"BRACKET ASSY, LOTO,VMAC",assembled,Stainless Steel 304/304L,SM - Assy,True,5,109.00,545.00,545.00,75
6554,5736409,completed,0042-77078,02,"BRACKET ASSY, LOTO,VMAC",assembled,Stainless Steel 304/304L,SM - Assy,True,10,59.90,599.00,599.00,75
6554,5736409,completed,0042-77078,02,"BRACKET ASSY, LOTO,VMAC",assembled,Stainless Steel 304/304L,SM - Assy,True,50,22.48,1124.00,1124.00,75
6554,5736409,completed,0042-77078,02,"BRACKET ASSY, LOTO,VMAC",assembled,Stainless Steel 304/304L,SM - Assy,True,100,17.88,1788.00,1788.00,75
6554,5736409,completed,0042-77078,02,"BRACKET ASSY, LOTO,VMAC",assembled,Stainless Steel 304/304L,SM - Assy,True,250,15.06,3765.00,3765.00,75
6554,5736412,completed,0042-85526,04,"CB PADLOCK BRKT ABB,SU200",assembled,Stainless Steel 304,SM - Assy,True,1,722.00,722.00,1222.00,75
6554,5736412,completed,0042-85526,04,"CB PADLOCK BRKT ABB,SU200",assembled,Stainless Steel 304,SM - Assy,True,5,158.00,790.00,1290.00,75
6554,5736412,completed,0042-85526,04,"CB PADLOCK BRKT ABB,SU200",assembled,Stainless Steel 304,SM - Assy,True,10,81.90,819.00,1019.00,75
6554,5736412,completed,0042-85526,04,"CB PADLOCK BRKT ABB,SU200",assembled,Stainless Steel 304,SM - Assy,True,50,30.38,1519.00,2019.00,75
6554,5736412,completed,0042-85526,04,"CB PADLOCK BRKT ABB,SU200",assembled,Stainless Steel 304,SM - Assy,True,100,23.40,2340.00,2840.00,75
6554,5736412,completed,0042-85526,04,"CB PADLOCK BRKT ABB,SU200",assembled,Stainless Steel 304,SM - Assy,True,250,18.95,4737.50,4737.50,75
6554,5736417,completed,0010-68630,01,"FRAME ASSEMBLY, VMAC",assembled,CRS,SM - Assy,True,1,4700.00,4700.00,4700.00,75
6554,5736417,completed,0010-68630,01,"FRAME ASSEMBLY, VMAC",assembled,CRS,SM - Assy,True,5,2120.00,10600.00,10600.00,75
6554,5736417,completed,0010-68630,01,"FRAME ASSEMBLY, VMAC",assembled,CRS,SM - Assy,True,10,1800.00,18000.00,18000.00,75
6554,5736417,completed,0010-68630,01,"FRAME ASSEMBLY, VMAC",assembled,CRS,SM - Assy,True,50,1540.00,77000.00,77000.00,75
6554,5736417,completed,0010-68630,01,"FRAME ASSEMBLY, VMAC",assembled,CRS,SM - Assy,True,100,1510.00,151000.00,151000.00,75
6554,5736417,completed,0010-68630,01,"FRAME ASSEMBLY, VMAC",assembled,CRS,SM - Assy,True,250,2400.00,600000.00,600000.00,75
6554,5736424,completed,0022-98630,02,,manufactured,Polycarbonate / PC (Transparent),SM - Piece,False,1,574.00,574.00,1074.00,75
6554,5736424,completed,0022-98630,02,,manufactured,Polycarbonate / PC (Transparent),SM - Piece,False,5,185.00,925.00,1425.00,75
6554,5736424,completed,0022-98630,02,,manufactured,Polycarbonate / PC (Transparent),SM - Piece,False,10,135.00,1350.00,1850.00,75
6554,5736424,completed,0022-98630,02,,manufactured,Polycarbonate / PC (Transparent),SM - Piece,False,50,96.94,4847.00,5347.00,75
6554,5736424,completed,0022-98630,02,,manufactured,Polycarbonate / PC (Transparent),SM - Piece,False,100,91.89,9189.00,9689.00,75
6554,5736424,completed,0022-98630,02,,manufactured,Polycarbonate / PC (Transparent),SM - Piece,False,250,59.37,14842.50,14842.50,75
6554,5736425,completed,0022-98649,01,ROOF CVR PANEL CONDUIT PLT,manufactured,CRS,SM - Piece,True,1,429.00,429.00,429.00,75
6554,5736425,completed,0022-98649,01,ROOF CVR PANEL CONDUIT PLT,manufactured,CRS,SM - Piece,True,5,99.80,499.00,499.00,75
6554,5736425,completed,0022-98649,01,ROOF CVR PANEL CONDUIT PLT,manufactured,CRS,SM - Piece,True,10,55.00,550.00,550.00,75
6554,5736425,completed,0022-98649,01,ROOF CVR PANEL CONDUIT PLT,manufactured,CRS,SM - Piece,True,50,21.76,1088.00,1088.00,75
6554,5736425,completed,0022-98649,01,ROOF CVR PANEL CONDUIT PLT,manufactured,CRS,SM - Piece,True,100,17.74,1774.00,1774.00,75
6554,5736425,completed,0022-98649,01,ROOF CVR PANEL CONDUIT PLT,manufactured,CRS,SM - Piece,True,250,15.22,3805.00,3805.00,75
6554,5736428,completed,0022-98990,01,"SAFETY COVER, BTMCENTER, RACK ASSY",manufactured,Polycarbonate / PC (Transparent),SM - Piece,True,1,625.00,625.00,1125.00,75
6554,5736428,completed,0022-98990,01,"SAFETY COVER, BTMCENTER, RACK ASSY",manufactured,Polycarbonate / PC (Transparent),SM - Piece,True,5,202.00,1010.00,1510.00,75
6554,5736428,completed,0022-98990,01,"SAFETY COVER, BTMCENTER, RACK ASSY",manufactured,Polycarbonate / PC (Transparent),SM - Piece,True,10,147.00,1470.00,1970.00,75
6554,5736428,completed,0022-98990,01,"SAFETY COVER, BTMCENTER, RACK ASSY",manufactured,Polycarbonate / PC (Transparent),SM - Piece,True,50,106.00,5300.00,5800.00,75
6554,5736428,completed,0022-98990,01,"SAFETY COVER, BTMCENTER, RACK ASSY",manufactured,Polycarbonate / PC (Transparent),SM - Piece,True,100,101.00,10100.00,10600.00,75
6554,5736428,completed,0022-98990,01,"SAFETY COVER, BTMCENTER, RACK ASSY",manufactured,Polycarbonate / PC (Transparent),SM - Piece,True,250,55.92,13980.00,13980.00,75
6554,5736444,completed,0022-99789,02,"SAFETY COVER, ENCLOSURE, BTM LEFT, RACK ASSY",manufactured,Polycarbonate / PC (Transparent),SM - Piece,True,1,621.00,621.00,1121.00,75
6554,5736444,completed,0022-99789,02,"SAFETY COVER, ENCLOSURE, BTM LEFT, RACK ASSY",manufactured,Polycarbonate / PC (Transparent),SM - Piece,True,5,226.00,1130.00,1630.00,75
6554,5736444,completed,0022-99789,02,"SAFETY COVER, ENCLOSURE, BTM LEFT, RACK ASSY",manufactured,Polycarbonate / PC (Transparent),SM - Piece,True,10,174.00,1740.00,2240.00,75
6554,5736444,completed,0022-99789,02,"SAFETY COVER, ENCLOSURE, BTM LEFT, RACK ASSY",manufactured,Polycarbonate / PC (Transparent),SM - Piece,True,50,136.00,6800.00,7300.00,75
6554,5736444,completed,0022-99789,02,"SAFETY COVER, ENCLOSURE, BTM LEFT, RACK ASSY",manufactured,Polycarbonate / PC (Transparent),SM - Piece,True,100,131.00,13100.00,13600.00,75
6554,5736444,completed,0022-99789,02,"SAFETY COVER, ENCLOSURE, BTM LEFT, RACK ASSY",manufactured,Polycarbonate / PC (Transparent),SM - Piece,True,250,94.99,23747.50,23747.50,75
6554,5736449,completed,0022-99800,01,"SAFETY COVER, FRONT TOP, RACK ASSY",manufactured,Polycarbonate / PC (Transparent),SM - Piece,True,1,546.00,546.00,1046.00,75
6554,5736449,completed,0022-99800,01,"SAFETY COVER, FRONT TOP, RACK ASSY",manufactured,Polycarbonate / PC (Transparent),SM - Piece,True,5,178.00,890.00,1390.00,75
6554,5736449,completed,0022-99800,01,"SAFETY COVER, FRONT TOP, RACK ASSY",manufactured,Polycarbonate / PC (Transparent),SM - Piece,True,10,130.00,1300.00,1800.00,75
6554,5736449,completed,0022-99800,01,"SAFETY COVER, FRONT TOP, RACK ASSY",manufactured,Polycarbonate / PC (Transparent),SM - Piece,True,50,94.26,4713.00,5213.00,75
6554,5736449,completed,0022-99800,01,"SAFETY COVER, FRONT TOP, RACK ASSY",manufactured,Polycarbonate / PC (Transparent),SM - Piece,True,100,89.48,8948.00,9448.00,75
6554,5736449,completed,0022-99800,01,"SAFETY COVER, FRONT TOP, RACK ASSY",manufactured,Polycarbonate / PC (Transparent),SM - Piece,True,250,60.52,15130.00,15130.00,75
6554,5736480,completed,0023-17367,01,"GROUND BUSBAR, 46 POSITION, 1.5 X 12.5 I",manufactured,Copper 110,MS - Mill,True,1,1740.00,1740.00,2740.00,75
6554,5736480,completed,0023-17367,01,"GROUND BUSBAR, 46 POSITION, 1.5 X 12.5 I",manufactured,Copper 110,MS - Mill,True,5,444.00,2220.00,3220.00,75
6554,5736480,completed,0023-17367,01,"GROUND BUSBAR, 46 POSITION, 1.5 X 12.5 I",manufactured,Copper 110,MS - Mill,True,10,217.00,2170.00,3170.00,75
6554,5736480,completed,0023-17367,01,"GROUND BUSBAR, 46 POSITION, 1.5 X 12.5 I",manufactured,Copper 110,MS - Mill,True,50,183.00,9150.00,9150.00,75
6554,5736480,completed,0023-17367,01,"GROUND BUSBAR, 46 POSITION, 1.5 X 12.5 I",manufactured,Copper 110,MS - Mill,True,100,171.00,17100.00,17100.00,75
6554,5736480,completed,0023-17367,01,"GROUND BUSBAR, 46 POSITION, 1.5 X 12.5 I",manufactured,Copper 110,MS - Mill,True,250,105.00,26250.00,26250.00,75
6554,5736483,completed,0023-30620,01,"BUSBAR, 5.25X1.50X.38,  L2",manufactured,Copper 110,MS - Mill,True,1,798.00,798.00,1598.00,75
6554,5736483,completed,0023-30620,01,"BUSBAR, 5.25X1.50X.38,  L2",manufactured,Copper 110,MS - Mill,True,5,208.00,1040.00,1840.00,75
6554,5736483,completed,0023-30620,01,"BUSBAR, 5.25X1.50X.38,  L2",manufactured,Copper 110,MS - Mill,True,10,134.00,1340.00,2140.00,75
6554,5736483,completed,0023-30620,01,"BUSBAR, 5.25X1.50X.38,  L2",manufactured,Copper 110,MS - Mill,True,50,78.90,3945.00,3945.00,75
6554,5736483,completed,0023-30620,01,"BUSBAR, 5.25X1.50X.38,  L2",manufactured,Copper 110,MS - Mill,True,100,73.27,7327.00,7327.00,75
6554,5736483,completed,0023-30620,01,"BUSBAR, 5.25X1.50X.38,  L2",manufactured,Copper 110,MS - Mill,True,250,69.36,17340.00,17340.00,75
6554,5736486,completed,0023-30643,01,"BUSBAR, 10.00X1.50X.38, L3",manufactured,Copper 110,MS - Mill,True,1,825.00,825.00,1625.00,75
6554,5736486,completed,0023-30643,01,"BUSBAR, 10.00X1.50X.38, L3",manufactured,Copper 110,MS - Mill,True,5,225.00,1125.00,1925.00,75
6554,5736486,completed,0023-30643,01,"BUSBAR, 10.00X1.50X.38, L3",manufactured,Copper 110,MS - Mill,True,10,151.00,1510.00,2310.00,75
6554,5736486,completed,0023-30643,01,"BUSBAR, 10.00X1.50X.38, L3",manufactured,Copper 110,MS - Mill,True,50,99.00,4950.00,4950.00,75
6554,5736486,completed,0023-30643,01,"BUSBAR, 10.00X1.50X.38, L3",manufactured,Copper 110,MS - Mill,True,100,93.38,9338.00,9338.00,75
6554,5736486,completed,0023-30643,01,"BUSBAR, 10.00X1.50X.38, L3",manufactured,Copper 110,MS - Mill,True,250,89.32,22330.00,22330.00,75
6554,5736489,completed,0023-30646,01,"BUSBAR, 13.00X1.50X.38,  L1",manufactured,Copper 110,MS - Mill,True,1,909.00,909.00,1709.00,75
6554,5736489,completed,0023-30646,01,"BUSBAR, 13.00X1.50X.38,  L1",manufactured,Copper 110,MS - Mill,True,5,275.00,1375.00,2175.00,75
6554,5736489,completed,0023-30646,01,"BUSBAR, 13.00X1.50X.38,  L1",manufactured,Copper 110,MS - Mill,True,10,201.00,2010.00,2810.00,75
6554,5736489,completed,0023-30646,01,"BUSBAR, 13.00X1.50X.38,  L1",manufactured,Copper 110,MS - Mill,True,50,146.00,7300.00,7300.00,75
6554,5736489,completed,0023-30646,01,"BUSBAR, 13.00X1.50X.38,  L1",manufactured,Copper 110,MS - Mill,True,100,140.00,14000.00,14000.00,75
6554,5736489,completed,0023-30646,01,"BUSBAR, 13.00X1.50X.38,  L1",manufactured,Copper 110,MS - Mill,True,250,136.00,34000.00,34000.00,75
6554,5736490,completed,0023-30673,01,"SPREADER, CONTACTOR TERMINALS, RACK ASSY",manufactured,Copper 110,SM - Piece,True,1,555.00,555.00,555.00,75
6554,5736490,completed,0023-30673,01,"SPREADER, CONTACTOR TERMINALS, RACK ASSY",manufactured,Copper 110,SM - Piece,True,5,128.00,640.00,640.00,75
6554,5736490,completed,0023-30673,01,"SPREADER, CONTACTOR TERMINALS, RACK ASSY",manufactured,Copper 110,SM - Piece,True,10,74.20,742.00,742.00,75
6554,5736490,completed,0023-30673,01,"SPREADER, CONTACTOR TERMINALS, RACK ASSY",manufactured,Copper 110,SM - Piece,True,50,36.96,1848.00,1848.00,75
6554,5736490,completed,0023-30673,01,"SPREADER, CONTACTOR TERMINALS, RACK ASSY",manufactured,Copper 110,SM - Piece,True,100,32.98,3298.00,3298.00,75
6554,5736490,completed,0023-30673,01,"SPREADER, CONTACTOR TERMINALS, RACK ASSY",manufactured,Copper 110,SM - Piece,True,250,30.37,7592.50,7592.50,75
6554,5736497,completed,0042-49656,01,"DOOR, MCB ACCES",assembled,CRS,SM - Assy,True,1,633.00,633.00,633.00,75
6554,5736497,completed,0042-49656,01,"DOOR, MCB ACCES",assembled,CRS,SM - Assy,True,5,209.00,1045.00,1045.00,75
6554,5736497,completed,0042-49656,01,"DOOR, MCB ACCES",assembled,CRS,SM - Assy,True,10,160.00,1600.00,1600.00,75
6554,5736497,completed,0042-49656,01,"DOOR, MCB ACCES",assembled,CRS,SM - Assy,True,50,118.00,5900.00,5900.00,75
6554,5736497,completed,0042-49656,01,"DOOR, MCB ACCES",assembled,CRS,SM - Assy,True,100,113.00,11300.00,11300.00,75
6554,5736497,completed,0042-49656,01,"DOOR, MCB ACCES",assembled,CRS,SM - Assy,True,250,110.00,27500.00,27500.00,75
6554,5736514,completed,0042-52913,01,"BLANK OFF, ROOF, RACK ASS",assembled,CRS,SM - Assy,True,1,543.00,543.00,543.00,75
6554,5736514,completed,0042-52913,01,"BLANK OFF, ROOF, RACK ASS",assembled,CRS,SM - Assy,True,5,140.00,700.00,700.00,75
6554,5736514,completed,0042-52913,01,"BLANK OFF, ROOF, RACK ASS",assembled,CRS,SM - Assy,True,10,92.90,929.00,929.00,75
6554,5736514,completed,0042-52913,01,"BLANK OFF, ROOF, RACK ASS",assembled,CRS,SM - Assy,True,50,56.36,2818.00,2818.00,75
6554,5736514,completed,0042-52913,01,"BLANK OFF, ROOF, RACK ASS",assembled,CRS,SM - Assy,True,100,51.48,5148.00,5148.00,75
6554,5736514,completed,0042-52913,01,"BLANK OFF, ROOF, RACK ASS",assembled,CRS,SM - Assy,True,250,47.92,11980.00,11980.00,75
6554,5736523,completed,0042-52914,01,"BRACKET, ROOF LIGHT,RACK ASSY",assembled,CRS,SM - Assy,True,1,773.00,773.00,773.00,75
6554,5736523,completed,0042-52914,01,"BRACKET, ROOF LIGHT,RACK ASSY",assembled,CRS,SM - Assy,True,5,213.00,1065.00,1065.00,75
6554,5736523,completed,0042-52914,01,"BRACKET, ROOF LIGHT,RACK ASSY",assembled,CRS,SM - Assy,True,10,148.00,1480.00,1480.00,75
6554,5736523,completed,0042-52914,01,"BRACKET, ROOF LIGHT,RACK ASSY",assembled,CRS,SM - Assy,True,50,91.70,4585.00,4585.00,75
6554,5736523,completed,0042-52914,01,"BRACKET, ROOF LIGHT,RACK ASSY",assembled,CRS,SM - Assy,True,100,84.86,8486.00,8486.00,75
6554,5736523,completed,0042-52914,01,"BRACKET, ROOF LIGHT,RACK ASSY",assembled,CRS,SM - Assy,True,250,80.67,20167.50,20167.50,75
6554,5736526,completed,0042-52915,01,"BLANK OFF-2, BOTTOM,RACK ASSY",assembled,CRS,SM - Assy,True,1,487.00,487.00,487.00,75
6554,5736526,completed,0042-52915,01,"BLANK OFF-2, BOTTOM,RACK ASSY",assembled,CRS,SM - Assy,True,5,132.00,660.00,660.00,75
6554,5736526,completed,0042-52915,01,"BLANK OFF-2, BOTTOM,RACK ASSY",assembled,CRS,SM - Assy,True,10,83.90,839.00,839.00,75
6554,5736526,completed,0042-52915,01,"BLANK OFF-2, BOTTOM,RACK ASSY",assembled,CRS,SM - Assy,True,50,48.12,2406.00,2406.00,75
6554,5736526,completed,0042-52915,01,"BLANK OFF-2, BOTTOM,RACK ASSY",assembled,CRS,SM - Assy,True,100,43.69,4369.00,4369.00,75
6554,5736526,completed,0042-52915,01,"BLANK OFF-2, BOTTOM,RACK ASSY",assembled,CRS,SM - Assy,True,250,41.00,10250.00,10250.00,75
6554,5736533,completed,0042-52917,01,"BRACKET, SCR TOP, COMPONENT MOUNTING PANEL, RACK ASSY",assembled,CRS,SM - Assy,True,1,749.00,749.00,749.00,75
6554,5736533,completed,0042-52917,01,"BRACKET, SCR TOP, COMPONENT MOUNTING PANEL, RACK ASSY",assembled,CRS,SM - Assy,True,5,260.00,1300.00,1300.00,75
6554,5736533,completed,0042-52917,01,"BRACKET, SCR TOP, COMPONENT MOUNTING PANEL, RACK ASSY",assembled,CRS,SM - Assy,True,10,214.00,2140.00,2140.00,75
6554,5736533,completed,0042-52917,01,"BRACKET, SCR TOP, COMPONENT MOUNTING PANEL, RACK ASSY",assembled,CRS,SM - Assy,True,50,166.00,8300.00,8300.00,75
6554,5736533,completed,0042-52917,01,"BRACKET, SCR TOP, COMPONENT MOUNTING PANEL, RACK ASSY",assembled,CRS,SM - Assy,True,100,161.00,16100.00,16100.00,75
6554,5736533,completed,0042-52917,01,"BRACKET, SCR TOP, COMPONENT MOUNTING PANEL, RACK ASSY",assembled,CRS,SM - Assy,True,250,157.00,39250.00,39250.00,75
6554,5736536,completed,0042-52918,01,"BRACKET, MCCB MOUNT, RACK ASSY",assembled,CRS,SM - Assy,True,1,531.00,531.00,531.00,75
6554,5736536,completed,0042-52918,01,"BRACKET, MCCB MOUNT, RACK ASSY",assembled,CRS,SM - Assy,True,5,136.00,680.00,680.00,75
6554,5736536,completed,0042-52918,01,"BRACKET, MCCB MOUNT, RACK ASSY",assembled,CRS,SM - Assy,True,10,88.70,887.00,887.00,75
6554,5736536,completed,0042-52918,01,"BRACKET, MCCB MOUNT, RACK ASSY",assembled,CRS,SM - Assy,True,50,49.44,2472.00,2472.00,75
6554,5736536,completed,0042-52918,01,"BRACKET, MCCB MOUNT, RACK ASSY",assembled,CRS,SM - Assy,True,100,44.59,4459.00,4459.00,75
6554,5736536,completed,0042-52918,01,"BRACKET, MCCB MOUNT, RACK ASSY",assembled,CRS,SM - Assy,True,250,41.64,10410.00,10410.00,75
6554,5736541,completed,0042-53330,01,SCR FAN MOUNT BRK,assembled,CRS,SM - Assy,True,1,533.00,533.00,533.00,75
6554,5736541,completed,0042-53330,01,SCR FAN MOUNT BRK,assembled,CRS,SM - Assy,True,5,141.00,705.00,705.00,75
6554,5736541,completed,0042-53330,01,SCR FAN MOUNT BRK,assembled,CRS,SM - Assy,True,10,95.10,951.00,951.00,75
6554,5736541,completed,0042-53330,01,SCR FAN MOUNT BRK,assembled,CRS,SM - Assy,True,50,56.20,2810.00,2810.00,75
6554,5736541,completed,0042-53330,01,SCR FAN MOUNT BRK,assembled,CRS,SM - Assy,True,100,51.44,5144.00,5144.00,75
6554,5736541,completed,0042-53330,01,SCR FAN MOUNT BRK,assembled,CRS,SM - Assy,True,250,48.50,12125.00,12125.00,75
6554,5736626,completed,0042-53927,02,"SAFETY COVER, BTM RIGHT, RACK ASSY",assembled,Polycarbonate / PC (Transparent),SM - Assy,True,1,929.00,929.00,1429.00,75
6554,5736626,completed,0042-53927,02,"SAFETY COVER, BTM RIGHT, RACK ASSY",assembled,Polycarbonate / PC (Transparent),SM - Assy,True,5,265.00,1325.00,1825.00,75
6554,5736626,completed,0042-53927,02,"SAFETY COVER, BTM RIGHT, RACK ASSY",assembled,Polycarbonate / PC (Transparent),SM - Assy,True,10,180.00,1800.00,2300.00,75
6554,5736626,completed,0042-53927,02,"SAFETY COVER, BTM RIGHT, RACK ASSY",assembled,Polycarbonate / PC (Transparent),SM - Assy,True,50,115.00,5750.00,6250.00,75
6554,5736626,completed,0042-53927,02,"SAFETY COVER, BTM RIGHT, RACK ASSY",assembled,Polycarbonate / PC (Transparent),SM - Assy,True,100,107.00,10700.00,11200.00,75
6554,5736626,completed,0042-53927,02,"SAFETY COVER, BTM RIGHT, RACK ASSY",assembled,Polycarbonate / PC (Transparent),SM - Assy,True,250,78.17,19542.50,19542.50,75
6554,5736631,completed,0042-68289,01,"BRACKET BUSSBAR L1 MOUNT, PANEL COMPONENT ASSY",manufactured,Steel (Galvanized),SM - Piece W/HDWE,True,1,573.00,573.00,1173.00,75
6554,5736631,completed,0042-68289,01,"BRACKET BUSSBAR L1 MOUNT, PANEL COMPONENT ASSY",manufactured,Steel (Galvanized),SM - Piece W/HDWE,True,5,130.00,650.00,1250.00,75
6554,5736631,completed,0042-68289,01,"BRACKET BUSSBAR L1 MOUNT, PANEL COMPONENT ASSY",manufactured,Steel (Galvanized),SM - Piece W/HDWE,True,10,74.10,741.00,1341.00,75
6554,5736631,completed,0042-68289,01,"BRACKET BUSSBAR L1 MOUNT, PANEL COMPONENT ASSY",manufactured,Steel (Galvanized),SM - Piece W/HDWE,True,50,29.74,1487.00,2087.00,75
6554,5736631,completed,0042-68289,01,"BRACKET BUSSBAR L1 MOUNT, PANEL COMPONENT ASSY",manufactured,Steel (Galvanized),SM - Piece W/HDWE,True,100,24.19,2419.00,2419.00,75
6554,5736631,completed,0042-68289,01,"BRACKET BUSSBAR L1 MOUNT, PANEL COMPONENT ASSY",manufactured,Steel (Galvanized),SM - Piece W/HDWE,True,250,20.86,5215.00,5215.00,75
6554,5736637,completed,0042-76396,01,"PANEL, REAR COVER, ENCLOSURE",assembled,CRS,SM - Assy,True,1,996.00,996.00,996.00,75
6554,5736637,completed,0042-76396,01,"PANEL, REAR COVER, ENCLOSURE",assembled,CRS,SM - Assy,True,5,462.00,2310.00,2310.00,75
6554,5736637,completed,0042-76396,01,"PANEL, REAR COVER, ENCLOSURE",assembled,CRS,SM - Assy,True,10,397.00,3970.00,3970.00,75
6554,5736637,completed,0042-76396,01,"PANEL, REAR COVER, ENCLOSURE",assembled,CRS,SM - Assy,True,50,344.00,17200.00,17200.00,75
6554,5736637,completed,0042-76396,01,"PANEL, REAR COVER, ENCLOSURE",assembled,CRS,SM - Assy,True,100,339.00,33900.00,33900.00,75
6554,5736637,completed,0042-76396,01,"PANEL, REAR COVER, ENCLOSURE",assembled,CRS,SM - Assy,True,250,335.00,83750.00,83750.00,75
6554,5736639,completed,0042-76398,01,"BLANK OFF-1, BOTTOM, RACK ASSY",assembled,CRS,SM - Assy,True,1,498.00,498.00,498.00,75
6554,5736639,completed,0042-76398,01,"BLANK OFF-1, BOTTOM, RACK ASSY",assembled,CRS,SM - Assy,True,5,134.00,670.00,670.00,75
6554,5736639,completed,0042-76398,01,"BLANK OFF-1, BOTTOM, RACK ASSY",assembled,CRS,SM - Assy,True,10,92.70,927.00,927.00,75
6554,5736639,completed,0042-76398,01,"BLANK OFF-1, BOTTOM, RACK ASSY",assembled,CRS,SM - Assy,True,50,56.76,2838.00,2838.00,75
6554,5736639,completed,0042-76398,01,"BLANK OFF-1, BOTTOM, RACK ASSY",assembled,CRS,SM - Assy,True,100,52.32,5232.00,5232.00,75
6554,5736639,completed,0042-76398,01,"BLANK OFF-1, BOTTOM, RACK ASSY",assembled,CRS,SM - Assy,True,250,49.61,12402.50,12402.50,75
6554,5736645,completed,0042-78405,02,"BRACKET, CPC CONN MOUNT, RACK ASSY",assembled,CRS,SM - Assy,True,1,532.00,532.00,532.00,75
6554,5736645,completed,0042-78405,02,"BRACKET, CPC CONN MOUNT, RACK ASSY",assembled,CRS,SM - Assy,True,5,142.00,710.00,710.00,75
6554,5736645,completed,0042-78405,02,"BRACKET, CPC CONN MOUNT, RACK ASSY",assembled,CRS,SM - Assy,True,10,95.90,959.00,959.00,75
6554,5736645,completed,0042-78405,02,"BRACKET, CPC CONN MOUNT, RACK ASSY",assembled,CRS,SM - Assy,True,50,57.18,2859.00,2859.00,75
6554,5736645,completed,0042-78405,02,"BRACKET, CPC CONN MOUNT, RACK ASSY",assembled,CRS,SM - Assy,True,100,52.42,5242.00,5242.00,75
6554,5736645,completed,0042-78405,02,"BRACKET, CPC CONN MOUNT, RACK ASSY",assembled,CRS,SM - Assy,True,250,49.50,12375.00,12375.00,75
6554,5736649,completed,0042-78405,02,"BRACKET, CPC CONN MOUNT, RACK ASSY",assembled,CRS,SM - Assy,True,1,532.00,532.00,532.00,75
6554,5736649,completed,0042-78405,02,"BRACKET, CPC CONN MOUNT, RACK ASSY",assembled,CRS,SM - Assy,True,5,142.00,710.00,710.00,75
6554,5736649,completed,0042-78405,02,"BRACKET, CPC CONN MOUNT, RACK ASSY",assembled,CRS,SM - Assy,True,10,95.90,959.00,959.00,75
6554,5736649,completed,0042-78405,02,"BRACKET, CPC CONN MOUNT, RACK ASSY",assembled,CRS,SM - Assy,True,50,57.18,2859.00,2859.00,75
6554,5736649,completed,0042-78405,02,"BRACKET, CPC CONN MOUNT, RACK ASSY",assembled,CRS,SM - Assy,True,100,52.42,5242.00,5242.00,75
6554,5736649,completed,0042-78405,02,"BRACKET, CPC CONN MOUNT, RACK ASSY",assembled,CRS,SM - Assy,True,250,49.50,12375.00,12375.00,75
6554,5736652,completed,0090-07978,05,"SWITCH, EMO TURN TO RELEASE W/ NARROW FLANGE GUARD",assembled,,Kit - Assy,False,1,379.00,379.00,779.00,75
6554,5736652,completed,0090-07978,05,"SWITCH, EMO TURN TO RELEASE W/ NARROW FLANGE GUARD",assembled,,Kit - Assy,False,5,305.00,1525.00,1925.00,75
6554,5736652,completed,0090-07978,05,"SWITCH, EMO TURN TO RELEASE W/ NARROW FLANGE GUARD",assembled,,Kit - Assy,False,10,296.00,2960.00,3360.00,75
6554,5736652,completed,0090-07978,05,"SWITCH, EMO TURN TO RELEASE W/ NARROW FLANGE GUARD",assembled,,Kit - Assy,False,50,289.00,14450.00,14850.00,75
6554,5736652,completed,0090-07978,05,"SWITCH, EMO TURN TO RELEASE W/ NARROW FLANGE GUARD",assembled,,Kit - Assy,False,100,288.00,28800.00,28800.00,75
6554,5736652,completed,0090-07978,05,"SWITCH, EMO TURN TO RELEASE W/ NARROW FLANGE GUARD",assembled,,Kit - Assy,False,250,287.00,71750.00,71750.00,75
6611,5726878,no_quote,512-030-101-247,B,Floor Assy Crew - LHS,manufactured,,,False,1,0.00,0.00,0.00,0
6611,5726890,no_quote,512-030-101-249,B,Floor Assy Crew - RHS,manufactured,,,False,1,0.00,0.00,0.00,0
6612,5726751,no_quote,512-830-420-174,-,UPPER SKIN BONDED ASSY- RH,manufactured,,NQ - No Capacity,False,1,0.00,0.00,0.00,5
6610,5726456,no_quote,512-030-600-309,-,FLOOR PANEL ASSY RHS AFT - BAGGAGE BAY,manufactured,,,False,1,0.00,0.00,0.00,0
6605,5718864,completed,093889A-01,-,"HEATSINK, COMBO",manufactured,Aluminum 6061-T6,MS - Mill,True,2,825.00,1650.00,1650.00,70
6617,5727073,no_quote,512-098-095-001,-,LATERAL ATTACH FWD STRAP ASSY,manufactured,,,False,2,0.00,0.00,0.00,0
6616,5727047,no_quote,512-310-102-101,-,ROD END ASSY OUTBOARD - MAIN ROTOR DAMP,manufactured,,,False,6,0.00,0.00,0.00,0
6608,5719166,completed,0042-61739,02,SIDE PANEL,assembled,,Historical Part Requote,False,1,204.29,204.29,204.29,20
6615,5727013,no_quote,512-030-400-457,-,LH FLOOR PANEL ASSY,manufactured,,,False,1,0.00,0.00,0.00,0
6607,5718997,no_quote,3790-02426,01,"SPACER, 3.2MM ID, 6MM OD, 4MM THICK, SST",manufactured,,NQ - Not a Core Competency,False,1,2.48,2.48,2.48,5
6607,5718997,no_quote,3790-02426,01,"SPACER, 3.2MM ID, 6MM OD, 4MM THICK, SST",manufactured,,NQ - Not a Core Competency,False,5,2.48,12.40,12.40,5
6607,5718997,no_quote,3790-02426,01,"SPACER, 3.2MM ID, 6MM OD, 4MM THICK, SST",manufactured,,NQ - Not a Core Competency,False,10,2.48,24.80,24.80,5
6618,5727138,no_quote,512-325-414-101,A,Nose Avionics Cooling Exhaust Duct Inlet,manufactured,,NQ - No Capacity,False,1,0.00,0.00,0.00,5
6619,5727326,no_quote,512-010-113-101,-,RING ASSY - DROOP STOP FLAPPING STOP,manufactured,,NQ - No Capacity,False,1,0.00,0.00,0.00,5
6601,5793118,completed,0022-93080,01,"BLOCK, LEVELER MOUNT",manufactured,Stainless Steel 304/304L,MS - Mill,True,1,198.00,198.00,198.00,60
6601,5793118,completed,0022-93080,01,"BLOCK, LEVELER MOUNT",manufactured,Stainless Steel 304/304L,MS - Mill,True,100,198.00,19800.00,19800.00,60
6601,5793118,completed,0022-93080,01,"BLOCK, LEVELER MOUNT",manufactured,Stainless Steel 304/304L,MS - Mill,True,1000,198.00,198000.00,198000.00,260
6601,5834734,completed,0042-46922,04,"BLOCK, PVT SUPPORT",manufactured,Aluminum 6061-T6,MS - Mill,True,1,178.00,178.00,178.00,60
6601,5834734,completed,0042-46922,04,"BLOCK, PVT SUPPORT",manufactured,Aluminum 6061-T6,MS - Mill,True,100,178.00,17800.00,17800.00,60
6601,5834734,completed,0042-46922,04,"BLOCK, PVT SUPPORT",manufactured,Aluminum 6061-T6,MS - Mill,True,1000,178.00,178000.00,178000.00,260
6601,5868011,completed,0042-50861,02,SUPPORT BLOCK,manufactured,Aluminum 6061-T6,MS - Mill,True,1,117.00,117.00,117.00,60
6601,5868011,completed,0042-50861,02,SUPPORT BLOCK,manufactured,Aluminum 6061-T6,MS - Mill,True,100,117.00,11700.00,11700.00,60
6601,5868011,completed,0042-50861,02,SUPPORT BLOCK,manufactured,Aluminum 6061-T6,MS - Mill,True,1000,117.00,117000.00,117000.00,260
6601,5871073,completed,0042-70488,02,DRIP PAN,manufactured,Ultem 1000,MS - Mill,True,1,106.00,106.00,106.00,60
6601,5871073,completed,0042-70488,02,DRIP PAN,manufactured,Ultem 1000,MS - Mill,True,100,106.00,10600.00,10600.00,60
6601,5871073,completed,0042-70488,02,DRIP PAN,manufactured,Ultem 1000,MS - Mill,True,1000,106.00,106000.00,106000.00,260
6601,5718395,completed,0042-80280,04,"BRACKET, WELDED SUPPORT RIGHT",assembled,CRS,MS  - Assy,True,1,492.00,492.00,492.00,60
6601,5718395,completed,0042-80280,04,"BRACKET, WELDED SUPPORT RIGHT",assembled,CRS,MS  - Assy,True,100,492.00,49200.00,49200.00,60
6601,5718395,completed,0042-80280,04,"BRACKET, WELDED SUPPORT RIGHT",assembled,CRS,MS  - Assy,True,1000,492.00,492000.00,492000.00,260
6601,5718396,completed,0042-80282,04,"BRACKET, WELDED SUPPORT LEFT",assembled,CRS,MS  - Assy,True,1,498.00,498.00,498.00,60
6601,5718396,completed,0042-80282,04,"BRACKET, WELDED SUPPORT LEFT",assembled,CRS,MS  - Assy,True,100,498.00,49800.00,49800.00,60
6601,5718396,completed,0042-80282,04,"BRACKET, WELDED SUPPORT LEFT",assembled,CRS,MS  - Assy,True,1000,498.00,498000.00,498000.00,260
6601,5881660,completed,0042-80285,05,,assembled,,MS  - Assy,False,1,310.00,310.00,310.00,60
6601,5881660,completed,0042-80285,05,,assembled,,MS  - Assy,False,100,310.00,31000.00,31000.00,60
6601,5881660,completed,0042-80285,05,,assembled,,MS  - Assy,False,1000,310.00,310000.00,310000.00,260
6601,5891294,completed,0042-80286,06,,assembled,CRS,MS  - Assy,False,1,305.00,305.00,305.00,60
6601,5891294,completed,0042-80286,06,,assembled,CRS,MS  - Assy,False,100,305.00,30500.00,30500.00,60
6601,5891294,completed,0042-80286,06,,assembled,CRS,MS  - Assy,False,1000,305.00,305000.00,305000.00,260
6601,5718399,completed,3480-00998,00,"MOUNT, LVL FOOT 5/8-11 STUD W/JAM NUT 5",assembled,,Kit - Assy,False,1,88.85,88.85,88.85,40
6601,5718399,completed,3480-00998,00,"MOUNT, LVL FOOT 5/8-11 STUD W/JAM NUT 5",assembled,,Kit - Assy,False,100,88.85,8885.00,8885.00,40
6601,5718399,completed,3480-00998,00,"MOUNT, LVL FOOT 5/8-11 STUD W/JAM NUT 5",assembled,,Kit - Assy,False,1000,88.85,88850.00,88850.00,260
6613,5726902,completed,512-030-411-284,-,BRACKET RH,manufactured,Aluminum 6013-T4,SM - Piece (combo),True,3,516.00,1548.00,1548.00,57
6614,5726973,completed,512-030-400-550,-,BRACKET ASSY,assembled,,SM - Assy,False,22,440.00,9680.00,9680.00,70
6621,5728212,completed,512-041-501-103,-,NUT LOCK INPUT DUPLEX - RGB,manufactured,Alloy Steel 4340,MS - Mill Turn,True,34,418.00,14212.00,16532.00,70
6623,5733059,completed,512-030-500-258,B,DRAIN PAN ASSY MAINTENANCE PLATFORM - FW,manufactured,,,False,10,5002.00,50020.00,54650.00,80
6609,5725185,completed,0035-00209,03,HOUSING HIGH POWER DC BOX COLD FORGING 300MM E2,assembled,Aluminum 6061-T6,MS  - Assy,True,1,4470.00,4470.00,7670.00,102
6609,5725185,completed,0035-00209,03,HOUSING HIGH POWER DC BOX COLD FORGING 300MM E2,assembled,Aluminum 6061-T6,MS  - Assy,True,5,1700.00,8500.00,11700.00,103
6609,5725185,completed,0035-00209,03,HOUSING HIGH POWER DC BOX COLD FORGING 300MM E2,assembled,Aluminum 6061-T6,MS  - Assy,True,10,1360.00,13600.00,16800.00,105
6609,5725185,completed,0035-00209,03,HOUSING HIGH POWER DC BOX COLD FORGING 300MM E2,assembled,Aluminum 6061-T6,MS  - Assy,True,15,1250.00,18750.00,21950.00,106
6609,5725185,completed,0035-00209,03,HOUSING HIGH POWER DC BOX COLD FORGING 300MM E2,assembled,Aluminum 6061-T6,MS  - Assy,True,25,1160.00,29000.00,32200.00,115
6609,5725185,completed,0035-00209,03,HOUSING HIGH POWER DC BOX COLD FORGING 300MM E2,assembled,Aluminum 6061-T6,MS  - Assy,True,50,1090.00,54500.00,57700.00,123
6609,5725185,completed,0035-00209,03,HOUSING HIGH POWER DC BOX COLD FORGING 300MM E2,assembled,Aluminum 6061-T6,MS  - Assy,True,100,1060.00,106000.00,106000.00,150
6609,5725185,completed,0035-00209,03,HOUSING HIGH POWER DC BOX COLD FORGING 300MM E2,assembled,Aluminum 6061-T6,MS  - Assy,True,150,1050.00,157500.00,157500.00,166
6620,5728118,no_quote,512-018-011-101,A,YOKE ASSEMBLY - MAIN ROTOR,manufactured,,,False,1,0.00,0.00,0.00,0
6625,5733376,no_quote,512-034-710-313,-,Skin Upper - IGB FAIRING,manufactured,,NQ - No Capacity,False,12,0.00,0.00,0.00,5
