quote_number,item_id,workflow_status,part_number,revision,description,type,material,process,is_fully_configured,quantity,unit_price,total_price,total_price_with_add_ons,lead_time
6001,5126499,no_quote,15662050,J,ENDOTHERMIC HEAT SHIELD,manufactured,,,False,1,1211.00,1211.00,1211.00,450
6001,5126499,no_quote,15662050,J,ENDOTHERMIC HEAT SHIELD,manufactured,,,False,5,731.00,3655.00,3655.00,450
6001,5126499,no_quote,15662050,J,ENDOTHERMIC HEAT SHIELD,manufactured,,,False,10,699.00,6990.00,6990.00,450
6007,5127585,no_quote,ESW0010-58185A3,01,"ASSY, ENDURA SYSTEM AC BASIC w/corrected",assembled,,No Quote,False,1,0.00,0.00,0.00,5
6007,5127585,no_quote,ESW0010-58185A3,01,"ASSY, ENDURA SYSTEM AC BASIC w/corrected",assembled,,No Quote,False,5,0.00,0.00,0.00,5
6007,5127585,no_quote,ESW0010-58185A3,01,"ASSY, ENDURA SYSTEM AC BASIC w/corrected",assembled,,No Quote,False,10,0.00,0.00,0.00,5
6006,5127375,not_started,901-077-102-101,C,"BRACKET-ASSY
DISCONNECT RH
ASSY",manufactured,,,False,4,0.00,0.00,0.00,0
6011,5129149,completed,020-739727-000,6,"LATERAL, TOP,
FRAME, CABINET",manufactured,CRS,SM - Tube,True,96,23.23,2230.08,2230.08,8
6011,5129149,completed,020-739727-000,6,"LATERAL, TOP,
FRAME, CABINET",manufactured,CRS,SM - Tube,True,192,22.38,4296.96,4296.96,9
6011,5129149,completed,020-739727-000,6,"LATERAL, TOP,
FRAME, CABINET",manufactured,CRS,SM - Tube,True,288,22.10,6364.80,6364.80,10
6011,5129149,completed,020-739727-000,6,"LATERAL, TOP,
FRAME, CABINET",manufactured,CRS,SM - Tube,True,384,21.96,8432.64,8432.64,11
6011,5129150,completed,020-739727-002,6,"LAT, TOP, FRAME, CAB, 800W",manufactured,CRS,SM - Tube,True,96,23.23,2230.08,2230.08,8
6011,5129150,completed,020-739727-002,6,"LAT, TOP, FRAME, CAB, 800W",manufactured,CRS,SM - Tube,True,192,22.38,4296.96,4296.96,9
6011,5129150,completed,020-739727-002,6,"LAT, TOP, FRAME, CAB, 800W",manufactured,CRS,SM - Tube,True,288,22.10,6364.80,6364.80,10
6011,5129150,completed,020-739727-002,6,"LAT, TOP, FRAME, CAB, 800W",manufactured,CRS,SM - Tube,True,384,21.96,8432.64,8432.64,11
6004,5127119,completed,0042-97496,02,"CHAMBER BODY, DEGAS, KINEX",assembled,Aluminum 6061-T6,MS  - Assy,True,1,18200.00,18200.00,24100.00,49
6004,5127119,completed,0042-97496,02,"CHAMBER BODY, DEGAS, KINEX",assembled,Aluminum 6061-T6,MS  - Assy,True,2,12100.00,24200.00,30100.00,49
6004,5127119,completed,0042-97496,02,"CHAMBER BODY, DEGAS, KINEX",assembled,Aluminum 6061-T6,MS  - Assy,True,4,8940.00,35760.00,41660.00,51
6004,5127119,completed,0042-97496,02,"CHAMBER BODY, DEGAS, KINEX",assembled,Aluminum 6061-T6,MS  - Assy,True,6,7920.00,47520.00,53420.00,53
6004,5127119,completed,0042-97496,02,"CHAMBER BODY, DEGAS, KINEX",assembled,Aluminum 6061-T6,MS  - Assy,True,8,7410.00,59280.00,65180.00,55
6004,5127119,completed,0042-97496,02,"CHAMBER BODY, DEGAS, KINEX",assembled,Aluminum 6061-T6,MS  - Assy,True,10,7110.00,71100.00,77000.00,57
6008,5127913,no_quote,0040-35206,07,"DOOR, LOWER RIGHT",manufactured,,NQ - No Capacity,False,1,0.00,0.00,0.00,5
6008,5127913,no_quote,0040-35206,07,"DOOR, LOWER RIGHT",manufactured,,NQ - No Capacity,False,5,0.00,0.00,0.00,5
6008,5127913,no_quote,0040-35206,07,"DOOR, LOWER RIGHT",manufactured,,NQ - No Capacity,False,10,0.00,0.00,0.00,5
6003,5126742,completed,0011-04628,01,"ASSEMBLY GAS PANEL ENCLOSURE, NEW",assembled,Aluminum 6061-T6,SM - Assy,True,1,7300.00,7300.00,7300.00,37
6003,5126742,completed,0011-04628,01,"ASSEMBLY GAS PANEL ENCLOSURE, NEW",assembled,Aluminum 6061-T6,SM - Assy,True,14,7300.00,102200.00,102200.00,39
6002,5126534,no_quote,J15662233-10,C,"DDG HELICOPTER HANGAR DOOR
TOP HINGE COVER ASSEMBLY
(RCS FLAP)",manufactured,,NQ - No Capacity,False,4,0.00,0.00,0.00,5
6000,5126019,no_quote,901-032-710-105,D,FITTING ASSEMBLY,manufactured,,MS - Mill,False,75,11.67,875.25,875.25,7
6000,5126019,no_quote,901-032-710-105,D,FITTING ASSEMBLY,manufactured,,MS - Mill,False,95,10.94,1039.30,1039.30,8
6000,5126303,no_quote,901-032-711-105,G,Fitting Assembly,manufactured,Aluminum 7050-T74511,MS - Mill,True,25,41.64,1041.00,1241.00,8
6000,5126303,no_quote,901-032-711-105,G,Fitting Assembly,manufactured,Aluminum 7050-T74511,MS - Mill,True,54,29.18,1575.72,1575.72,9
6000,5126305,no_quote,901-032-711-106,G,Fitting Assembly,manufactured,Aluminum 7050-T74511,MS - Mill,True,25,41.64,1041.00,1241.00,8
6000,5126305,no_quote,901-032-711-106,G,Fitting Assembly,manufactured,Aluminum 7050-T74511,MS - Mill,True,54,29.18,1575.72,1575.72,9
6000,5126307,no_quote,901-032-712-105,F,Fitting - End Rib,manufactured,Aluminum 7050-T74511,MS - Mill,True,25,41.64,1041.00,1241.00,8
6000,5126307,no_quote,901-032-712-105,F,Fitting - End Rib,manufactured,Aluminum 7050-T74511,MS - Mill,True,54,29.18,1575.72,1575.72,9
6000,5126311,no_quote,901-032-712-106,F,Fitting-End Rib,manufactured,Aluminum 7050-T74511,MS - Mill,True,25,41.64,1041.00,1241.00,8
6000,5126311,no_quote,901-032-712-106,F,Fitting-End Rib,manufactured,Aluminum 7050-T74511,MS - Mill,True,54,29.18,1575.72,1575.72,9
6009,5128239,no_quote,0042-62217,03,,assembled,,NQ - Not a Core Competency,False,5,0.00,0.00,0.00,5
6009,5128239,no_quote,0042-62217,03,,assembled,,NQ - Not a Core Competency,False,10,0.00,0.00,0.00,5
6009,5128239,no_quote,0042-62217,03,,assembled,,NQ - Not a Core Competency,False,15,0.00,0.00,0.00,5
6009,5128239,no_quote,0042-62217,03,,assembled,,NQ - Not a Core Competency,False,30,0.00,0.00,0.00,5
6010,5128405,no_quote,8749859,1,ROD.  DOOR STAY,manufactured,,NQ - Not a Core Competency,False,10,0.00,0.00,0.00,5
6010,5128405,no_quote,8749859,1,ROD.  DOOR STAY,manufactured,,NQ - Not a Core Competency,False,20,0.00,0.00,0.00,5
6010,5128405,no_quote,8749859,1,ROD.  DOOR STAY,manufactured,,NQ - Not a Core Competency,False,30,0.00,0.00,0.00,5
6010,5128406,no_quote,8749860,1,BRACKET 1. DOOR STAY,manufactured,,NQ - Not a Core Competency,False,10,0.00,0.00,0.00,5
6010,5128406,no_quote,8749860,1,BRACKET 1. DOOR STAY,manufactured,,NQ - Not a Core Competency,False,20,0.00,0.00,0.00,5
6010,5128406,no_quote,8749860,1,BRACKET 1. DOOR STAY,manufactured,,NQ - Not a Core Competency,False,30,0.00,0.00,0.00,5
6010,5128407,no_quote,8878781,1,"RETAINING CLIP, MACHINED PART",manufactured,,NQ - Not a Core Competency,False,10,0.00,0.00,0.00,5
6010,5128407,no_quote,8878781,1,"RETAINING CLIP, MACHINED PART",manufactured,,NQ - Not a Core Competency,False,20,0.00,0.00,0.00,5
6010,5128407,no_quote,8878781,1,"RETAINING CLIP, MACHINED PART",manufactured,,NQ - Not a Core Competency,False,30,0.00,0.00,0.00,5
6010,5128408,no_quote,8878818,1,BRACKET 2. DOOR STAY,manufactured,,NQ - Not a Core Competency,False,10,0.00,0.00,0.00,5
6010,5128408,no_quote,8878818,1,BRACKET 2. DOOR STAY,manufactured,,NQ - Not a Core Competency,False,20,0.00,0.00,0.00,5
6010,5128408,no_quote,8878818,1,BRACKET 2. DOOR STAY,manufactured,,NQ - Not a Core Competency,False,30,0.00,0.00,0.00,5
6015,5141955,completed,0022-47216,02,"CLAMP, CABLE TUBE, DUAL SIDE WAFER POLIS",manufactured,Aluminum 6061-T6,MS - Mill,True,25,75.28,1882.00,2682.00,40
6016,5142471,completed,1244K5289,A,SPACER,manufactured,Carbon Steel A1018,MS - Mill,True,200,43.98,8796.00,10446.00,50
6019,5145036,completed,0021-64422,03,,manufactured,Aluminum 6061-T6,SM - Piece,False,10,315.76,3157.60,3157.60,17
6014,5138832,completed,024-739721-716,3,"WELDMENT, FRAME, CABINET, 600W",assembled,CRS,SM - Assy,True,1,3950.00,3950.00,5050.00,40
6014,5138832,completed,024-739721-716,3,"WELDMENT, FRAME, CABINET, 600W",assembled,CRS,SM - Assy,True,5,1870.00,9350.00,10450.00,40
6014,5138832,completed,024-739721-716,3,"WELDMENT, FRAME, CABINET, 600W",assembled,CRS,SM - Assy,True,10,1610.00,16100.00,17200.00,40
6014,5138833,completed,024-739723-EAW,3,"WELDMENT, FRAME, CABINET, 800W",assembled,CRS,SM - Assy,True,1,4010.00,4010.00,5110.00,40
6014,5138833,completed,024-739723-EAW,3,"WELDMENT, FRAME, CABINET, 800W",assembled,CRS,SM - Assy,True,5,1970.00,9850.00,10950.00,40
6014,5138833,completed,024-739723-EAW,3,"WELDMENT, FRAME, CABINET, 800W",assembled,CRS,SM - Assy,True,10,1720.00,17200.00,18300.00,40
6014,5138834,completed,024-739721-EAW,3,"WELDMENT, FRAME, CABINET, 600W",assembled,CRS,SM - Assy,True,1,3930.00,3930.00,5030.00,40
6014,5138834,completed,024-739721-EAW,3,"WELDMENT, FRAME, CABINET, 600W",assembled,CRS,SM - Assy,True,5,1910.00,9550.00,10650.00,40
6014,5138834,completed,024-739721-EAW,3,"WELDMENT, FRAME, CABINET, 600W",assembled,CRS,SM - Assy,True,10,1650.00,16500.00,17600.00,40
6018,5142959,completed,0040-61041,13,,assembled,,SM - Assy,False,1,5320.00,5320.00,8020.00,34
6018,5142959,completed,0040-61041,13,,assembled,,SM - Assy,False,10,2320.00,23200.00,25900.00,46
6018,5142960,completed,0040-61042,08,,assembled,Aluminum 5052-H32,SM - Assy,False,1,3120.00,3120.00,4520.00,31
6018,5142960,completed,0040-61042,08,,assembled,Aluminum 5052-H32,SM - Assy,False,10,1180.00,11800.00,13200.00,38
6020,5146157,not_started,E170053840,,"COVER,STANDARD,14&quot; 1/2 RACK CHASSIS",manufactured,,,False,1,0.00,0.00,0.00,0
6020,5146157,not_started,E170053840,,"COVER,STANDARD,14&quot; 1/2 RACK CHASSIS",manufactured,,,False,3,0.00,0.00,0.00,0
6020,5146157,not_started,E170053840,,"COVER,STANDARD,14&quot; 1/2 RACK CHASSIS",manufactured,,,False,5,0.00,0.00,0.00,0
6020,5146157,not_started,E170053840,,"COVER,STANDARD,14&quot; 1/2 RACK CHASSIS",manufactured,,,False,10,0.00,0.00,0.00,0
6020,5146157,not_started,E170053840,,"COVER,STANDARD,14&quot; 1/2 RACK CHASSIS",manufactured,,,False,20,0.00,0.00,0.00,0
6020,5146157,not_started,E170053840,,"COVER,STANDARD,14&quot; 1/2 RACK CHASSIS",manufactured,,,False,50,0.00,0.00,0.00,0
6020,5146157,not_started,E170053840,,"COVER,STANDARD,14&quot; 1/2 RACK CHASSIS",manufactured,,,False,90,0.00,0.00,0.00,0
6020,5146157,not_started,E170053840,,"COVER,STANDARD,14&quot; 1/2 RACK CHASSIS",manufactured,,,False,180,0.00,0.00,0.00,0
6020,5146158,not_started,E170384890,,"CHASSIS, 64 CHANNEL I/V",manufactured,,,False,1,0.00,0.00,0.00,0
6020,5146158,not_started,E170384890,,"CHASSIS, 64 CHANNEL I/V",manufactured,,,False,3,0.00,0.00,0.00,0
6020,5146158,not_started,E170384890,,"CHASSIS, 64 CHANNEL I/V",manufactured,,,False,5,0.00,0.00,0.00,0
6020,5146158,not_started,E170384890,,"CHASSIS, 64 CHANNEL I/V",manufactured,,,False,10,0.00,0.00,0.00,0
6020,5146158,not_started,E170384890,,"CHASSIS, 64 CHANNEL I/V",manufactured,,,False,20,0.00,0.00,0.00,0
6020,5146158,not_started,E170384890,,"CHASSIS, 64 CHANNEL I/V",manufactured,,,False,50,0.00,0.00,0.00,0
6020,5146158,not_started,E170384890,,"CHASSIS, 64 CHANNEL I/V",manufactured,,,False,60,0.00,0.00,0.00,0
6020,5146158,not_started,E170384890,,"CHASSIS, 64 CHANNEL I/V",manufactured,,,False,125,0.00,0.00,0.00,0
6020,5146159,not_started,E170391280,,"FRONT PANEL,64 CHANNEL I/V",manufactured,,,False,1,0.00,0.00,0.00,0
6020,5146159,not_started,E170391280,,"FRONT PANEL,64 CHANNEL I/V",manufactured,,,False,3,0.00,0.00,0.00,0
6020,5146159,not_started,E170391280,,"FRONT PANEL,64 CHANNEL I/V",manufactured,,,False,5,0.00,0.00,0.00,0
6020,5146159,not_started,E170391280,,"FRONT PANEL,64 CHANNEL I/V",manufactured,,,False,10,0.00,0.00,0.00,0
6020,5146159,not_started,E170391280,,"FRONT PANEL,64 CHANNEL I/V",manufactured,,,False,20,0.00,0.00,0.00,0
6020,5146159,not_started,E170391280,,"FRONT PANEL,64 CHANNEL I/V",manufactured,,,False,50,0.00,0.00,0.00,0
6020,5146159,not_started,E170391280,,"FRONT PANEL,64 CHANNEL I/V",manufactured,,,False,60,0.00,0.00,0.00,0
6020,5146159,not_started,E170391280,,"FRONT PANEL,64 CHANNEL I/V",manufactured,,,False,125,0.00,0.00,0.00,0
6020,5146160,not_started,E17219160,,"CHASSIS, SOURCE ISOLATION CONTROLLER",manufactured,,,False,1,0.00,0.00,0.00,0
6020,5146160,not_started,E17219160,,"CHASSIS, SOURCE ISOLATION CONTROLLER",manufactured,,,False,3,0.00,0.00,0.00,0
6020,5146160,not_started,E17219160,,"CHASSIS, SOURCE ISOLATION CONTROLLER",manufactured,,,False,5,0.00,0.00,0.00,0
6020,5146160,not_started,E17219160,,"CHASSIS, SOURCE ISOLATION CONTROLLER",manufactured,,,False,10,0.00,0.00,0.00,0
6020,5146160,not_started,E17219160,,"CHASSIS, SOURCE ISOLATION CONTROLLER",manufactured,,,False,20,0.00,0.00,0.00,0
6020,5146160,not_started,E17219160,,"CHASSIS, SOURCE ISOLATION CONTROLLER",manufactured,,,False,50,0.00,0.00,0.00,0
6020,5146160,not_started,E17219160,,"CHASSIS, SOURCE ISOLATION CONTROLLER",manufactured,,,False,90,0.00,0.00,0.00,0
6020,5146160,not_started,E17219160,,"CHASSIS, SOURCE ISOLATION CONTROLLER",manufactured,,,False,180,0.00,0.00,0.00,0
6020,5146161,not_started,E17219170,,"PANEL, REAR, SOURCE ISOLATION CONTROLLER",manufactured,,,False,1,0.00,0.00,0.00,0
6020,5146161,not_started,E17219170,,"PANEL, REAR, SOURCE ISOLATION CONTROLLER",manufactured,,,False,3,0.00,0.00,0.00,0
6020,5146161,not_started,E17219170,,"PANEL, REAR, SOURCE ISOLATION CONTROLLER",manufactured,,,False,5,0.00,0.00,0.00,0
6020,5146161,not_started,E17219170,,"PANEL, REAR, SOURCE ISOLATION CONTROLLER",manufactured,,,False,10,0.00,0.00,0.00,0
6020,5146161,not_started,E17219170,,"PANEL, REAR, SOURCE ISOLATION CONTROLLER",manufactured,,,False,20,0.00,0.00,0.00,0
6020,5146161,not_started,E17219170,,"PANEL, REAR, SOURCE ISOLATION CONTROLLER",manufactured,,,False,50,0.00,0.00,0.00,0
6020,5146161,not_started,E17219170,,"PANEL, REAR, SOURCE ISOLATION CONTROLLER",manufactured,,,False,90,0.00,0.00,0.00,0
6020,5146161,not_started,E17219170,,"PANEL, REAR, SOURCE ISOLATION CONTROLLER",manufactured,,,False,180,0.00,0.00,0.00,0
6020,5146162,not_started,E17219180,,"PANEL, FRONT,",manufactured,,,False,1,0.00,0.00,0.00,0
6020,5146162,not_started,E17219180,,"PANEL, FRONT,",manufactured,,,False,3,0.00,0.00,0.00,0
6020,5146162,not_started,E17219180,,"PANEL, FRONT,",manufactured,,,False,5,0.00,0.00,0.00,0
6020,5146162,not_started,E17219180,,"PANEL, FRONT,",manufactured,,,False,10,0.00,0.00,0.00,0
6020,5146162,not_started,E17219180,,"PANEL, FRONT,",manufactured,,,False,20,0.00,0.00,0.00,0
6020,5146162,not_started,E17219180,,"PANEL, FRONT,",manufactured,,,False,50,0.00,0.00,0.00,0
6020,5146162,not_started,E17219180,,"PANEL, FRONT,",manufactured,,,False,90,0.00,0.00,0.00,0
6020,5146162,not_started,E17219180,,"PANEL, FRONT,",manufactured,,,False,180,0.00,0.00,0.00,0
6020,5146163,not_started,E17894421,,"TOP COVER, 64 CHANNEL I/V",manufactured,,,False,1,0.00,0.00,0.00,0
6020,5146163,not_started,E17894421,,"TOP COVER, 64 CHANNEL I/V",manufactured,,,False,3,0.00,0.00,0.00,0
6020,5146163,not_started,E17894421,,"TOP COVER, 64 CHANNEL I/V",manufactured,,,False,5,0.00,0.00,0.00,0
6020,5146163,not_started,E17894421,,"TOP COVER, 64 CHANNEL I/V",manufactured,,,False,10,0.00,0.00,0.00,0
6020,5146163,not_started,E17894421,,"TOP COVER, 64 CHANNEL I/V",manufactured,,,False,20,0.00,0.00,0.00,0
6020,5146163,not_started,E17894421,,"TOP COVER, 64 CHANNEL I/V",manufactured,,,False,50,0.00,0.00,0.00,0
6020,5146163,not_started,E17894421,,"TOP COVER, 64 CHANNEL I/V",manufactured,,,False,60,0.00,0.00,0.00,0
6020,5146163,not_started,E17894421,,"TOP COVER, 64 CHANNEL I/V",manufactured,,,False,125,0.00,0.00,0.00,0
6012,5138769,completed,901-075-820-105,H,CONDUIT,manufactured,,MS - Mill,False,1,9244.00,9244.00,9244.00,80
6012,5138769,completed,901-075-820-105,H,CONDUIT,manufactured,,MS - Mill,False,6,2092.00,12552.00,12552.00,80
6012,5138769,completed,901-075-820-105,H,CONDUIT,manufactured,,MS - Mill,False,14,1690.00,23660.00,23660.00,80
6012,5138769,completed,901-075-820-105,H,CONDUIT,manufactured,,MS - Mill,False,20,1323.00,26460.00,26460.00,80
6012,5138769,completed,901-075-820-105,H,CONDUIT,manufactured,,MS - Mill,False,40,1207.00,48280.00,48280.00,80
6012,5138769,completed,901-075-820-105,H,CONDUIT,manufactured,,MS - Mill,False,60,1157.00,69420.00,69420.00,80
6012,5138769,completed,901-075-820-105,H,CONDUIT,manufactured,,MS - Mill,False,100,1135.00,113500.00,113500.00,80
6012,5138770,completed,901-075-820-106,H,CONDUIT,manufactured,,MS - Mill,False,1,9244.00,9244.00,9244.00,80
6012,5138770,completed,901-075-820-106,H,CONDUIT,manufactured,,MS - Mill,False,6,2092.00,12552.00,12552.00,80
6012,5138770,completed,901-075-820-106,H,CONDUIT,manufactured,,MS - Mill,False,14,1690.00,23660.00,23660.00,80
6012,5138770,completed,901-075-820-106,H,CONDUIT,manufactured,,MS - Mill,False,20,1323.00,26460.00,26460.00,80
6012,5138770,completed,901-075-820-106,H,CONDUIT,manufactured,,MS - Mill,False,40,1207.00,48280.00,48280.00,80
6012,5138770,completed,901-075-820-106,H,CONDUIT,manufactured,,MS - Mill,False,60,11.57,694.20,694.20,80
6012,5138770,completed,901-075-820-106,H,CONDUIT,manufactured,,MS - Mill,False,100,1135.00,113500.00,113500.00,80
6022,5147571,completed,6259601,A,HEATSINK,manufactured,Aluminum 5052-H32,SM - Piece (combo),True,5,153.00,765.00,765.00,50
6022,5147571,completed,6259601,A,HEATSINK,manufactured,Aluminum 5052-H32,SM - Piece (combo),True,10,120.00,1200.00,1200.00,50
6021,5147332,completed,0023-03749,02,"PLATE , MOUNTING , AMPLIFIER , IR SENSOR",manufactured,Aluminum 5052-H32,SM - Piece,True,1,557.00,557.00,1157.00,29
6021,5147332,completed,0023-03749,02,"PLATE , MOUNTING , AMPLIFIER , IR SENSOR",manufactured,Aluminum 5052-H32,SM - Piece,True,2,287.00,574.00,1174.00,29
6021,5147332,completed,0023-03749,02,"PLATE , MOUNTING , AMPLIFIER , IR SENSOR",manufactured,Aluminum 5052-H32,SM - Piece,True,4,151.00,604.00,1204.00,29
6021,5147332,completed,0023-03749,02,"PLATE , MOUNTING , AMPLIFIER , IR SENSOR",manufactured,Aluminum 5052-H32,SM - Piece,True,5,124.00,620.00,1220.00,29
6021,5147332,completed,0023-03749,02,"PLATE , MOUNTING , AMPLIFIER , IR SENSOR",manufactured,Aluminum 5052-H32,SM - Piece,True,8,83.13,665.04,1265.04,29
6021,5179420,completed,0042-80047,02,"STOP, EXTENSION, SWEEP
HEAD",manufactured,Aluminum 6061-T6,MS - Mill,True,1,1040.00,1040.00,1840.00,40
6021,5179420,completed,0042-80047,02,"STOP, EXTENSION, SWEEP
HEAD",manufactured,Aluminum 6061-T6,MS - Mill,True,2,546.00,1092.00,1892.00,40
6021,5179420,completed,0042-80047,02,"STOP, EXTENSION, SWEEP
HEAD",manufactured,Aluminum 6061-T6,MS - Mill,True,4,303.00,1212.00,2012.00,41
6021,5179420,completed,0042-80047,02,"STOP, EXTENSION, SWEEP
HEAD",manufactured,Aluminum 6061-T6,MS - Mill,True,5,254.00,1270.00,2070.00,41
6021,5179420,completed,0042-80047,02,"STOP, EXTENSION, SWEEP
HEAD",manufactured,Aluminum 6061-T6,MS - Mill,True,8,181.00,1448.00,2248.00,41
6023,5147648,completed,0021-26916,03,END POINT/VIEW PORT WINDOWIN PRODUCER ETCH,manufactured,Aluminum 6061-T6,MS - Mill,True,1,1660.00,1660.00,3360.00,45
6023,5147648,completed,0021-26916,03,END POINT/VIEW PORT WINDOWIN PRODUCER ETCH,manufactured,Aluminum 6061-T6,MS - Mill,True,5,514.00,2570.00,4270.00,46
6023,5147648,completed,0021-26916,03,END POINT/VIEW PORT WINDOWIN PRODUCER ETCH,manufactured,Aluminum 6061-T6,MS - Mill,True,10,371.00,3710.00,5410.00,47
6023,5147648,completed,0021-26916,03,END POINT/VIEW PORT WINDOWIN PRODUCER ETCH,manufactured,Aluminum 6061-T6,MS - Mill,True,15,324.00,4860.00,6560.00,48
6023,5147648,completed,0021-26916,03,END POINT/VIEW PORT WINDOWIN PRODUCER ETCH,manufactured,Aluminum 6061-T6,MS - Mill,True,25,288.00,7200.00,8900.00,50
6024,5169088,no_quote,0042-11336,02,"BLOCK, 1-1/8 SM, STANDARD VCR INLET, WE",assembled,,NQ - Not a Core Competency,False,1,0.00,0.00,0.00,5
6024,5169088,no_quote,0042-11336,02,"BLOCK, 1-1/8 SM, STANDARD VCR INLET, WE",assembled,,NQ - Not a Core Competency,False,5,0.00,0.00,0.00,5
6024,5169088,no_quote,0042-11336,02,"BLOCK, 1-1/8 SM, STANDARD VCR INLET, WE",assembled,,NQ - Not a Core Competency,False,10,0.00,0.00,0.00,5
6028,5152509,no_quote,74A183265-2003,A,DOUBLER,manufactured,,,False,53,0.00,0.00,0.00,0
6028,5152510,no_quote,74A183265-2004,A,DOUBLER,manufactured,,,False,53,0.00,0.00,0.00,0
6032,5156756,completed,512-030-401-285,-,MLG UP STOP ASSY - LH,manufactured,,,False,3,2889.00,8667.00,11507.00,70
6026,5148592,completed,13055207,_,HEAT SINK,manufactured,Aluminum 6061-T6,MS - Mill,True,65,173.00,11245.00,11245.00,60
6026,5148593,completed,13055820,-,"PLATE, END",manufactured,Aluminum 6061-T6,MS - Mill,True,170,89.26,15174.20,15174.20,60
6026,5148594,completed,13055309,A,SHIM,manufactured,,,False,60,33.56,2013.60,2013.60,50
6026,5148595,completed,13055176,_,"PLATE, BOTTOM",manufactured,Aluminum 6061-T6,SM - Piece,True,85,36.11,3069.35,3069.35,50
6026,5148596,completed,13055179,A,"COVER, CAPACITOR",manufactured,Aluminum 6061-T6,SM - Piece,True,85,40.40,3434.00,3434.00,50
6026,5148597,completed,13055255,-,"TAB, MOUNTING",manufactured,Stainless Steel 17-4,MS - Mill,True,60,112.00,6720.00,6720.00,60
6026,5148598,completed,13055256,_,TAB MOUNTING,manufactured,Stainless Steel 17-4,MS - Mill,True,60,112.00,6720.00,6720.00,60
6026,5148599,completed,13055200,_,"BRACKET, MOUNTING",manufactured,Aluminum 6061-T6,MS - Mill,True,115,45.66,5250.90,5250.90,47
6026,5148600,completed,13055310,_,TAB MOUNTING,manufactured,Aluminum 6061-T6,MS - Mill,True,60,46.37,2782.20,2782.20,50
6026,5148601,completed,13055349,_,BAR,manufactured,Copper,MS - Mill,True,85,37.18,3160.30,3160.30,50
6026,5148602,completed,13055167,_,SHIM,manufactured,,,False,85,24.03,2042.55,2042.55,50
6027,5152024,completed,436W5512-92B,-,SPLICE PLATE SHEAR TIE,manufactured,,,False,2,0.00,0.00,0.00,0
6027,5152024,completed,436W5512-92B,-,SPLICE PLATE SHEAR TIE,manufactured,,,False,8,0.00,0.00,0.00,0
6027,5152024,completed,436W5512-92B,-,SPLICE PLATE SHEAR TIE,manufactured,,,False,10,0.00,0.00,0.00,0
6027,5152024,completed,436W5512-92B,-,SPLICE PLATE SHEAR TIE,manufactured,,,False,18,0.00,0.00,0.00,0
6027,5152025,completed,436W5512-91B,-,SPLICE PLATE SHEAR TIE,manufactured,,,False,2,0.00,0.00,0.00,0
6027,5152025,completed,436W5512-91B,-,SPLICE PLATE SHEAR TIE,manufactured,,,False,8,0.00,0.00,0.00,0
6027,5152025,completed,436W5512-91B,-,SPLICE PLATE SHEAR TIE,manufactured,,,False,10,0.00,0.00,0.00,0
6027,5152025,completed,436W5512-91B,-,SPLICE PLATE SHEAR TIE,manufactured,,,False,18,0.00,0.00,0.00,0
6027,5152026,completed,437W5710-5B,B,T EXTRUSION - TROLLEY GUIDE,manufactured,,,False,1,0.00,0.00,0.00,0
6027,5152026,completed,437W5710-5B,B,T EXTRUSION - TROLLEY GUIDE,manufactured,,,False,4,0.00,0.00,0.00,0
6027,5152026,completed,437W5710-5B,B,T EXTRUSION - TROLLEY GUIDE,manufactured,,,False,5,0.00,0.00,0.00,0
6027,5152026,completed,437W5710-5B,B,T EXTRUSION - TROLLEY GUIDE,manufactured,,,False,9,0.00,0.00,0.00,0
6029,5152622,no_quote,DA537A0283-501,A,FINGER STOCK,manufactured,,No Quote,False,5,0.00,0.00,0.00,5
6029,5152622,no_quote,DA537A0283-501,A,FINGER STOCK,manufactured,,No Quote,False,6,0.00,0.00,0.00,5
6031,5156705,completed,512-030-800-043,B,"FITTING ASSY, FWD UPPER - SLIDING DOOR",manufactured,Aluminum 7050-T7451,MS - Mill,True,2,2567.00,5134.00,8964.00,60
6033,5156836,completed,512-030-401-286,0,MLG UP STOP ASSY - RH,manufactured,,,False,3,2508.00,7524.00,10364.00,70
6037,5157509,completed,512-030-800-120,-,FITTING ASSY RH AFT LWR - SLIDING DOOR,manufactured,,,False,2,0.00,0.00,0.00,0
6035,5157322,no_quote,512-030-800-047,D,FITTING ASSY FWD LOWER - SLIDING DOOR,manufactured,,,False,2,0.00,0.00,0.00,0
6042,5169248,no_quote,512-012-030-101,A,BOLT CF BEARING,manufactured,,,False,26,0.00,0.00,0.00,0
6036,5157416,completed,512-030-800-046,A,FITTING ASSY RH AFT UPPER - SLIDING DOO,manufactured,,,False,2,2567.00,5134.00,6094.00,60
6038,5157566,no_quote,204-030-666-043,AH,WINDSHIELD ASSY,manufactured,,,False,2,0.00,0.00,0.00,0
6025,5147793,completed,A0477583,04,MAGNET SEAL TOP OVERLAP 300MM,manufactured,Stainless Steel 304L,MS - Mill,True,1,1230.00,1230.00,3030.00,35
6025,5147793,completed,A0477583,04,MAGNET SEAL TOP OVERLAP 300MM,manufactured,Stainless Steel 304L,MS - Mill,True,10,330.00,3300.00,5100.00,36
6025,5147793,completed,A0477583,04,MAGNET SEAL TOP OVERLAP 300MM,manufactured,Stainless Steel 304L,MS - Mill,True,50,250.00,12500.00,12500.00,40
6025,5147793,completed,A0477583,04,MAGNET SEAL TOP OVERLAP 300MM,manufactured,Stainless Steel 304L,MS - Mill,True,100,243.00,24300.00,24300.00,46
6025,5147793,completed,A0477583,04,MAGNET SEAL TOP OVERLAP 300MM,manufactured,Stainless Steel 304L,MS - Mill,True,200,238.00,47600.00,47600.00,57
6025,5147793,completed,A0477583,04,MAGNET SEAL TOP OVERLAP 300MM,manufactured,Stainless Steel 304L,MS - Mill,True,800,234.00,187200.00,187200.00,124
6044,5169380,completed,512-030-600-293,-,BRACKET ASSY - KEEL BEAM,manufactured,Aluminum 6013-T4,SM - Piece (combo),True,14,374.00,5236.00,5866.00,50
6041,5169242,completed,512-030-610-271,-,CLIP BRACKET - AFT SPAR,manufactured,Aluminum 6013-T4,SM - Piece (combo),True,8,298.00,2384.00,2814.00,50
6045,5169401,completed,512-030-300-373,-,SUPPORT ASSY- RCU AC PWR KIT,manufactured,Aluminum 7050-T7451,MS - Mill,True,8,2342.00,18736.00,22576.00,48
6017,5142837,completed,0015-13757,02,"MOUNT DIN RAIL SLOTTED 10.5""L 35X7.5MM STL ZINC-PLT",manufactured,CRS,MS - Mill,True,1,233.00,233.00,733.00,31
6017,5142837,completed,0015-13757,02,"MOUNT DIN RAIL SLOTTED 10.5""L 35X7.5MM STL ZINC-PLT",manufactured,CRS,MS - Mill,True,2,123.00,246.00,746.00,31
6017,5142837,completed,0015-13757,02,"MOUNT DIN RAIL SLOTTED 10.5""L 35X7.5MM STL ZINC-PLT",manufactured,CRS,MS - Mill,True,3,86.33,258.99,758.99,31
6017,5142837,completed,0015-13757,02,"MOUNT DIN RAIL SLOTTED 10.5""L 35X7.5MM STL ZINC-PLT",manufactured,CRS,MS - Mill,True,5,56.80,284.00,784.00,31
6017,5142837,completed,0015-13757,02,"MOUNT DIN RAIL SLOTTED 10.5""L 35X7.5MM STL ZINC-PLT",manufactured,CRS,MS - Mill,True,10,34.90,349.00,849.00,31
6017,5142837,completed,0015-13757,02,"MOUNT DIN RAIL SLOTTED 10.5""L 35X7.5MM STL ZINC-PLT",manufactured,CRS,MS - Mill,True,25,21.72,543.00,1043.00,31
6017,5142837,completed,0015-13757,02,"MOUNT DIN RAIL SLOTTED 10.5""L 35X7.5MM STL ZINC-PLT",manufactured,CRS,MS - Mill,True,50,17.32,866.00,866.00,31
6017,5142837,completed,0015-13757,02,"MOUNT DIN RAIL SLOTTED 10.5""L 35X7.5MM STL ZINC-PLT",manufactured,CRS,MS - Mill,True,100,15.24,1524.00,1524.00,32
6017,5142838,completed,0020-13451,03,"GROUND BAR, MFAC BOX",manufactured,Copper 101 - Full Hard,MS - Mill,True,1,1050.00,1050.00,1850.00,39
6017,5142838,completed,0020-13451,03,"GROUND BAR, MFAC BOX",manufactured,Copper 101 - Full Hard,MS - Mill,True,2,579.00,1158.00,1958.00,40
6017,5142838,completed,0020-13451,03,"GROUND BAR, MFAC BOX",manufactured,Copper 101 - Full Hard,MS - Mill,True,3,425.00,1275.00,2075.00,40
6017,5142838,completed,0020-13451,03,"GROUND BAR, MFAC BOX",manufactured,Copper 101 - Full Hard,MS - Mill,True,5,302.00,1510.00,2310.00,40
6017,5142838,completed,0020-13451,03,"GROUND BAR, MFAC BOX",manufactured,Copper 101 - Full Hard,MS - Mill,True,10,210.00,2100.00,2900.00,41
6017,5142838,completed,0020-13451,03,"GROUND BAR, MFAC BOX",manufactured,Copper 101 - Full Hard,MS - Mill,True,25,155.00,3875.00,4675.00,42
6017,5142838,completed,0020-13451,03,"GROUND BAR, MFAC BOX",manufactured,Copper 101 - Full Hard,MS - Mill,True,50,136.00,6800.00,6800.00,45
6017,5142838,completed,0020-13451,03,"GROUND BAR, MFAC BOX",manufactured,Copper 101 - Full Hard,MS - Mill,True,100,128.00,12800.00,12800.00,52
6017,5161633,completed,0020-45305,04,CLAMP WATER SENSOR,manufactured,Nylon 66,SM - Piece,True,1,462.00,462.00,1062.00,29
6017,5161633,completed,0020-45305,04,CLAMP WATER SENSOR,manufactured,Nylon 66,SM - Piece,True,2,236.00,472.00,1072.00,29
6017,5161633,completed,0020-45305,04,CLAMP WATER SENSOR,manufactured,Nylon 66,SM - Piece,True,3,161.00,483.00,1083.00,29
6017,5161633,completed,0020-45305,04,CLAMP WATER SENSOR,manufactured,Nylon 66,SM - Piece,True,5,101.00,505.00,1105.00,29
6017,5161633,completed,0020-45305,04,CLAMP WATER SENSOR,manufactured,Nylon 66,SM - Piece,True,10,55.30,553.00,1153.00,29
6017,5161633,completed,0020-45305,04,CLAMP WATER SENSOR,manufactured,Nylon 66,SM - Piece,True,25,28.16,704.00,1304.00,30
6017,5161633,completed,0020-45305,04,CLAMP WATER SENSOR,manufactured,Nylon 66,SM - Piece,True,50,19.14,957.00,957.00,30
6017,5161633,completed,0020-45305,04,CLAMP WATER SENSOR,manufactured,Nylon 66,SM - Piece,True,100,14.72,1472.00,1472.00,31
6017,5142840,completed,0022-80900,03,"BACK PLANE, DUAL H2 SLD, ASTM A1008 1.52MM (16GA), 300MM RADIANCE",manufactured,Carbon Steel 1008,SM - Piece,True,1,586.00,586.00,1186.00,31
6017,5142840,completed,0022-80900,03,"BACK PLANE, DUAL H2 SLD, ASTM A1008 1.52MM (16GA), 300MM RADIANCE",manufactured,Carbon Steel 1008,SM - Piece,True,2,303.00,606.00,1206.00,31
6017,5142840,completed,0022-80900,03,"BACK PLANE, DUAL H2 SLD, ASTM A1008 1.52MM (16GA), 300MM RADIANCE",manufactured,Carbon Steel 1008,SM - Piece,True,3,208.00,624.00,1224.00,31
6017,5142840,completed,0022-80900,03,"BACK PLANE, DUAL H2 SLD, ASTM A1008 1.52MM (16GA), 300MM RADIANCE",manufactured,Carbon Steel 1008,SM - Piece,True,5,133.00,665.00,1265.00,31
6017,5142840,completed,0022-80900,03,"BACK PLANE, DUAL H2 SLD, ASTM A1008 1.52MM (16GA), 300MM RADIANCE",manufactured,Carbon Steel 1008,SM - Piece,True,10,75.40,754.00,1354.00,31
6017,5142840,completed,0022-80900,03,"BACK PLANE, DUAL H2 SLD, ASTM A1008 1.52MM (16GA), 300MM RADIANCE",manufactured,Carbon Steel 1008,SM - Piece,True,25,41.36,1034.00,1634.00,32
6017,5142840,completed,0022-80900,03,"BACK PLANE, DUAL H2 SLD, ASTM A1008 1.52MM (16GA), 300MM RADIANCE",manufactured,Carbon Steel 1008,SM - Piece,True,50,30.02,1501.00,1501.00,32
6017,5142840,completed,0022-80900,03,"BACK PLANE, DUAL H2 SLD, ASTM A1008 1.52MM (16GA), 300MM RADIANCE",manufactured,Carbon Steel 1008,SM - Piece,True,100,24.53,2453.00,2453.00,33
6017,5142955,completed,0022-84914,02,"BACKPLANE, RGLTR MTG, N2 SLD, 300MM RADI",manufactured,CRS,SM - Piece,True,1,568.00,568.00,1168.00,43
6017,5142955,completed,0022-84914,02,"BACKPLANE, RGLTR MTG, N2 SLD, 300MM RADI",manufactured,CRS,SM - Piece,True,2,293.00,586.00,1186.00,43
6017,5142955,completed,0022-84914,02,"BACKPLANE, RGLTR MTG, N2 SLD, 300MM RADI",manufactured,CRS,SM - Piece,True,3,201.00,603.00,1203.00,30
6017,5142955,completed,0022-84914,02,"BACKPLANE, RGLTR MTG, N2 SLD, 300MM RADI",manufactured,CRS,SM - Piece,True,5,127.00,635.00,1235.00,30
6017,5142955,completed,0022-84914,02,"BACKPLANE, RGLTR MTG, N2 SLD, 300MM RADI",manufactured,CRS,SM - Piece,True,10,71.70,717.00,1317.00,44
6017,5142955,completed,0022-84914,02,"BACKPLANE, RGLTR MTG, N2 SLD, 300MM RADI",manufactured,CRS,SM - Piece,True,25,38.56,964.00,1564.00,30
6017,5142955,completed,0022-84914,02,"BACKPLANE, RGLTR MTG, N2 SLD, 300MM RADI",manufactured,CRS,SM - Piece,True,50,27.52,1376.00,1376.00,31
6017,5142955,completed,0022-84914,02,"BACKPLANE, RGLTR MTG, N2 SLD, 300MM RADI",manufactured,CRS,SM - Piece,True,100,22.18,2218.00,2218.00,32
6017,5142842,completed,0023-00567,04,"SQUARE BRACKET, PANEL, TOP, NGGP, CRS 12GA",manufactured,Carbon Steel 1008,SM - Piece,True,1,649.00,649.00,1249.00,31
6017,5142842,completed,0023-00567,04,"SQUARE BRACKET, PANEL, TOP, NGGP, CRS 12GA",manufactured,Carbon Steel 1008,SM - Piece,True,2,335.00,670.00,1270.00,31
6017,5142842,completed,0023-00567,04,"SQUARE BRACKET, PANEL, TOP, NGGP, CRS 12GA",manufactured,Carbon Steel 1008,SM - Piece,True,3,231.00,693.00,1293.00,31
6017,5142842,completed,0023-00567,04,"SQUARE BRACKET, PANEL, TOP, NGGP, CRS 12GA",manufactured,Carbon Steel 1008,SM - Piece,True,5,147.00,735.00,1335.00,31
6017,5142842,completed,0023-00567,04,"SQUARE BRACKET, PANEL, TOP, NGGP, CRS 12GA",manufactured,Carbon Steel 1008,SM - Piece,True,10,84.30,843.00,1443.00,31
6017,5142842,completed,0023-00567,04,"SQUARE BRACKET, PANEL, TOP, NGGP, CRS 12GA",manufactured,Carbon Steel 1008,SM - Piece,True,25,46.72,1168.00,1768.00,31
6017,5142842,completed,0023-00567,04,"SQUARE BRACKET, PANEL, TOP, NGGP, CRS 12GA",manufactured,Carbon Steel 1008,SM - Piece,True,50,34.18,1709.00,1709.00,32
6017,5142842,completed,0023-00567,04,"SQUARE BRACKET, PANEL, TOP, NGGP, CRS 12GA",manufactured,Carbon Steel 1008,SM - Piece,True,100,28.12,2812.00,2812.00,33
6017,5143075,completed,0042-26547,02,"BACKPLANE, GP LFC,
300MM RADIANCE",manufactured,CRS,SM - Piece W/HDWE,True,1,566.00,566.00,1166.00,31
6017,5143075,completed,0042-26547,02,"BACKPLANE, GP LFC,
300MM RADIANCE",manufactured,CRS,SM - Piece W/HDWE,True,2,294.00,588.00,1188.00,31
6017,5143075,completed,0042-26547,02,"BACKPLANE, GP LFC,
300MM RADIANCE",manufactured,CRS,SM - Piece W/HDWE,True,3,203.00,609.00,1209.00,31
6017,5143075,completed,0042-26547,02,"BACKPLANE, GP LFC,
300MM RADIANCE",manufactured,CRS,SM - Piece W/HDWE,True,5,130.00,650.00,1250.00,31
6017,5143075,completed,0042-26547,02,"BACKPLANE, GP LFC,
300MM RADIANCE",manufactured,CRS,SM - Piece W/HDWE,True,10,75.60,756.00,1356.00,31
6017,5143075,completed,0042-26547,02,"BACKPLANE, GP LFC,
300MM RADIANCE",manufactured,CRS,SM - Piece W/HDWE,True,25,42.88,1072.00,1672.00,31
6017,5143075,completed,0042-26547,02,"BACKPLANE, GP LFC,
300MM RADIANCE",manufactured,CRS,SM - Piece W/HDWE,True,50,31.98,1599.00,2199.00,32
6017,5143075,completed,0042-26547,02,"BACKPLANE, GP LFC,
300MM RADIANCE",manufactured,CRS,SM - Piece W/HDWE,True,100,26.52,2652.00,2652.00,33
6017,5162902,completed,0042-27476,03,"BULKHEAD PANEL, DLI
CONTROLLER, 300MM
RADIANCE",manufactured,Aluminum 5052-H32,SM - Piece W/HDWE,True,1,557.00,557.00,1057.00,30
6017,5162902,completed,0042-27476,03,"BULKHEAD PANEL, DLI
CONTROLLER, 300MM
RADIANCE",manufactured,Aluminum 5052-H32,SM - Piece W/HDWE,True,2,293.00,586.00,1086.00,30
6017,5162902,completed,0042-27476,03,"BULKHEAD PANEL, DLI
CONTROLLER, 300MM
RADIANCE",manufactured,Aluminum 5052-H32,SM - Piece W/HDWE,True,3,205.00,615.00,1115.00,30
6017,5162902,completed,0042-27476,03,"BULKHEAD PANEL, DLI
CONTROLLER, 300MM
RADIANCE",manufactured,Aluminum 5052-H32,SM - Piece W/HDWE,True,5,134.00,670.00,1170.00,30
6017,5162902,completed,0042-27476,03,"BULKHEAD PANEL, DLI
CONTROLLER, 300MM
RADIANCE",manufactured,Aluminum 5052-H32,SM - Piece W/HDWE,True,10,80.70,807.00,1307.00,30
6017,5162902,completed,0042-27476,03,"BULKHEAD PANEL, DLI
CONTROLLER, 300MM
RADIANCE",manufactured,Aluminum 5052-H32,SM - Piece W/HDWE,True,25,48.88,1222.00,1722.00,30
6017,5162902,completed,0042-27476,03,"BULKHEAD PANEL, DLI
CONTROLLER, 300MM
RADIANCE",manufactured,Aluminum 5052-H32,SM - Piece W/HDWE,True,50,38.28,1914.00,2414.00,31
6017,5162902,completed,0042-27476,03,"BULKHEAD PANEL, DLI
CONTROLLER, 300MM
RADIANCE",manufactured,Aluminum 5052-H32,SM - Piece W/HDWE,True,100,32.87,3287.00,3287.00,33
6017,5162956,completed,0042-27478,04,"BOTTOM COVER, DLI
CONTROLLER ENCLOSURE,
300MM RADIANCE",manufactured,Aluminum 5052-H32,SM - Piece W/HDWE,True,1,684.00,684.00,1284.00,32
6017,5162956,completed,0042-27478,04,"BOTTOM COVER, DLI
CONTROLLER ENCLOSURE,
300MM RADIANCE",manufactured,Aluminum 5052-H32,SM - Piece W/HDWE,True,2,358.00,716.00,1316.00,32
6017,5162956,completed,0042-27478,04,"BOTTOM COVER, DLI
CONTROLLER ENCLOSURE,
300MM RADIANCE",manufactured,Aluminum 5052-H32,SM - Piece W/HDWE,True,3,249.00,747.00,1347.00,32
6017,5162956,completed,0042-27478,04,"BOTTOM COVER, DLI
CONTROLLER ENCLOSURE,
300MM RADIANCE",manufactured,Aluminum 5052-H32,SM - Piece W/HDWE,True,5,162.00,810.00,1410.00,32
6017,5162956,completed,0042-27478,04,"BOTTOM COVER, DLI
CONTROLLER ENCLOSURE,
300MM RADIANCE",manufactured,Aluminum 5052-H32,SM - Piece W/HDWE,True,10,96.20,962.00,1562.00,32
6017,5162956,completed,0042-27478,04,"BOTTOM COVER, DLI
CONTROLLER ENCLOSURE,
300MM RADIANCE",manufactured,Aluminum 5052-H32,SM - Piece W/HDWE,True,25,56.92,1423.00,2023.00,33
6017,5162956,completed,0042-27478,04,"BOTTOM COVER, DLI
CONTROLLER ENCLOSURE,
300MM RADIANCE",manufactured,Aluminum 5052-H32,SM - Piece W/HDWE,True,50,43.88,2194.00,2794.00,33
6017,5162956,completed,0042-27478,04,"BOTTOM COVER, DLI
CONTROLLER ENCLOSURE,
300MM RADIANCE",manufactured,Aluminum 5052-H32,SM - Piece W/HDWE,True,100,37.33,3733.00,3733.00,35
6017,5181841,completed,0042-27530,04,"Cover Panel, DLI Controller, 300 mm Radiance",manufactured,Aluminum 5052-H32,SM - Piece W/HDWE,True,1,589.00,589.00,1189.00,35
6017,5181841,completed,0042-27530,04,"Cover Panel, DLI Controller, 300 mm Radiance",manufactured,Aluminum 5052-H32,SM - Piece W/HDWE,True,2,317.00,634.00,1234.00,35
6017,5181841,completed,0042-27530,04,"Cover Panel, DLI Controller, 300 mm Radiance",manufactured,Aluminum 5052-H32,SM - Piece W/HDWE,True,3,226.00,678.00,1278.00,35
6017,5181841,completed,0042-27530,04,"Cover Panel, DLI Controller, 300 mm Radiance",manufactured,Aluminum 5052-H32,SM - Piece W/HDWE,True,5,154.00,770.00,1370.00,35
6017,5181841,completed,0042-27530,04,"Cover Panel, DLI Controller, 300 mm Radiance",manufactured,Aluminum 5052-H32,SM - Piece W/HDWE,True,10,98.90,989.00,1589.00,35
6017,5181841,completed,0042-27530,04,"Cover Panel, DLI Controller, 300 mm Radiance",manufactured,Aluminum 5052-H32,SM - Piece W/HDWE,True,25,66.20,1655.00,2255.00,36
6017,5181841,completed,0042-27530,04,"Cover Panel, DLI Controller, 300 mm Radiance",manufactured,Aluminum 5052-H32,SM - Piece W/HDWE,True,50,55.32,2766.00,3366.00,37
6017,5181841,completed,0042-27530,04,"Cover Panel, DLI Controller, 300 mm Radiance",manufactured,Aluminum 5052-H32,SM - Piece W/HDWE,True,100,49.86,4986.00,4986.00,39
6017,5143119,completed,0042-30415,02,"BACKPLANE, DLI
MANIFOLD, 300MM
RADIANCE",manufactured,Carbon Steel 1008,SM - Piece W/HDWE,True,1,664.00,664.00,1264.00,32
6017,5143119,completed,0042-30415,02,"BACKPLANE, DLI
MANIFOLD, 300MM
RADIANCE",manufactured,Carbon Steel 1008,SM - Piece W/HDWE,True,2,348.00,696.00,1296.00,32
6017,5143119,completed,0042-30415,02,"BACKPLANE, DLI
MANIFOLD, 300MM
RADIANCE",manufactured,Carbon Steel 1008,SM - Piece W/HDWE,True,3,242.00,726.00,1326.00,32
6017,5143119,completed,0042-30415,02,"BACKPLANE, DLI
MANIFOLD, 300MM
RADIANCE",manufactured,Carbon Steel 1008,SM - Piece W/HDWE,True,5,158.00,790.00,1390.00,32
6017,5143119,completed,0042-30415,02,"BACKPLANE, DLI
MANIFOLD, 300MM
RADIANCE",manufactured,Carbon Steel 1008,SM - Piece W/HDWE,True,10,93.80,938.00,1538.00,32
6017,5143119,completed,0042-30415,02,"BACKPLANE, DLI
MANIFOLD, 300MM
RADIANCE",manufactured,Carbon Steel 1008,SM - Piece W/HDWE,True,25,55.68,1392.00,1992.00,33
6017,5143119,completed,0042-30415,02,"BACKPLANE, DLI
MANIFOLD, 300MM
RADIANCE",manufactured,Carbon Steel 1008,SM - Piece W/HDWE,True,50,43.00,2150.00,2750.00,33
6017,5143119,completed,0042-30415,02,"BACKPLANE, DLI
MANIFOLD, 300MM
RADIANCE",manufactured,Carbon Steel 1008,SM - Piece W/HDWE,True,100,36.67,3667.00,3667.00,35
6017,5143124,completed,0042-39432,02,"BACKPLANE, VLV MTG, N2
SLD, 300MM RADIANCE",manufactured,CRS,SM - Piece W/HDWE,True,1,563.00,563.00,1163.00,31
6017,5143124,completed,0042-39432,02,"BACKPLANE, VLV MTG, N2
SLD, 300MM RADIANCE",manufactured,CRS,SM - Piece W/HDWE,True,2,291.00,582.00,1182.00,31
6017,5143124,completed,0042-39432,02,"BACKPLANE, VLV MTG, N2
SLD, 300MM RADIANCE",manufactured,CRS,SM - Piece W/HDWE,True,3,200.00,600.00,1200.00,31
6017,5143124,completed,0042-39432,02,"BACKPLANE, VLV MTG, N2
SLD, 300MM RADIANCE",manufactured,CRS,SM - Piece W/HDWE,True,5,127.00,635.00,1235.00,31
6017,5143124,completed,0042-39432,02,"BACKPLANE, VLV MTG, N2
SLD, 300MM RADIANCE",manufactured,CRS,SM - Piece W/HDWE,True,10,72.40,724.00,1324.00,31
6017,5143124,completed,0042-39432,02,"BACKPLANE, VLV MTG, N2
SLD, 300MM RADIANCE",manufactured,CRS,SM - Piece W/HDWE,True,25,39.76,994.00,1594.00,31
6017,5143124,completed,0042-39432,02,"BACKPLANE, VLV MTG, N2
SLD, 300MM RADIANCE",manufactured,CRS,SM - Piece W/HDWE,True,50,28.86,1443.00,2043.00,32
6017,5143124,completed,0042-39432,02,"BACKPLANE, VLV MTG, N2
SLD, 300MM RADIANCE",manufactured,CRS,SM - Piece W/HDWE,True,100,23.40,2340.00,2340.00,33
6017,5182428,completed,0042-54516,02,Enclosure body DLI Controller 300 mm Radiance,manufactured,Aluminum 5052-H32,SM - Piece W/HDWE,True,1,758.00,758.00,1358.00,32
6017,5182428,completed,0042-54516,02,Enclosure body DLI Controller 300 mm Radiance,manufactured,Aluminum 5052-H32,SM - Piece W/HDWE,True,2,422.00,844.00,1444.00,32
6017,5182428,completed,0042-54516,02,Enclosure body DLI Controller 300 mm Radiance,manufactured,Aluminum 5052-H32,SM - Piece W/HDWE,True,3,310.00,930.00,1530.00,32
6017,5182428,completed,0042-54516,02,Enclosure body DLI Controller 300 mm Radiance,manufactured,Aluminum 5052-H32,SM - Piece W/HDWE,True,5,220.00,1100.00,1700.00,32
6017,5182428,completed,0042-54516,02,Enclosure body DLI Controller 300 mm Radiance,manufactured,Aluminum 5052-H32,SM - Piece W/HDWE,True,10,153.00,1530.00,2130.00,33
6017,5182428,completed,0042-54516,02,Enclosure body DLI Controller 300 mm Radiance,manufactured,Aluminum 5052-H32,SM - Piece W/HDWE,True,25,112.00,2800.00,3400.00,34
6017,5182428,completed,0042-54516,02,Enclosure body DLI Controller 300 mm Radiance,manufactured,Aluminum 5052-H32,SM - Piece W/HDWE,True,50,97.86,4893.00,5493.00,36
6017,5182428,completed,0042-54516,02,Enclosure body DLI Controller 300 mm Radiance,manufactured,Aluminum 5052-H32,SM - Piece W/HDWE,True,100,90.72,9072.00,9072.00,40
6017,5143130,completed,0042-64257,02,"TOP HALF, GP BULKHEAD
PANEL II, SELOX NGGP,
300MM RADIANCE",manufactured,CRS,SM - Piece W/HDWE,True,1,542.00,542.00,1142.00,30
6017,5143130,completed,0042-64257,02,"TOP HALF, GP BULKHEAD
PANEL II, SELOX NGGP,
300MM RADIANCE",manufactured,CRS,SM - Piece W/HDWE,True,2,280.00,560.00,1160.00,30
6017,5143130,completed,0042-64257,02,"TOP HALF, GP BULKHEAD
PANEL II, SELOX NGGP,
300MM RADIANCE",manufactured,CRS,SM - Piece W/HDWE,True,3,191.00,573.00,1173.00,30
6017,5143130,completed,0042-64257,02,"TOP HALF, GP BULKHEAD
PANEL II, SELOX NGGP,
300MM RADIANCE",manufactured,CRS,SM - Piece W/HDWE,True,5,121.00,605.00,1205.00,30
6017,5143130,completed,0042-64257,02,"TOP HALF, GP BULKHEAD
PANEL II, SELOX NGGP,
300MM RADIANCE",manufactured,CRS,SM - Piece W/HDWE,True,10,69.40,694.00,1294.00,30
6017,5143130,completed,0042-64257,02,"TOP HALF, GP BULKHEAD
PANEL II, SELOX NGGP,
300MM RADIANCE",manufactured,CRS,SM - Piece W/HDWE,True,25,36.40,910.00,1510.00,31
6017,5143130,completed,0042-64257,02,"TOP HALF, GP BULKHEAD
PANEL II, SELOX NGGP,
300MM RADIANCE",manufactured,CRS,SM - Piece W/HDWE,True,50,25.90,1295.00,1895.00,31
6017,5143130,completed,0042-64257,02,"TOP HALF, GP BULKHEAD
PANEL II, SELOX NGGP,
300MM RADIANCE",manufactured,CRS,SM - Piece W/HDWE,True,100,20.65,2065.00,2065.00,32
6017,5143132,completed,0042-64263,03,"GP BULKHEAD PANEL II,
SELOX NGGP, HRTS,
300MM RADIANCE",manufactured,CRS,SM - Piece (combo),True,1,626.00,626.00,1026.00,25
6017,5143132,completed,0042-64263,03,"GP BULKHEAD PANEL II,
SELOX NGGP, HRTS,
300MM RADIANCE",manufactured,CRS,SM - Piece (combo),True,2,356.00,712.00,1112.00,25
6017,5143132,completed,0042-64263,03,"GP BULKHEAD PANEL II,
SELOX NGGP, HRTS,
300MM RADIANCE",manufactured,CRS,SM - Piece (combo),True,3,256.00,768.00,1168.00,25
6017,5143132,completed,0042-64263,03,"GP BULKHEAD PANEL II,
SELOX NGGP, HRTS,
300MM RADIANCE",manufactured,CRS,SM - Piece (combo),True,5,184.00,920.00,1320.00,25
6017,5143132,completed,0042-64263,03,"GP BULKHEAD PANEL II,
SELOX NGGP, HRTS,
300MM RADIANCE",manufactured,CRS,SM - Piece (combo),True,10,141.00,1410.00,1810.00,25
6017,5143132,completed,0042-64263,03,"GP BULKHEAD PANEL II,
SELOX NGGP, HRTS,
300MM RADIANCE",manufactured,CRS,SM - Piece (combo),True,25,97.36,2434.00,2834.00,26
6017,5143132,completed,0042-64263,03,"GP BULKHEAD PANEL II,
SELOX NGGP, HRTS,
300MM RADIANCE",manufactured,CRS,SM - Piece (combo),True,50,86.58,4329.00,4729.00,27
6017,5143132,completed,0042-64263,03,"GP BULKHEAD PANEL II,
SELOX NGGP, HRTS,
300MM RADIANCE",manufactured,CRS,SM - Piece (combo),True,100,81.17,8117.00,8117.00,29
6017,5143138,completed,0042-70058,04,"SUPPORT BRACKET,
MANUAL VALVES, DLI,
300MM RADIANCE",manufactured,Stainless Steel 304L,SM - Piece W/HDWE,True,1,383.00,383.00,983.00,30
6017,5143138,completed,0042-70058,04,"SUPPORT BRACKET,
MANUAL VALVES, DLI,
300MM RADIANCE",manufactured,Stainless Steel 304L,SM - Piece W/HDWE,True,2,203.00,406.00,1006.00,30
6017,5143138,completed,0042-70058,04,"SUPPORT BRACKET,
MANUAL VALVES, DLI,
300MM RADIANCE",manufactured,Stainless Steel 304L,SM - Piece W/HDWE,True,3,143.00,429.00,1029.00,30
6017,5143138,completed,0042-70058,04,"SUPPORT BRACKET,
MANUAL VALVES, DLI,
300MM RADIANCE",manufactured,Stainless Steel 304L,SM - Piece W/HDWE,True,5,95.20,476.00,1076.00,30
6017,5143138,completed,0042-70058,04,"SUPPORT BRACKET,
MANUAL VALVES, DLI,
300MM RADIANCE",manufactured,Stainless Steel 304L,SM - Piece W/HDWE,True,10,59.10,591.00,1191.00,30
6017,5143138,completed,0042-70058,04,"SUPPORT BRACKET,
MANUAL VALVES, DLI,
300MM RADIANCE",manufactured,Stainless Steel 304L,SM - Piece W/HDWE,True,25,37.52,938.00,1538.00,30
6017,5143138,completed,0042-70058,04,"SUPPORT BRACKET,
MANUAL VALVES, DLI,
300MM RADIANCE",manufactured,Stainless Steel 304L,SM - Piece W/HDWE,True,50,30.30,1515.00,2115.00,30
6017,5143138,completed,0042-70058,04,"SUPPORT BRACKET,
MANUAL VALVES, DLI,
300MM RADIANCE",manufactured,Stainless Steel 304L,SM - Piece W/HDWE,True,100,26.71,2671.00,2671.00,31
6017,5143140,completed,0042-70391,04,"SPILL PAN, PRECURSOR MANIFOLD, WIDE BASE",assembled,Carbon Steel,SM - Assy,True,1,1040.00,1040.00,1640.00,33
6017,5143140,completed,0042-70391,04,"SPILL PAN, PRECURSOR MANIFOLD, WIDE BASE",assembled,Carbon Steel,SM - Assy,True,2,548.00,1096.00,1696.00,33
6017,5143140,completed,0042-70391,04,"SPILL PAN, PRECURSOR MANIFOLD, WIDE BASE",assembled,Carbon Steel,SM - Assy,True,3,387.00,1161.00,1761.00,33
6017,5143140,completed,0042-70391,04,"SPILL PAN, PRECURSOR MANIFOLD, WIDE BASE",assembled,Carbon Steel,SM - Assy,True,5,258.00,1290.00,1890.00,33
6017,5143140,completed,0042-70391,04,"SPILL PAN, PRECURSOR MANIFOLD, WIDE BASE",assembled,Carbon Steel,SM - Assy,True,10,169.00,1690.00,2290.00,33
6017,5143140,completed,0042-70391,04,"SPILL PAN, PRECURSOR MANIFOLD, WIDE BASE",assembled,Carbon Steel,SM - Assy,True,25,116.00,2900.00,3500.00,33
6017,5143140,completed,0042-70391,04,"SPILL PAN, PRECURSOR MANIFOLD, WIDE BASE",assembled,Carbon Steel,SM - Assy,True,50,98.10,4905.00,5505.00,34
6017,5143140,completed,0042-70391,04,"SPILL PAN, PRECURSOR MANIFOLD, WIDE BASE",assembled,Carbon Steel,SM - Assy,True,100,89.63,8963.00,8963.00,35
6017,5143144,completed,0042-75845,03,"SUPPORT BRACKET,
RETURN MANUAL VALVES,
DLI, 300MM RADIANCE",manufactured,Stainless Steel 304L,SM - Piece W/HDWE,True,1,379.00,379.00,979.00,30
6017,5143144,completed,0042-75845,03,"SUPPORT BRACKET,
RETURN MANUAL VALVES,
DLI, 300MM RADIANCE",manufactured,Stainless Steel 304L,SM - Piece W/HDWE,True,2,199.00,398.00,998.00,30
6017,5143144,completed,0042-75845,03,"SUPPORT BRACKET,
RETURN MANUAL VALVES,
DLI, 300MM RADIANCE",manufactured,Stainless Steel 304L,SM - Piece W/HDWE,True,3,139.00,417.00,1017.00,30
6017,5143144,completed,0042-75845,03,"SUPPORT BRACKET,
RETURN MANUAL VALVES,
DLI, 300MM RADIANCE",manufactured,Stainless Steel 304L,SM - Piece W/HDWE,True,5,90.80,454.00,1054.00,30
6017,5143144,completed,0042-75845,03,"SUPPORT BRACKET,
RETURN MANUAL VALVES,
DLI, 300MM RADIANCE",manufactured,Stainless Steel 304L,SM - Piece W/HDWE,True,10,54.80,548.00,1148.00,30
6017,5143144,completed,0042-75845,03,"SUPPORT BRACKET,
RETURN MANUAL VALVES,
DLI, 300MM RADIANCE",manufactured,Stainless Steel 304L,SM - Piece W/HDWE,True,25,33.24,831.00,1431.00,30
6017,5143144,completed,0042-75845,03,"SUPPORT BRACKET,
RETURN MANUAL VALVES,
DLI, 300MM RADIANCE",manufactured,Stainless Steel 304L,SM - Piece W/HDWE,True,50,26.04,1302.00,1902.00,30
6017,5143144,completed,0042-75845,03,"SUPPORT BRACKET,
RETURN MANUAL VALVES,
DLI, 300MM RADIANCE",manufactured,Stainless Steel 304L,SM - Piece W/HDWE,True,100,22.44,2244.00,2244.00,31
6017,5143172,completed,0042-77105,03,"BRACKET EV MANIFOLD
RADIANCE NGGP",manufactured,CRS,SM - Piece W/HDWE,True,1,568.00,568.00,1168.00,31
6017,5143172,completed,0042-77105,03,"BRACKET EV MANIFOLD
RADIANCE NGGP",manufactured,CRS,SM - Piece W/HDWE,True,2,296.00,592.00,1192.00,31
6017,5143172,completed,0042-77105,03,"BRACKET EV MANIFOLD
RADIANCE NGGP",manufactured,CRS,SM - Piece W/HDWE,True,3,205.00,615.00,1215.00,31
6017,5143172,completed,0042-77105,03,"BRACKET EV MANIFOLD
RADIANCE NGGP",manufactured,CRS,SM - Piece W/HDWE,True,5,132.00,660.00,1260.00,31
6017,5143172,completed,0042-77105,03,"BRACKET EV MANIFOLD
RADIANCE NGGP",manufactured,CRS,SM - Piece W/HDWE,True,10,77.50,775.00,1375.00,31
6017,5143172,completed,0042-77105,03,"BRACKET EV MANIFOLD
RADIANCE NGGP",manufactured,CRS,SM - Piece W/HDWE,True,25,44.80,1120.00,1720.00,31
6017,5143172,completed,0042-77105,03,"BRACKET EV MANIFOLD
RADIANCE NGGP",manufactured,CRS,SM - Piece W/HDWE,True,50,33.84,1692.00,2292.00,32
6017,5143172,completed,0042-77105,03,"BRACKET EV MANIFOLD
RADIANCE NGGP",manufactured,CRS,SM - Piece W/HDWE,True,100,28.40,2840.00,2840.00,33
6017,5142857,no_quote,0042-77158,03,"WINDOW, FIRE GLASS WITH SILICON TAPE",assembled,,SM - Assy,False,1,316.00,316.00,916.00,32
6017,5142857,no_quote,0042-77158,03,"WINDOW, FIRE GLASS WITH SILICON TAPE",assembled,,SM - Assy,False,2,168.00,336.00,936.00,32
6017,5142857,no_quote,0042-77158,03,"WINDOW, FIRE GLASS WITH SILICON TAPE",assembled,,SM - Assy,False,3,119.00,357.00,957.00,32
6017,5142857,no_quote,0042-77158,03,"WINDOW, FIRE GLASS WITH SILICON TAPE",assembled,,SM - Assy,False,5,79.00,395.00,995.00,32
6017,5142857,no_quote,0042-77158,03,"WINDOW, FIRE GLASS WITH SILICON TAPE",assembled,,SM - Assy,False,10,49.20,492.00,1092.00,32
6017,5142857,no_quote,0042-77158,03,"WINDOW, FIRE GLASS WITH SILICON TAPE",assembled,,SM - Assy,False,25,31.44,786.00,1386.00,33
6017,5142857,no_quote,0042-77158,03,"WINDOW, FIRE GLASS WITH SILICON TAPE",assembled,,SM - Assy,False,50,25.50,1275.00,1875.00,33
6017,5142857,no_quote,0042-77158,03,"WINDOW, FIRE GLASS WITH SILICON TAPE",assembled,,SM - Assy,False,100,22.53,2253.00,2253.00,34
6017,5181016,completed,0042-78520,03,"BACKPLANE, DLI GAS PALLET, 300MM RADIANC",manufactured,CRS,SM - Piece W/HDWE,True,1,1020.00,1020.00,1620.00,33
6017,5181016,completed,0042-78520,03,"BACKPLANE, DLI GAS PALLET, 300MM RADIANC",manufactured,CRS,SM - Piece W/HDWE,True,2,604.00,1208.00,1808.00,33
6017,5181016,completed,0042-78520,03,"BACKPLANE, DLI GAS PALLET, 300MM RADIANC",manufactured,CRS,SM - Piece W/HDWE,True,3,467.00,1401.00,2001.00,33
6017,5181016,completed,0042-78520,03,"BACKPLANE, DLI GAS PALLET, 300MM RADIANC",manufactured,CRS,SM - Piece W/HDWE,True,5,359.00,1795.00,2395.00,33
6017,5181016,completed,0042-78520,03,"BACKPLANE, DLI GAS PALLET, 300MM RADIANC",manufactured,CRS,SM - Piece W/HDWE,True,25,220.00,5500.00,6100.00,36
6017,5181016,completed,0042-78520,03,"BACKPLANE, DLI GAS PALLET, 300MM RADIANC",manufactured,CRS,SM - Piece W/HDWE,True,50,208.00,10400.00,11000.00,41
6017,5181016,completed,0042-78520,03,"BACKPLANE, DLI GAS PALLET, 300MM RADIANC",manufactured,CRS,SM - Piece W/HDWE,True,100,202.00,20200.00,20200.00,49
6017,5143191,completed,0042-78624,07,"RIVETED ENCLOSURE, GAS PANEL",assembled,Carbon Steel 653 - Grade 40 (Galvanized),SM - Assy,True,1,2160.00,2160.00,2760.00,31
6017,5143191,completed,0042-78624,07,"RIVETED ENCLOSURE, GAS PANEL",assembled,Carbon Steel 653 - Grade 40 (Galvanized),SM - Assy,True,2,1440.00,2880.00,3480.00,31
6017,5143191,completed,0042-78624,07,"RIVETED ENCLOSURE, GAS PANEL",assembled,Carbon Steel 653 - Grade 40 (Galvanized),SM - Assy,True,3,1190.00,3570.00,4170.00,32
6017,5143191,completed,0042-78624,07,"RIVETED ENCLOSURE, GAS PANEL",assembled,Carbon Steel 653 - Grade 40 (Galvanized),SM - Assy,True,5,994.00,4970.00,5570.00,32
6017,5143191,completed,0042-78624,07,"RIVETED ENCLOSURE, GAS PANEL",assembled,Carbon Steel 653 - Grade 40 (Galvanized),SM - Assy,True,10,847.00,8470.00,9070.00,33
6017,5143191,completed,0042-78624,07,"RIVETED ENCLOSURE, GAS PANEL",assembled,Carbon Steel 653 - Grade 40 (Galvanized),SM - Assy,True,25,760.00,19000.00,19600.00,37
6017,5143191,completed,0042-78624,07,"RIVETED ENCLOSURE, GAS PANEL",assembled,Carbon Steel 653 - Grade 40 (Galvanized),SM - Assy,True,50,729.00,36450.00,37050.00,42
6017,5143191,completed,0042-78624,07,"RIVETED ENCLOSURE, GAS PANEL",assembled,Carbon Steel 653 - Grade 40 (Galvanized),SM - Assy,True,100,714.00,71400.00,71400.00,54
6017,5183569,completed,0042-81448,04,Panel Top Radiance NGGP,manufactured,CRS,SM - Piece W/HDWE,True,1,580.00,580.00,1080.00,29
6017,5183569,completed,0042-81448,04,Panel Top Radiance NGGP,manufactured,CRS,SM - Piece W/HDWE,True,2,356.00,712.00,1212.00,29
6017,5183569,completed,0042-81448,04,Panel Top Radiance NGGP,manufactured,CRS,SM - Piece W/HDWE,True,3,281.00,843.00,1343.00,29
6017,5183569,completed,0042-81448,04,Panel Top Radiance NGGP,manufactured,CRS,SM - Piece W/HDWE,True,5,221.00,1105.00,1605.00,29
6017,5183569,completed,0042-81448,04,Panel Top Radiance NGGP,manufactured,CRS,SM - Piece W/HDWE,True,10,176.00,1760.00,2260.00,30
6017,5183569,completed,0042-81448,04,Panel Top Radiance NGGP,manufactured,CRS,SM - Piece W/HDWE,True,25,149.00,3725.00,4225.00,32
6017,5183569,completed,0042-81448,04,Panel Top Radiance NGGP,manufactured,CRS,SM - Piece W/HDWE,True,50,140.00,7000.00,7500.00,35
6017,5183569,completed,0042-81448,04,Panel Top Radiance NGGP,manufactured,CRS,SM - Piece W/HDWE,True,100,135.00,13500.00,13500.00,41
6034,5156976,completed,512-030-800-119,-,FITTING ASSY LH AFT LWR - SLIDING DOOR,manufactured,,,False,2,0.00,0.00,0.00,0
6051,5173398,completed,0010-48281,03,"ASSEMBLY, MOBILE PLATFORM 27 INCH WIDE",manufactured,,,False,1,0.00,0.00,0.00,0
6051,5173398,completed,0010-48281,03,"ASSEMBLY, MOBILE PLATFORM 27 INCH WIDE",manufactured,,,False,4,0.00,0.00,0.00,0
6051,5173398,completed,0010-48281,03,"ASSEMBLY, MOBILE PLATFORM 27 INCH WIDE",manufactured,,,False,8,0.00,0.00,0.00,0
6051,5173398,completed,0010-48281,03,"ASSEMBLY, MOBILE PLATFORM 27 INCH WIDE",manufactured,,,False,12,0.00,0.00,0.00,0
6051,5173398,completed,0010-48281,03,"ASSEMBLY, MOBILE PLATFORM 27 INCH WIDE",manufactured,,,False,25,0.00,0.00,0.00,0
6051,5173398,completed,0010-48281,03,"ASSEMBLY, MOBILE PLATFORM 27 INCH WIDE",manufactured,,,False,50,0.00,0.00,0.00,0
6050,5207626,completed,0041-49711,04,"CAVITY COVER, CHAMBER
BODY, NICKEL PLATED,
R2/SICONI, PRODUCER GT",manufactured,Aluminum 6061-T6,MS - Mill,True,1,2490.00,2490.00,2490.00,28
6050,5207626,completed,0041-49711,04,"CAVITY COVER, CHAMBER
BODY, NICKEL PLATED,
R2/SICONI, PRODUCER GT",manufactured,Aluminum 6061-T6,MS - Mill,True,5,1380.00,6900.00,6900.00,31
6050,5207626,completed,0041-49711,04,"CAVITY COVER, CHAMBER
BODY, NICKEL PLATED,
R2/SICONI, PRODUCER GT",manufactured,Aluminum 6061-T6,MS - Mill,True,10,1240.00,12400.00,12400.00,34
6050,5207626,completed,0041-49711,04,"CAVITY COVER, CHAMBER
BODY, NICKEL PLATED,
R2/SICONI, PRODUCER GT",manufactured,Aluminum 6061-T6,MS - Mill,True,15,1110.00,16650.00,16650.00,37
6050,5207626,completed,0041-49711,04,"CAVITY COVER, CHAMBER
BODY, NICKEL PLATED,
R2/SICONI, PRODUCER GT",manufactured,Aluminum 6061-T6,MS - Mill,True,80,965.00,77200.00,77200.00,82
6040,5169217,completed,512-010-176-107,-,"PSTATIC STRAP ASSEMBLY, MAST NUT",manufactured,Stainless Steel 301 1/4 Hard,Aerospace Assembly,True,21,1904.00,39984.00,55104.00,70
6039,5157638,completed,512-000-020-160,-,PCCU GROUNDING BRACKET ASSY RH,manufactured,Aluminum 6013-T4,SM - Piece (combo),True,16,218.00,3488.00,3918.00,50
6052,5173779,completed,0015-07987,04,"Cover, wiring duct, Panduit C1.5BL x 10",manufactured,PVC,MS - Mill,True,1,299.00,299.00,699.00,43
6052,5173779,completed,0015-07987,04,"Cover, wiring duct, Panduit C1.5BL x 10",manufactured,PVC,MS - Mill,True,5,70.00,350.00,750.00,44
6052,5173779,completed,0015-07987,04,"Cover, wiring duct, Panduit C1.5BL x 10",manufactured,PVC,MS - Mill,True,10,43.10,431.00,831.00,44
6052,5173780,completed,0015-07988,04,"Cover, wiring duct, Panduit C1.5BL x 14.",manufactured,PVC,MS - Mill,True,1,296.00,296.00,696.00,43
6052,5173780,completed,0015-07988,04,"Cover, wiring duct, Panduit C1.5BL x 14.",manufactured,PVC,MS - Mill,True,5,68.00,340.00,740.00,43
6052,5173780,completed,0015-07988,04,"Cover, wiring duct, Panduit C1.5BL x 14.",manufactured,PVC,MS - Mill,True,10,41.40,414.00,814.00,44
6052,5173781,completed,0015-07989,04,"Cover, wiring duct, Panduit C1.5BL x 6.7",manufactured,PVC,MS - Mill,True,1,296.00,296.00,696.00,43
6052,5173781,completed,0015-07989,04,"Cover, wiring duct, Panduit C1.5BL x 6.7",manufactured,PVC,MS - Mill,True,5,67.80,339.00,739.00,43
6052,5173781,completed,0015-07989,04,"Cover, wiring duct, Panduit C1.5BL x 6.7",manufactured,PVC,MS - Mill,True,10,41.10,411.00,811.00,44
6052,5173782,completed,0015-07991,04,"Cover, wiring duct, Panduit C1BL x 24 in",manufactured,PVC,MS - Mill,True,1,308.00,308.00,708.00,42
6052,5173782,completed,0015-07991,04,"Cover, wiring duct, Panduit C1BL x 24 in",manufactured,PVC,MS - Mill,True,5,74.60,373.00,773.00,42
6052,5173782,completed,0015-07991,04,"Cover, wiring duct, Panduit C1BL x 24 in",manufactured,PVC,MS - Mill,True,10,46.50,465.00,865.00,42
6052,5173783,completed,0015-07992,04,"Cover, wiring duct, Panduit C1.5BL x 13.",manufactured,PVC,MS - Mill,True,1,172.00,172.00,572.00,45
6052,5173783,completed,0015-07992,04,"Cover, wiring duct, Panduit C1.5BL x 13.",manufactured,PVC,MS - Mill,True,5,40.60,203.00,603.00,45
6052,5173783,completed,0015-07992,04,"Cover, wiring duct, Panduit C1.5BL x 13.",manufactured,PVC,MS - Mill,True,10,26.00,260.00,660.00,45
6052,5173784,completed,0015-07993,04,"Cover, wiring duct, Panduit C1.5BL x 8 i",manufactured,PVC,MS - Mill,True,1,276.00,276.00,676.00,40
6052,5173784,completed,0015-07993,04,"Cover, wiring duct, Panduit C1.5BL x 8 i",manufactured,PVC,MS - Mill,True,5,61.60,308.00,708.00,40
6052,5173784,completed,0015-07993,04,"Cover, wiring duct, Panduit C1.5BL x 8 i",manufactured,PVC,MS - Mill,True,10,36.50,365.00,765.00,40
6052,5173785,completed,0015-08007,04,"Cover, wiring duct, Panduit C1BL x 24 in",manufactured,PVC,MS - Mill,True,1,636.00,636.00,1136.00,55
6052,5173785,completed,0015-08007,04,"Cover, wiring duct, Panduit C1BL x 24 in",manufactured,PVC,MS - Mill,True,5,149.00,745.00,1245.00,55
6052,5173785,completed,0015-08007,04,"Cover, wiring duct, Panduit C1BL x 24 in",manufactured,PVC,MS - Mill,True,10,88.50,885.00,1385.00,55
6052,5173786,completed,0020-52734,02,"COVER, RIGHT, KA3 CR PLENUM, 5.3FI",manufactured,Aluminum 6061-T6,SM - Piece,True,1,2440.00,2440.00,3040.00,65
6052,5173786,completed,0020-52734,02,"COVER, RIGHT, KA3 CR PLENUM, 5.3FI",manufactured,Aluminum 6061-T6,SM - Piece,True,5,595.00,2975.00,3575.00,65
6052,5173786,completed,0020-52734,02,"COVER, RIGHT, KA3 CR PLENUM, 5.3FI",manufactured,Aluminum 6061-T6,SM - Piece,True,10,366.00,3660.00,4260.00,66
6052,5173787,completed,0020-52743,02,"FLOOR PANEL, FRONT, KA3 CR PLENUM, 5.3FI",manufactured,CRS,SM - Piece,True,1,1130.00,1130.00,1730.00,64
6052,5173787,completed,0020-52743,02,"FLOOR PANEL, FRONT, KA3 CR PLENUM, 5.3FI",manufactured,CRS,SM - Piece,True,5,299.00,1495.00,2095.00,65
6052,5173787,completed,0020-52743,02,"FLOOR PANEL, FRONT, KA3 CR PLENUM, 5.3FI",manufactured,CRS,SM - Piece,True,10,195.00,1950.00,2550.00,65
6052,5173788,completed,0022-00512,03,"BRACKET, ROBOT DRIVER RESTRAINT",manufactured,CRS,SM - Piece,True,1,515.00,515.00,1115.00,61
6052,5173788,completed,0022-00512,03,"BRACKET, ROBOT DRIVER RESTRAINT",manufactured,CRS,SM - Piece,True,5,114.00,570.00,1170.00,61
6052,5173788,completed,0022-00512,03,"BRACKET, ROBOT DRIVER RESTRAINT",manufactured,CRS,SM - Piece,True,10,63.60,636.00,1236.00,61
6052,5173789,completed,0022-01924,04,"BRACKET, CDA SUPPLY, OLYMPIA",manufactured,CRS,SM - Piece,True,1,626.00,626.00,1226.00,66
6052,5173789,completed,0022-01924,04,"BRACKET, CDA SUPPLY, OLYMPIA",manufactured,CRS,SM - Piece,True,5,149.00,745.00,1345.00,66
6052,5173789,completed,0022-01924,04,"BRACKET, CDA SUPPLY, OLYMPIA",manufactured,CRS,SM - Piece,True,10,89.30,893.00,1493.00,66
6053,5174020,completed,0022-04805,05,"COVER, SAFETY CUM PARTICLE PROTECTION, A",manufactured,Aluminum 5052-H32,SM - Piece,True,1,590.00,590.00,1190.00,35
6053,5174020,completed,0022-04805,05,"COVER, SAFETY CUM PARTICLE PROTECTION, A",manufactured,Aluminum 5052-H32,SM - Piece,True,5,130.00,650.00,1250.00,35
6053,5174020,completed,0022-04805,05,"COVER, SAFETY CUM PARTICLE PROTECTION, A",manufactured,Aluminum 5052-H32,SM - Piece,True,10,73.50,735.00,1335.00,35
6053,5174021,completed,0022-15924,04,"COVER, FLIP AND LOCK, EV AIR PILOT",manufactured,CRS,SM - Piece,True,1,518.00,518.00,1118.00,34
6053,5174021,completed,0022-15924,04,"COVER, FLIP AND LOCK, EV AIR PILOT",manufactured,CRS,SM - Piece,True,5,112.00,560.00,1160.00,34
6053,5174021,completed,0022-15924,04,"COVER, FLIP AND LOCK, EV AIR PILOT",manufactured,CRS,SM - Piece,True,10,60.90,609.00,1209.00,34
6053,5226309,completed,0040-85717,05,"Cover , Center Rear , KA 3 CR Plenum, 2 3 F I",assembled,CRS,SM - Assy,True,1,1090.00,1090.00,1690.00,29
6053,5226309,completed,0040-85717,05,"Cover , Center Rear , KA 3 CR Plenum, 2 3 F I",assembled,CRS,SM - Assy,True,5,316.00,1580.00,2180.00,29
6053,5226309,completed,0040-85717,05,"Cover , Center Rear , KA 3 CR Plenum, 2 3 F I",assembled,CRS,SM - Assy,True,10,220.00,2200.00,2800.00,30
6053,5226309,completed,0040-85717,05,"Cover , Center Rear , KA 3 CR Plenum, 2 3 F I",assembled,CRS,SM - Assy,True,25,162.00,4050.00,4650.00,31
6053,5174023,completed,0022-13289,02,BRACKET PV MFV CONDOR,manufactured,CRS,SM - Piece,True,1,557.00,557.00,1157.00,30
6053,5174023,completed,0022-13289,02,BRACKET PV MFV CONDOR,manufactured,CRS,SM - Piece,True,5,121.00,605.00,1205.00,30
6053,5174023,completed,0022-13289,02,BRACKET PV MFV CONDOR,manufactured,CRS,SM - Piece,True,10,65.50,655.00,1255.00,30
6053,5174024,completed,0022-40767,03,"BRACKET, CENTURA PVD OSI MOUNT",manufactured,HRS,SM - Piece,True,1,571.00,571.00,1171.00,30
6053,5174024,completed,0022-40767,03,"BRACKET, CENTURA PVD OSI MOUNT",manufactured,HRS,SM - Piece,True,5,129.00,645.00,1245.00,30
6053,5174024,completed,0022-40767,03,"BRACKET, CENTURA PVD OSI MOUNT",manufactured,HRS,SM - Piece,True,10,73.00,730.00,1330.00,30
6053,5174025,completed,0022-40836,04,"BRACKET, VALVE, LL, CENTURA PVD",manufactured,Aluminum 5052-H32,SM - Piece,True,1,566.00,566.00,1166.00,30
6053,5174025,completed,0022-40836,04,"BRACKET, VALVE, LL, CENTURA PVD",manufactured,Aluminum 5052-H32,SM - Piece,True,5,126.00,630.00,1230.00,30
6053,5174025,completed,0022-40836,04,"BRACKET, VALVE, LL, CENTURA PVD",manufactured,Aluminum 5052-H32,SM - Piece,True,10,70.40,704.00,1304.00,30
6053,5222859,completed,0041-08526,02,"BRACKET , 3 INCH DAI ADAPTER , KA3-KA CR PLENUM 5 3FI",manufactured,CRS,SM - Piece W/HDWE,True,1,517.00,517.00,1017.00,28
6053,5222859,completed,0041-08526,02,"BRACKET , 3 INCH DAI ADAPTER , KA3-KA CR PLENUM 5 3FI",manufactured,CRS,SM - Piece W/HDWE,True,5,126.00,630.00,1130.00,28
6053,5222859,completed,0041-08526,02,"BRACKET , 3 INCH DAI ADAPTER , KA3-KA CR PLENUM 5 3FI",manufactured,CRS,SM - Piece W/HDWE,True,10,76.30,763.00,1263.00,29
6053,5223105,completed,0041-39504,03,"ASSY , BRK PA MT, 5.3 FI",manufactured,Aluminum 6061-T6,MS - Mill,True,1,1670.00,1670.00,2470.00,42
6053,5223105,completed,0041-39504,03,"ASSY , BRK PA MT, 5.3 FI",manufactured,Aluminum 6061-T6,MS - Mill,True,5,496.00,2480.00,3280.00,42
6053,5223105,completed,0041-39504,03,"ASSY , BRK PA MT, 5.3 FI",manufactured,Aluminum 6061-T6,MS - Mill,True,10,349.00,3490.00,4290.00,43
6053,5223956,completed,0041-41158,03,"FRONT BRKT, BELOW FLOOR VAPOR COLLECTION, 5.4",manufactured,CRS,SM - Piece,True,1,556.00,556.00,1156.00,30
6053,5223956,completed,0041-41158,03,"FRONT BRKT, BELOW FLOOR VAPOR COLLECTION, 5.4",manufactured,CRS,SM - Piece,True,5,124.00,620.00,1220.00,30
6053,5223956,completed,0041-41158,03,"FRONT BRKT, BELOW FLOOR VAPOR COLLECTION, 5.4",manufactured,CRS,SM - Piece,True,10,69.30,693.00,1293.00,30
6053,5224081,completed,0041-51540,05,"RIGHT MOUNTING BRACKET LCF AMP, OLYMPIA",manufactured,CRS,SM - Piece W/HDWE,True,1,694.00,694.00,1294.00,33
6053,5224081,completed,0041-51540,05,"RIGHT MOUNTING BRACKET LCF AMP, OLYMPIA",manufactured,CRS,SM - Piece W/HDWE,True,5,158.00,790.00,1390.00,33
6053,5224081,completed,0041-51540,05,"RIGHT MOUNTING BRACKET LCF AMP, OLYMPIA",manufactured,CRS,SM - Piece W/HDWE,True,10,90.40,904.00,1504.00,33
6056,5333211,completed,A0580297,01,,assembled,Stainless Steel 304,SM - Piece W/HDWE,False,1,5880.00,5880.00,7180.00,40
6056,5333211,completed,A0580297,01,,assembled,Stainless Steel 304,SM - Piece W/HDWE,False,2,4510.00,9020.00,10320.00,41
6043,5169261,completed,512-012-034-101,-,LINER CF BOLT,manufactured,PEEK Carbon-Filled,MS - Lathe,True,89,484.00,43076.00,47709.00,60
6062,5179905,completed,901-005-680-101,E,CHASSIS NIPCU,manufactured,,,False,4,3034.00,12136.00,12136.00,80
6061,5179802,completed,512-061-457-105,A,DUCT ASSEMBLY-GENERATOR EXHAUST,manufactured,Aluminum 6061-T4,Aerospace Assembly,True,16,1806.00,28896.00,31606.00,60
6059,5179251,completed,512-000-030-307,A,BRKT ASSY HTD WINDSHIELD,manufactured,Aluminum 6013-T4,SM - Piece (combo),True,48,233.00,11184.00,11904.00,60
6048,5170496,no_quote,512-010-427-101,A,Fitting Assy,manufactured,,,False,15,0.00,0.00,0.00,0
6057,5176381,completed,A0581755,01,"WELDMENT, ENCLOSURE, TOP EPOD, WCM",assembled,Stainless Steel 304,SM - Piece W/HDWE,True,1,2690.00,2690.00,4290.00,50
6057,5176381,completed,A0581755,01,"WELDMENT, ENCLOSURE, TOP EPOD, WCM",assembled,Stainless Steel 304,SM - Piece W/HDWE,True,2,2050.00,4100.00,5700.00,50
6057,5176381,completed,A0581755,01,"WELDMENT, ENCLOSURE, TOP EPOD, WCM",assembled,Stainless Steel 304,SM - Piece W/HDWE,True,4,1730.00,6920.00,8520.00,50
6057,5176381,completed,A0581755,01,"WELDMENT, ENCLOSURE, TOP EPOD, WCM",assembled,Stainless Steel 304,SM - Piece W/HDWE,True,6,1620.00,9720.00,11320.00,50
6057,5176381,completed,A0581755,01,"WELDMENT, ENCLOSURE, TOP EPOD, WCM",assembled,Stainless Steel 304,SM - Piece W/HDWE,True,8,1570.00,12560.00,14160.00,50
6057,5176381,completed,A0581755,01,"WELDMENT, ENCLOSURE, TOP EPOD, WCM",assembled,Stainless Steel 304,SM - Piece W/HDWE,True,10,1540.00,15400.00,17000.00,50
6058,5176466,no_quote,0023-17716,01,"COVER, UPPER LINKAGE, DUAL SY ROBOT",manufactured,,NQ - Not a Core Competency,False,1,0.00,0.00,0.00,5
6058,5176466,no_quote,0023-17716,01,"COVER, UPPER LINKAGE, DUAL SY ROBOT",manufactured,,NQ - Not a Core Competency,False,5,0.00,0.00,0.00,5
6058,5176466,no_quote,0023-17716,01,"COVER, UPPER LINKAGE, DUAL SY ROBOT",manufactured,,NQ - Not a Core Competency,False,10,0.00,0.00,0.00,5
6058,5176466,no_quote,0023-17716,01,"COVER, UPPER LINKAGE, DUAL SY ROBOT",manufactured,,NQ - Not a Core Competency,False,15,0.00,0.00,0.00,5
6058,5176466,no_quote,0023-17716,01,"COVER, UPPER LINKAGE, DUAL SY ROBOT",manufactured,,NQ - Not a Core Competency,False,25,0.00,0.00,0.00,5
6058,5176466,no_quote,0023-17716,01,"COVER, UPPER LINKAGE, DUAL SY ROBOT",manufactured,,NQ - Not a Core Competency,False,50,0.00,0.00,0.00,5
6058,5176466,no_quote,0023-17716,01,"COVER, UPPER LINKAGE, DUAL SY ROBOT",manufactured,,NQ - Not a Core Competency,False,75,0.00,0.00,0.00,5
6058,5176466,no_quote,0023-17716,01,"COVER, UPPER LINKAGE, DUAL SY ROBOT",manufactured,,NQ - Not a Core Competency,False,100,0.00,0.00,0.00,5
6058,5176467,completed,0023-17717,01,"BELT TENSION COVER, LINKAGE ASSEMBLY, DU",manufactured,Aluminum 6061-T6,SM - Piece (combo),True,1,532.00,532.00,1132.00,32
6058,5176467,completed,0023-17717,01,"BELT TENSION COVER, LINKAGE ASSEMBLY, DU",manufactured,Aluminum 6061-T6,SM - Piece (combo),True,5,119.00,595.00,1195.00,32
6058,5176467,completed,0023-17717,01,"BELT TENSION COVER, LINKAGE ASSEMBLY, DU",manufactured,Aluminum 6061-T6,SM - Piece (combo),True,10,66.90,669.00,1269.00,32
6058,5176467,completed,0023-17717,01,"BELT TENSION COVER, LINKAGE ASSEMBLY, DU",manufactured,Aluminum 6061-T6,SM - Piece (combo),True,15,49.67,745.05,1345.05,32
6058,5176467,completed,0023-17717,01,"BELT TENSION COVER, LINKAGE ASSEMBLY, DU",manufactured,Aluminum 6061-T6,SM - Piece (combo),True,25,36.84,921.00,1521.00,32
6058,5176467,completed,0023-17717,01,"BELT TENSION COVER, LINKAGE ASSEMBLY, DU",manufactured,Aluminum 6061-T6,SM - Piece (combo),True,50,28.72,1436.00,1436.00,33
6058,5176467,completed,0023-17717,01,"BELT TENSION COVER, LINKAGE ASSEMBLY, DU",manufactured,Aluminum 6061-T6,SM - Piece (combo),True,75,26.01,1950.75,1950.75,33
6058,5176467,completed,0023-17717,01,"BELT TENSION COVER, LINKAGE ASSEMBLY, DU",manufactured,Aluminum 6061-T6,SM - Piece (combo),True,100,24.87,2487.00,2487.00,33
6058,5176468,completed,0023-21469,01,"BELT PIN TENSION COVER, LINKAGE ASSEMBLY",manufactured,Aluminum 6061-T6,SM - Piece (combo),True,1,532.00,532.00,1132.00,32
6058,5176468,completed,0023-21469,01,"BELT PIN TENSION COVER, LINKAGE ASSEMBLY",manufactured,Aluminum 6061-T6,SM - Piece (combo),True,5,119.00,595.00,1195.00,32
6058,5176468,completed,0023-21469,01,"BELT PIN TENSION COVER, LINKAGE ASSEMBLY",manufactured,Aluminum 6061-T6,SM - Piece (combo),True,10,67.30,673.00,1273.00,32
6058,5176468,completed,0023-21469,01,"BELT PIN TENSION COVER, LINKAGE ASSEMBLY",manufactured,Aluminum 6061-T6,SM - Piece (combo),True,15,50.07,751.05,1351.05,32
6058,5176468,completed,0023-21469,01,"BELT PIN TENSION COVER, LINKAGE ASSEMBLY",manufactured,Aluminum 6061-T6,SM - Piece (combo),True,25,37.52,938.00,1538.00,32
6058,5176468,completed,0023-21469,01,"BELT PIN TENSION COVER, LINKAGE ASSEMBLY",manufactured,Aluminum 6061-T6,SM - Piece (combo),True,50,29.36,1468.00,1468.00,33
6058,5176468,completed,0023-21469,01,"BELT PIN TENSION COVER, LINKAGE ASSEMBLY",manufactured,Aluminum 6061-T6,SM - Piece (combo),True,75,26.65,1998.75,1998.75,33
6058,5176468,completed,0023-21469,01,"BELT PIN TENSION COVER, LINKAGE ASSEMBLY",manufactured,Aluminum 6061-T6,SM - Piece (combo),True,100,25.51,2551.00,2551.00,33
6058,5176469,completed,0023-22682,01,"BOTTOM COVER, LINKAGE ASSEMBLY",manufactured,Aluminum 6061-T6,SM - Piece,True,1,520.00,520.00,1120.00,35
6058,5176469,completed,0023-22682,01,"BOTTOM COVER, LINKAGE ASSEMBLY",manufactured,Aluminum 6061-T6,SM - Piece,True,5,128.00,640.00,1240.00,35
6058,5176469,completed,0023-22682,01,"BOTTOM COVER, LINKAGE ASSEMBLY",manufactured,Aluminum 6061-T6,SM - Piece,True,10,85.70,857.00,1457.00,35
6058,5176469,completed,0023-22682,01,"BOTTOM COVER, LINKAGE ASSEMBLY",manufactured,Aluminum 6061-T6,SM - Piece,True,15,71.67,1075.05,1675.05,35
6058,5176469,completed,0023-22682,01,"BOTTOM COVER, LINKAGE ASSEMBLY",manufactured,Aluminum 6061-T6,SM - Piece,True,25,60.40,1510.00,2110.00,35
6058,5176469,completed,0023-22682,01,"BOTTOM COVER, LINKAGE ASSEMBLY",manufactured,Aluminum 6061-T6,SM - Piece,True,50,51.94,2597.00,2597.00,35
6058,5176469,completed,0023-22682,01,"BOTTOM COVER, LINKAGE ASSEMBLY",manufactured,Aluminum 6061-T6,SM - Piece,True,75,49.12,3684.00,3684.00,36
6058,5176469,completed,0023-22682,01,"BOTTOM COVER, LINKAGE ASSEMBLY",manufactured,Aluminum 6061-T6,SM - Piece,True,100,48.14,4814.00,4814.00,36
6060,5179371,completed,K5M28819-Y,-,ENCLOSURE PRESSURE SENSOR,manufactured,Aluminum 6061-T6,MS - Mill,True,15,221.00,3315.00,3315.00,60
6065,5181486,no_quote,0050-38583,B,"WELDMENT, 1 VALVE MANIFOLD, VERIFLO, 10R",manufactured,,NQ - Not a Core Competency,False,1,0.00,0.00,0.00,5
6065,5181486,no_quote,0050-38583,B,"WELDMENT, 1 VALVE MANIFOLD, VERIFLO, 10R",manufactured,,NQ - Not a Core Competency,False,5,0.00,0.00,0.00,5
6065,5181486,no_quote,0050-38583,B,"WELDMENT, 1 VALVE MANIFOLD, VERIFLO, 10R",manufactured,,NQ - Not a Core Competency,False,10,0.00,0.00,0.00,5
6055,5174711,completed,0041-79970,05,"COVER, SV/ATM DOOR EV MANIFOLD W/LOCKOUT",assembled,CRS,SM - Piece,True,1,594.00,594.00,1094.00,31
6055,5174711,completed,0041-79970,05,"COVER, SV/ATM DOOR EV MANIFOLD W/LOCKOUT",assembled,CRS,SM - Piece,True,5,137.00,685.00,1185.00,31
6055,5174711,completed,0041-79970,05,"COVER, SV/ATM DOOR EV MANIFOLD W/LOCKOUT",assembled,CRS,SM - Piece,True,10,79.40,794.00,1294.00,31
6055,5211541,completed,0041-76786,04,"BRACKET, OSI BOARD, C3
CENTRIS",assembled,CRS,SM - Assy,True,1,808.00,808.00,1208.00,23
6055,5211541,completed,0041-76786,04,"BRACKET, OSI BOARD, C3
CENTRIS",assembled,CRS,SM - Assy,True,5,198.00,990.00,1390.00,23
6055,5211541,completed,0041-76786,04,"BRACKET, OSI BOARD, C3
CENTRIS",assembled,CRS,SM - Assy,True,10,122.00,1220.00,1620.00,23
6055,5212244,completed,0041-78071,03,"Bracket , AC Cable Rear MF 1/2",manufactured,CRS,SM - Piece W/HDWE,True,1,769.00,769.00,1369.00,34
6055,5212244,completed,0041-78071,03,"Bracket , AC Cable Rear MF 1/2",manufactured,CRS,SM - Piece W/HDWE,True,5,214.00,1070.00,1670.00,35
6055,5212244,completed,0041-78071,03,"Bracket , AC Cable Rear MF 1/2",manufactured,CRS,SM - Piece W/HDWE,True,10,145.00,1450.00,2050.00,35
6055,5232983,completed,0041-79971,04,"BRACKET , SV/ATM DOOR EV MAINIFOLD W/LOCKOUT",manufactured,CRS,SM - Piece,True,1,571.00,571.00,1171.00,31
6055,5232983,completed,0041-79971,04,"BRACKET , SV/ATM DOOR EV MAINIFOLD W/LOCKOUT",manufactured,CRS,SM - Piece,True,5,135.00,675.00,1275.00,31
6055,5232983,completed,0041-79971,04,"BRACKET , SV/ATM DOOR EV MAINIFOLD W/LOCKOUT",manufactured,CRS,SM - Piece,True,10,80.50,805.00,1405.00,31
6055,5233298,completed,0041-86390,05,ADJUSTBLE BRACKET LID  SWITCH LID LIFT PRODUCER,assembled,Stainless Steel 304,SM - Piece,True,1,1280.00,1280.00,1880.00,29
6055,5233298,completed,0041-86390,05,ADJUSTBLE BRACKET LID  SWITCH LID LIFT PRODUCER,assembled,Stainless Steel 304,SM - Piece,True,5,314.00,1570.00,2170.00,29
6055,5233298,completed,0041-86390,05,ADJUSTBLE BRACKET LID  SWITCH LID LIFT PRODUCER,assembled,Stainless Steel 304,SM - Piece,True,10,193.00,1930.00,2530.00,30
6055,5234809,completed,0042-13355,04,"Bracket , TC Cable Track PVD Centura ACP",assembled,CRS,SM - Assy,True,1,1190.00,1190.00,1590.00,24
6055,5234809,completed,0042-13355,04,"Bracket , TC Cable Track PVD Centura ACP",assembled,CRS,SM - Assy,True,5,326.00,1630.00,2030.00,24
6055,5234809,completed,0042-13355,04,"Bracket , TC Cable Track PVD Centura ACP",assembled,CRS,SM - Assy,True,10,219.00,2190.00,2590.00,24
6055,5234953,completed,0042-54539,03,"BRACKET VALVES , N2 PURGE PROD XP-S",manufactured,CRS,SM - Piece,True,1,773.00,773.00,1373.00,32
6055,5234953,completed,0042-54539,03,"BRACKET VALVES , N2 PURGE PROD XP-S",manufactured,CRS,SM - Piece,True,5,210.00,1050.00,1650.00,32
6055,5234953,completed,0042-54539,03,"BRACKET VALVES , N2 PURGE PROD XP-S",manufactured,CRS,SM - Piece,True,10,139.00,1390.00,1990.00,32
6055,5174718,no_quote,0246-44271,ZZ,"KIT, PRE-WIRED ENCLOSURE CONTENTS, DWLL,",manufactured,,,False,1,0.00,0.00,0.00,0
6055,5174718,no_quote,0246-44271,ZZ,"KIT, PRE-WIRED ENCLOSURE CONTENTS, DWLL,",manufactured,,,False,5,0.00,0.00,0.00,0
6055,5174718,no_quote,0246-44271,ZZ,"KIT, PRE-WIRED ENCLOSURE CONTENTS, DWLL,",manufactured,,,False,10,0.00,0.00,0.00,0
6055,5174720,completed,0041-80572,03,"WELDMENT, FORK BRACKET, FRONT RIGHT, MF,",assembled,HRS,SM - Assy,True,1,1500.00,1500.00,2000.00,31
6055,5174720,completed,0041-80572,03,"WELDMENT, FORK BRACKET, FRONT RIGHT, MF,",assembled,HRS,SM - Assy,True,5,587.00,2935.00,3435.00,32
6055,5174720,completed,0041-80572,03,"WELDMENT, FORK BRACKET, FRONT RIGHT, MF,",assembled,HRS,SM - Assy,True,10,474.00,4740.00,5240.00,32
6055,5239258,completed,0041-80571,03,,assembled,HRS,SM - Assy,False,1,1480.00,1480.00,2080.00,33
6055,5239258,completed,0041-80571,03,,assembled,HRS,SM - Assy,False,5,549.00,2745.00,3345.00,33
6055,5239258,completed,0041-80571,03,,assembled,HRS,SM - Assy,False,10,433.00,4330.00,4930.00,34
6069,5182057,completed,0040-70865-2,07,"COPPER TUBING, .50 O.D. X .375 I.D.",manufactured,,,False,5,0.00,0.00,0.00,0
6069,5182057,completed,0040-70865-2,07,"COPPER TUBING, .50 O.D. X .375 I.D.",manufactured,,,False,25,0.00,0.00,0.00,0
6069,5182057,completed,0040-70865-2,07,"COPPER TUBING, .50 O.D. X .375 I.D.",manufactured,,,False,50,0.00,0.00,0.00,0
6069,5182057,completed,0040-70865-2,07,"COPPER TUBING, .50 O.D. X .375 I.D.",manufactured,,,False,125,0.00,0.00,0.00,0
6069,5182057,completed,0040-70865-2,07,"COPPER TUBING, .50 O.D. X .375 I.D.",manufactured,,,False,250,0.00,0.00,0.00,0
6069,5182057,completed,0040-70865-2,07,"COPPER TUBING, .50 O.D. X .375 I.D.",manufactured,,,False,500,0.00,0.00,0.00,0
6064,5181123,no_quote,3-52657-1,,FILLER,manufactured,,No Quote,False,152,0.00,0.00,0.00,5
6068,5181861,no_quote,0021-10696,A,"CLIP,PYROMETER",manufactured,,No Quote,False,1,0.00,0.00,0.00,5
6068,5181861,no_quote,0021-10696,A,"CLIP,PYROMETER",manufactured,,No Quote,False,5,0.00,0.00,0.00,5
6068,5181861,no_quote,0021-10696,A,"CLIP,PYROMETER",manufactured,,No Quote,False,10,0.00,0.00,0.00,5
6067,5217126,completed,0040-42958,09,"CARRIER, HEATER LIFT,
PRODUCER SE",manufactured,Aluminum 6061-T6,MS - Mill,True,81,348.00,28188.00,28188.00,63
6047,5169675,completed,0011-06621,02,"KIT, RF J ROD ASSEMBLY, PANEL ETCH, TOPAZ",assembled,,,False,5,0.00,0.00,0.00,0
6047,5169676,completed,0042-65280,02,"FRAME, CHAMBER, VALOR",assembled,,,False,5,0.00,0.00,0.00,0
6047,5169677,completed,0023-28080,01,"BRACKET, ALIGNMENT, PEDESTAL FRAME, VALOR",manufactured,,,False,10,0.00,0.00,0.00,0
6047,5169678,completed,0042-65596,01,"STIFFENER, CHAMBER FRAME, VALOR",assembled,,,False,5,77.10,385.50,385.50,0
6047,5169679,completed,0021-99317,04,"BALL STEM, 3/4-16",manufactured,,,False,20,0.00,0.00,0.00,0
6047,5169680,completed,0042-65519,01,"MOUNT BLOCK, CHAMBER MOUNTING, MESA C3",assembled,,,False,20,0.00,0.00,0.00,0
6047,5169681,completed,0023-28437,01,"MOUNT, ALUMINUM 6061-T651,ASTM B209",manufactured,,,False,20,0.00,0.00,0.00,0
6047,5169682,completed,0042-65363,02,"FRAME, PEDESTAL, VALOR",assembled,,,False,5,0.00,0.00,0.00,0
6047,5169683,completed,0023-27763,02,"BUMPER, PEDESTAL FRAME, VALOR",manufactured,,,False,10,0.00,0.00,0.00,0
6047,5169684,completed,0023-27761,01,"BRACKET, WHEEL STOP, PEDESTAL FRAME",manufactured,,,False,10,0.00,0.00,0.00,0
6047,5169685,completed,0052-00075,02,"RF ROD ASSEMBLY, PANEL ETCH, TOPAZ",assembled,,,False,5,0.00,0.00,0.00,0
6047,5169686,no_quote,0190-76739,,"MUTILAM BAND, MULTI-CONTACT ITEM TYPE. LAIB/55/0, 15/45 AG",manufactured,,,False,5,0.00,0.00,0.00,0
6047,5169687,completed,0022-60496,03,"LOWER FLANGE, MATCH SIDE, CLAMP, 55MM, R2.0",manufactured,,,False,5,0.00,0.00,0.00,0
6047,5169688,no_quote,0190-76738,,"SNAP RING, MULTI-CONTACT, TYPE SR53-55",manufactured,,,False,10,0.00,0.00,0.00,0
6047,5169689,completed,0200-39509,01,"SOURCE TUBE, QUARTZ,25MM,PLASMA ETCH, TOPAZ",manufactured,,,False,40,0.00,0.00,0.00,0
6047,5169690,completed,0200-36461,04,"WINDOW, ANTI CLOUDING SAPPHIRE, 200MM DPS",manufactured,,,False,15,0.00,0.00,0.00,0
6047,5169691,completed,0022-15901,03,FILTER UV VIEW WINDOW SILVIA,manufactured,,,False,15,0.00,0.00,0.00,0
6047,5169692,completed,0023-29241,01,"SOURCE BODY, WINDOW, PANEL, ETCH, TOPAZ",manufactured,,,False,15,0.00,0.00,0.00,0
6047,5169693,completed,0022-15781,03,VIEWPORT WINDOW  - SILVIA,manufactured,,,False,15,0.00,0.00,0.00,0
6047,5169694,completed,0023-28388,01,"SEALING PLATE,SOURCE ASSY,PLASMA ETCH,TOPAZ",manufactured,,,False,40,0.00,0.00,0.00,0
6047,5169695,completed,0023-28386,01,"SEAL PLATE,QRTZ TUBE SOURCE ASSY,PLASME ETCH,TOPAZ",manufactured,,,False,5,0.00,0.00,0.00,0
6047,5169696,completed,0023-28136,01,"INSULATOR-1, RF GUIDE, SOURCE KIT,PLASMA ETCH, TOPAZ",manufactured,,,False,20,0.00,0.00,0.00,0
6047,5169697,completed,0042-66479,01,"ADAPTOR,CLNG LINE,GROUNDING SIDE,PLASMA ETCH,TOPAZ",assembled,,,False,5,0.00,0.00,0.00,0
6047,5169698,completed,0042-66668,01,"SOURCE BODY,ICP TUBES,PANEL,ETCH,TOPAZ",assembled,,,False,5,0.00,0.00,0.00,0
6047,5169699,completed,0042-66633,01,"ADAPTOR, CLNG SOURCE BODY KIT, PLASMA ETCH, TOPAZ",assembled,,,False,10,0.00,0.00,0.00,0
6047,5169700,completed,0023-28387,01,"HOLDER-2, RF GUIDE, SOURCE ASSEMBLY, PLASMA ETCH, TOPAZ",manufactured,,,False,20,0.00,0.00,0.00,0
6047,5169701,completed,0023-28364,01,"RF CONNECTOR, 8 TO 4, PARALLEL",manufactured,,,False,20,0.00,0.00,0.00,0
6047,5169702,completed,0042-65826,01,"RF ROD, SOURCE ASSEMBLY, PLASMA ETCH, TOPAZ",assembled,,,False,20,0.00,0.00,0.00,0
6074,5202025,no_quote,512-030-101-245,B,AFT RAIL LOCK ASSEMBLY-LHS,manufactured,,No Quote,False,12,0.00,0.00,0.00,5
6074,5202050,no_quote,512-030-101-246,B,AFT RAIL LOCK ASSEMBLY-RHS,manufactured,,No Quote,False,12,0.00,0.00,0.00,5
6072,5193602,completed,204-00133,1,"PICARD POE
MOUNTING PLATE",manufactured,Aluminum 5052-H32,SM - Piece,True,300,41.85,12555.00,12555.00,40
6072,5193777,completed,204-00134,1,"PICARD POE
INTERNAL PLATE",manufactured,Aluminum 5052-H32,SM - Piece,True,300,8.82,2646.00,2646.00,30
6076,5202604,completed,512-066-020-103,-,Aux Fuel Cover,manufactured,Aluminum 7075-T7351,SM - Piece (combo),True,23,403.00,9269.00,10009.00,50
6078,5202853,completed,512-030-130-578,-,Outbd Seat Track - RHS,manufactured,Aluminum 7050-T7451,MS - Mill,True,21,1071.00,22491.00,22491.00,70
6078,5202886,completed,512-030-130-577,-,Outbd Seat Track - LHS,manufactured,Aluminum 7050-T7651,MS - Mill,True,21,1071.00,22491.00,22491.00,70
6079,5207686,completed,512-030-530-303,B,CORNER FITTING FWD FIREWALL LH,manufactured,,,False,5,809.00,4045.00,4765.00,70
6079,5207688,completed,512-030-530-307,B,CORNER FITTING FWD FIREWALL RH,manufactured,,,False,5,809.00,4045.00,4045.00,70
6075,5202517,completed,512-061-104-101,-,FWD AIR INLET DEFLECTOR,manufactured,Aluminum 6013-T4,SM - Piece (combo),True,21,241.00,5061.00,5791.00,50
6077,5202781,no_quote,512-369-417-115,B,INSULATION DRAIN PAN FWD LH,manufactured,,,False,21,0.00,0.00,0.00,0
6070,5182132,completed,0090-15721,01,"COMMON EQUIPMENT RACK, 42U",assembled,CRS,SM - Assy,True,1,5949.59,5949.59,5949.59,5
6070,5182132,completed,0090-15721,01,"COMMON EQUIPMENT RACK, 42U",assembled,CRS,SM - Assy,True,10,5949.59,59495.90,59495.90,11
6081,5207912,completed,512-030-102-105,B,,manufactured,,,False,10,0.00,0.00,0.00,0
6081,5207929,completed,512-030-102-103,B,,manufactured,,,False,10,0.00,0.00,0.00,0
6081,5207946,completed,512-030-102-101,B,,manufactured,,,False,10,0.00,0.00,0.00,0
6080,5204189,completed,204-00122,B,"BLACK FALCON AC KIT
MOUNT",manufactured,Aluminum 5052-H32,SM - Piece,True,5,128.00,640.00,640.00,30
6080,5204189,completed,204-00122,B,"BLACK FALCON AC KIT
MOUNT",manufactured,Aluminum 5052-H32,SM - Piece,True,600,26.64,15984.00,15984.00,30
6054,5202443,completed,0041-51602,04,"PANEL CONTROL MODULE MOUNT , OLYMPIA",manufactured,CRS,SM - Piece W/HDWE,True,1,554.00,554.00,1154.00,36
6054,5202443,completed,0041-51602,04,"PANEL CONTROL MODULE MOUNT , OLYMPIA",manufactured,CRS,SM - Piece W/HDWE,True,5,164.00,820.00,1420.00,36
6054,5202443,completed,0041-51602,04,"PANEL CONTROL MODULE MOUNT , OLYMPIA",manufactured,CRS,SM - Piece W/HDWE,True,10,124.00,1240.00,1840.00,36
6054,5190590,completed,0041-57966,04,"Safety Cover , ATM Actuator Top, LL A",manufactured,Aluminum 5052-H32,SM - Piece W/HDWE,True,1,561.00,561.00,1161.00,36
6054,5190590,completed,0041-57966,04,"Safety Cover , ATM Actuator Top, LL A",manufactured,Aluminum 5052-H32,SM - Piece W/HDWE,True,5,122.00,610.00,1210.00,36
6054,5190590,completed,0041-57966,04,"Safety Cover , ATM Actuator Top, LL A",manufactured,Aluminum 5052-H32,SM - Piece W/HDWE,True,10,66.50,665.00,1265.00,36
6054,5194988,completed,0041-57967,04,"Safety Cover , ATM Actuator, Top, LL B",manufactured,Aluminum 5052-H32,SM - Piece W/HDWE,True,1,577.00,577.00,1177.00,37
6054,5194988,completed,0041-57967,04,"Safety Cover , ATM Actuator, Top, LL B",manufactured,Aluminum 5052-H32,SM - Piece W/HDWE,True,5,127.00,635.00,1235.00,37
6054,5194988,completed,0041-57967,04,"Safety Cover , ATM Actuator, Top, LL B",manufactured,Aluminum 5052-H32,SM - Piece W/HDWE,True,10,70.70,707.00,1307.00,37
6054,5191435,completed,0041-59362,04,"Cover , Side2, LCF Harness , Producer",manufactured,Aluminum 5052-H32,SM - Piece W/HDWE,True,1,629.00,629.00,1229.00,36
6054,5191435,completed,0041-59362,04,"Cover , Side2, LCF Harness , Producer",manufactured,Aluminum 5052-H32,SM - Piece W/HDWE,True,5,140.00,700.00,1300.00,36
6054,5191435,completed,0041-59362,04,"Cover , Side2, LCF Harness , Producer",manufactured,Aluminum 5052-H32,SM - Piece W/HDWE,True,10,78.00,780.00,1380.00,36
6054,5192061,completed,0041-59679-01,03,,manufactured,Carbon Steel 1008,SM - Piece,False,1,557.00,557.00,1157.00,31
6054,5192061,completed,0041-59679-01,03,,manufactured,Carbon Steel 1008,SM - Piece,False,5,126.00,630.00,1230.00,32
6054,5192061,completed,0041-59679-01,03,,manufactured,Carbon Steel 1008,SM - Piece,False,10,72.20,722.00,1322.00,32
6054,5192366,completed,0041-60606,05,,manufactured,Aluminum 5052-H32,SM - Piece,False,1,646.00,646.00,1246.00,32
6054,5192366,completed,0041-60606,05,,manufactured,Aluminum 5052-H32,SM - Piece,False,5,171.00,855.00,1455.00,32
6054,5192366,completed,0041-60606,05,,manufactured,Aluminum 5052-H32,SM - Piece,False,10,112.00,1120.00,1720.00,33
6054,5174577,no_quote,0041-56744,ZZ,"BRACKET,POE SWITCH MOUNTING,OLYMPIA",assembled,,,False,1,0.00,0.00,0.00,0
6054,5174577,no_quote,0041-56744,ZZ,"BRACKET,POE SWITCH MOUNTING,OLYMPIA",assembled,,,False,5,0.00,0.00,0.00,0
6054,5174577,no_quote,0041-56744,ZZ,"BRACKET,POE SWITCH MOUNTING,OLYMPIA",assembled,,,False,10,0.00,0.00,0.00,0
6054,5192568,completed,0041-59771,05,"Enclosure Support Manifold, MF Olympia",manufactured,Carbon Steel 1008,SM - Piece W/HDWE,True,1,568.00,568.00,1168.00,31
6054,5192568,completed,0041-59771,05,"Enclosure Support Manifold, MF Olympia",manufactured,Carbon Steel 1008,SM - Piece W/HDWE,True,5,133.00,665.00,1265.00,31
6054,5192568,completed,0041-59771,05,"Enclosure Support Manifold, MF Olympia",manufactured,Carbon Steel 1008,SM - Piece W/HDWE,True,10,78.20,782.00,1382.00,31
6054,5192751,completed,0041-62640,02,"Weldment , FX Box Mounting, Olympia MDP DSM HVM",assembled,Carbon Steel 1008,SM - Assy,True,1,3480.00,3480.00,4080.00,35
6054,5192751,completed,0041-62640,02,"Weldment , FX Box Mounting, Olympia MDP DSM HVM",assembled,Carbon Steel 1008,SM - Assy,True,5,1110.00,5550.00,6150.00,36
6054,5192751,completed,0041-62640,02,"Weldment , FX Box Mounting, Olympia MDP DSM HVM",assembled,Carbon Steel 1008,SM - Assy,True,10,810.00,8100.00,8700.00,36
6054,5174580,completed,0041-53082,06,"WELDMENT, ELECTRONICS ENCLOSURE, OLYMPIA",assembled,Carbon Steel 1008,SM - Assy,True,1,2560.00,2560.00,3160.00,38
6054,5174580,completed,0041-53082,06,"WELDMENT, ELECTRONICS ENCLOSURE, OLYMPIA",assembled,Carbon Steel 1008,SM - Assy,True,5,1380.00,6900.00,7500.00,40
6054,5174580,completed,0041-53082,06,"WELDMENT, ELECTRONICS ENCLOSURE, OLYMPIA",assembled,Carbon Steel 1008,SM - Assy,True,10,1230.00,12300.00,12900.00,44
6083,5208057,completed,512-030-101-501,A,Seat Rail Assy - LHS,manufactured,,,False,2,0.00,0.00,0.00,0
6082,5207966,completed,512-030-430-259,-,SEAT ATTACH INSERT-LOWER,manufactured,Aluminum 7050-T7451,MS - Lathe,True,14,378.00,5292.00,7812.00,60
6066,5181549,completed,611T1437-01,31,"COVER, RAIL, 10 CHAMBER, COAXIAL XT ROBO",manufactured,Aluminum 5052-H32,SM - Piece,True,1,805.00,805.00,1405.00,30
6066,5181549,completed,611T1437-01,31,"COVER, RAIL, 10 CHAMBER, COAXIAL XT ROBO",manufactured,Aluminum 5052-H32,SM - Piece,True,2,467.00,934.00,1534.00,30
6066,5181549,completed,611T1437-01,31,"COVER, RAIL, 10 CHAMBER, COAXIAL XT ROBO",manufactured,Aluminum 5052-H32,SM - Piece,True,3,354.00,1062.00,1662.00,30
6066,5181549,completed,611T1437-01,31,"COVER, RAIL, 10 CHAMBER, COAXIAL XT ROBO",manufactured,Aluminum 5052-H32,SM - Piece,True,4,298.00,1192.00,1792.00,30
6066,5181550,completed,611T1440-01,-,COVER 12CHMBR W/UV MODL COAX XT RBT,manufactured,Aluminum 5052-H32,SM - Piece,True,1,886.00,886.00,1486.00,30
6066,5181550,completed,611T1440-01,-,COVER 12CHMBR W/UV MODL COAX XT RBT,manufactured,Aluminum 5052-H32,SM - Piece,True,2,528.00,1056.00,1656.00,30
6066,5181550,completed,611T1440-01,-,COVER 12CHMBR W/UV MODL COAX XT RBT,manufactured,Aluminum 5052-H32,SM - Piece,True,3,408.00,1224.00,1824.00,30
6066,5181550,completed,611T1440-01,-,COVER 12CHMBR W/UV MODL COAX XT RBT,manufactured,Aluminum 5052-H32,SM - Piece,True,4,349.00,1396.00,1996.00,31
6085,5208296,no_quote,512-015-019-101,-,EROSION SHIELD - MAIN ROTOR BLADE,manufactured,,,False,152,0.00,0.00,0.00,0
6084,5208263,completed,512-030-100-083,A,Track Pivot Assy,manufactured,Aluminum 7075-T7351,SM - Piece,True,2,1477.00,2954.00,4664.00,50
6073,5198316,completed,204-00118,A,,manufactured,Aluminum 5052-H32,SM - Piece W/HDWE,False,200,38.77,7754.00,7754.00,40
6073,5198650,completed,204-00119,A,MOUNTING PLATE,manufactured,Aluminum 5052-H32,SM - Piece,True,200,75.02,15004.00,15004.00,40
6071,5182215,completed,0041-10981,01,"PALLET, SIDE, PROD S SPLIT FRAME",manufactured,CRS,SM - Piece W/HDWE,True,1,709.00,709.00,1309.00,31
6071,5182215,completed,0041-10981,01,"PALLET, SIDE, PROD S SPLIT FRAME",manufactured,CRS,SM - Piece W/HDWE,True,5,207.00,1035.00,1635.00,31
6071,5182215,completed,0041-10981,01,"PALLET, SIDE, PROD S SPLIT FRAME",manufactured,CRS,SM - Piece W/HDWE,True,10,145.00,1450.00,2050.00,32
6087,5208589,completed,512-030-310-321,-,SHEAR TIE- PDP VERTICAL AC PWR KIT LH,manufactured,Aluminum 6013-T4,SM - Piece (combo),True,8,215.00,1720.00,2280.00,60
6087,5208561,completed,512-030-310-322,-,SHEAR TIE- PDP VERTICAL AC PWR KIT RH,manufactured,Aluminum 6013-T4,SM - Piece (combo),True,8,215.00,1720.00,1720.00,60
6093,5208032,completed,512-030-310-587,-,FUEL CLOSEOUT BRACKET,manufactured,Aluminum 6013-T4,SM - Piece (combo),True,2,842.00,1684.00,2254.00,50
6088,5208633,completed,512-030-300-365,B,BRACKET ASSY- PDP MOUNT AC PWR KIT,manufactured,,Aerospace Assembly,False,8,3202.00,25616.00,28396.00,70
6088,5208647,completed,512-030-300-367,B,SUPPORT ASSY- RCU AC PWR KIT,manufactured,Aluminum 7050-T7451,MS - Mill,True,8,2887.00,23096.00,28006.00,70
6090,5208379,completed,512-030-300-659,A,ENGINE DECK ASSY FWD,manufactured,,,False,15,0.00,0.00,0.00,0
6090,5208375,completed,512-030-600-459,B,ENGINE DECK ASSY AFT,manufactured,,,False,15,0.00,0.00,0.00,0
6097,5210017,no_quote,214-782-003-001,-,SUPPORT ASSY,manufactured,,,False,1,0.00,0.00,0.00,0
6097,5210017,no_quote,214-782-003-001,-,SUPPORT ASSY,manufactured,,,False,5,0.00,0.00,0.00,0
6097,5210017,no_quote,214-782-003-001,-,SUPPORT ASSY,manufactured,,,False,10,0.00,0.00,0.00,0
6094,5208466,completed,512-030-130-651,-,SHIM STRIKER PLATE HINGED DOOR LWR LH,manufactured,Stainless Steel 17-4,SM - Piece (combo),True,2,971.00,1942.00,2342.00,50
6094,5208505,completed,512-030-130-652,-,SHIM STRIKER PLATE HINGED DOOR LWR RH,manufactured,Stainless Steel 17-4,SM - Piece (combo),True,2,970.00,1940.00,2340.00,50
6096,5209304,completed,332D0924,,WEAR PAD SUPPORT PLATE,manufactured,Steel A572 GR50,SM - Piece,True,5000,14.11,70550.00,70980.00,73
6096,5209305,completed,332D0934,,WEAR PAD SUPPORT PLATE,manufactured,,,False,5000,0.00,0.00,0.00,0
6096,5274404,completed,332H8781,2,154MM X 90MM X 12MM PLATE WEAR PAD SUPPORT STEEL ZINC HEAVY TRIVALENT SEALER TY 5 PER STD00017,manufactured,,,False,5000,0.00,0.00,0.00,0
6096,5274403,completed,333F2009,2,154MM X 76MM X 15MM PLATE WEAR PAD SUPPORT STEELZINC HEAVY TRIVALENT SEALER TY 5 PER STD00017,manufactured,,,False,5000,0.00,0.00,0.00,0
6086,5208356,no_quote,512-012-018-201,-,FITTING ASSY TR DAMPER,manufactured,,,False,41,0.00,0.00,0.00,0
6102,5219425,completed,512-030-110-181,B,Cover,manufactured,Aluminum 6013-T4,SM - Piece (combo),True,19,171.00,3249.00,3989.00,50
6103,5219581,completed,512-034-710-223,-,TIP BOX COVER H-STAB,manufactured,Stainless Steel 301 1/4 Hard,SM - Piece (combo),True,54,201.00,10854.00,11504.00,50
6100,5211098,completed,449-005-011-101--LESS,A,"ASSY, FRAME LESS DECALS",manufactured,,,False,8,744.00,5952.00,5952.00,60
6099,5210967,completed,512-075-306-123,-,"CHASSIS ASSEMBLY, FWD RELAY PANEL 2",manufactured,Aluminum 6013-T4,SM - Assy,True,14,1727.00,24178.00,27558.00,70
6099,5210988,no_quote,512-030-301-127,-,"SUPPORT ASSY - BAGGAGE LINER, RH",manufactured,,,False,14,0.00,0.00,0.00,0
6108,5221760,completed,512-001-704-102,B,PEDAL ASSY RHS,manufactured,Aluminum 7050-T7451,MS - Mill,True,48,1854.00,88992.00,89722.00,70
6105,5220287,completed,512-030-401-275,-,GROUNDING STRAP ASSY,manufactured,Aluminum 6013-T4,SM - Piece (combo),True,21,241.00,5061.00,5711.00,50
6063,5270525,not_started,182W5322-9705,,"DISCRETE SHEAR TIE-RIB 2, UPPE",manufactured,,,False,274,0.00,0.00,0.00,0
6063,5270526,not_started,182W5322-9706,,"DISCRETE SHEAR TIE-RIB 2, UPPE",manufactured,,,False,274,0.00,0.00,0.00,0
6063,5270527,not_started,182W5322-9707,,"DISCRETE SHEAR TIE-RIB 2, LOWE",manufactured,,,False,274,0.00,0.00,0.00,0
6063,5270528,not_started,182W5322-9708,,"DISCRETE SHEAR TIE-RIB 2, LOWE",manufactured,,,False,274,0.00,0.00,0.00,0
6063,5270529,not_started,182W5823-701,,"SHEAR TIE, UPPER - RIB 3, HORI",manufactured,,,False,274,0.00,0.00,0.00,0
6063,5270530,not_started,182W5823-702,,"SHEAR TIE, UPPER - RIB 3, HORI",manufactured,,,False,274,0.00,0.00,0.00,0
6063,5270531,not_started,182W5823-703,,"SHEAR TIE, LOWER - RIB 3, HORI",manufactured,,,False,274,0.00,0.00,0.00,0
6063,5270532,not_started,182W5823-704,,"SHEAR TIE, LOWER - RIB 3, HORI",manufactured,,,False,274,0.00,0.00,0.00,0
6063,5270533,not_started,182W5825-701,,"SHEAR TIE, UPPER - RIB 5, HORI",manufactured,,,False,274,0.00,0.00,0.00,0
6063,5270534,not_started,182W5825-702,,"SHEAR TIE, UPPER - RIB 5, HORI",manufactured,,,False,274,0.00,0.00,0.00,0
6063,5270535,not_started,182W5825-703,,"SHEAR TIE, LOWER - RIB 5, HORI",manufactured,,,False,274,0.00,0.00,0.00,0
6063,5270536,not_started,182W5825-704,,"SHEAR TIE, LOWER - RIB 5, HORI",manufactured,,,False,274,0.00,0.00,0.00,0
6063,5270537,not_started,182W5826-701,,"SHEAR TIE, UPPER - RIB 6, HORI",manufactured,,,False,274,0.00,0.00,0.00,0
6063,5270538,not_started,182W5826-702,,"SHEAR TIE, UPPER - RIB 6, HORI",manufactured,,,False,274,0.00,0.00,0.00,0
6063,5270539,not_started,182W5826-703,,"SHEAR TIE, LOWER - RIB 6, HORI",manufactured,,,False,274,0.00,0.00,0.00,0
6063,5270540,not_started,182W5826-704,,"SHEAR TIE, LOWER - RIB 6, HORI",manufactured,,,False,274,0.00,0.00,0.00,0
6063,5270541,not_started,182W5828-701,,"SHEAR TIE, UPPER - RIB 8, HORI",manufactured,,,False,274,0.00,0.00,0.00,0
6063,5270542,not_started,182W5828-702,,"SHEAR TIE, UPPER - RIB 8, HORI",manufactured,,,False,274,0.00,0.00,0.00,0
6063,5270543,not_started,182W5828-703,,"SHEAR TIE, LOWER - RIB 8, HORI",manufactured,,,False,274,0.00,0.00,0.00,0
6063,5270544,not_started,182W5828-704,,"SHEAR TIE, LOWER - RIB 8, HORI",manufactured,,,False,274,0.00,0.00,0.00,0
6063,5270545,not_started,182W5829-701,,"SHEAR TIE, UPPER - RIB 9, HORI",manufactured,,,False,274,0.00,0.00,0.00,0
6063,5270546,not_started,182W5829-702,,"SHEAR TIE, UPPER - RIB 9, HORI",manufactured,,,False,274,0.00,0.00,0.00,0
6063,5270547,not_started,182W5829-703,,"SHEAR TIE, LOWER - RIB 9, HORI",manufactured,,,False,274,0.00,0.00,0.00,0
6063,5270548,not_started,182W5829-704,,"SHEAR TIE, LOWER - RIB 9, HORI",manufactured,,,False,274,0.00,0.00,0.00,0
6063,5270549,not_started,182W5838-703,,"SHEAR TIE, LOWER - RIB 18, HOR",manufactured,,,False,822,0.00,0.00,0.00,0
6063,5270550,not_started,182W5838-704,,"SHEAR TIE, LOWER - RIB 18, HOR",manufactured,,,False,822,0.00,0.00,0.00,0
6063,5270551,not_started,182W5838-705,,"SHEAR TIE, UPPER - RIB 18, HOR",manufactured,,,False,822,0.00,0.00,0.00,0
6063,5270552,not_started,182W5838-706,,"SHEAR TIE, UPPER - RIB 18, HOR",manufactured,,,False,822,0.00,0.00,0.00,0
6063,5270553,not_started,311W3740-3,,Link,manufactured,,,False,240,0.00,0.00,0.00,0
6063,5270554,not_started,403Z0100-1,,"SPLICE, SEAT TRACK",manufactured,,,False,1330,0.00,0.00,0.00,0
6063,5270555,not_started,403Z0100-3,,"SPLICE, SEAT TRACK",manufactured,,,False,38,0.00,0.00,0.00,0
6063,5270556,not_started,403Z0100-5,,"SPLICE, SEAT TRACK",manufactured,,,False,1292,0.00,0.00,0.00,0
6063,5270557,not_started,404Z1061-10,,"Fitting-Lwr Sill, STA609, Fwd,",manufactured,,,False,19,0.00,0.00,0.00,0
6063,5270558,not_started,404Z1061-101,,"FITTING-UPR SILL, STA585, KIT",manufactured,,,False,19,0.00,0.00,0.00,0
6063,5270559,not_started,404Z1061-102,,"FITTING-UPR SILL, STA585, KIT",manufactured,,,False,19,0.00,0.00,0.00,0
6063,5270560,not_started,404Z1061-7,,"Fitting-Lwr Sill, STA585, Kit",manufactured,,,False,19,0.00,0.00,0.00,0
6063,5270561,not_started,404Z1061-8,,"Fitting-Lwr Sill, STA585, Kit",manufactured,,,False,19,0.00,0.00,0.00,0
6063,5270562,not_started,404Z1061-9,,"Fitting-Lwr Sill, STA609, Fwd,",manufactured,,,False,19,0.00,0.00,0.00,0
6063,5270563,not_started,404Z2023-13,,SEC43-44-SPLICE_STRINGER END S,manufactured,,,False,38,0.00,0.00,0.00,0
6063,5270564,not_started,404Z2023-15,,SEC43-44-SPLICE_STRINGER END S,manufactured,,,False,38,0.00,0.00,0.00,0
6063,5270565,not_started,404Z2023-17,,SEC43-44-SPLICE_STRINGER END S,manufactured,,,False,76,0.00,0.00,0.00,0
6063,5270566,not_started,404Z2023-41,,STRINGER END SPLICE,manufactured,,,False,38,0.00,0.00,0.00,0
6063,5270567,not_started,404Z2023-43,,STRINGER END SPLICE,manufactured,,,False,38,0.00,0.00,0.00,0
6063,5270568,not_started,404Z2024-17,,Circumferential Splice Fitting,manufactured,,,False,76,0.00,0.00,0.00,0
6063,5270569,not_started,404Z2024-235,,TROUGH FITTING,manufactured,,,False,1292,0.00,0.00,0.00,0
6063,5270570,not_started,404Z2024-247,,TROUGH FITTING,manufactured,,,False,1292,0.00,0.00,0.00,0
6063,5270571,not_started,404Z2024-53,,Circumferential Splice Fitting,manufactured,,,False,19,0.00,0.00,0.00,0
6063,5270572,not_started,404Z2024-54,,Circumferential Splice Fitting,manufactured,,,False,19,0.00,0.00,0.00,0
6063,5270573,not_started,404Z2024-55,,Circumferential Splice Fitting,manufactured,,,False,19,0.00,0.00,0.00,0
6063,5270574,not_started,404Z2024-56,,Circumferential Splice Fitting,manufactured,,,False,19,0.00,0.00,0.00,0
6063,5270575,not_started,404Z2024-77,,CIRCUMFERENTIAL SPLICE FITTING,manufactured,,,False,19,0.00,0.00,0.00,0
6063,5270576,not_started,404Z2024-78,,CIRCUMFERENTIAL SPLICE FITTING,manufactured,,,False,19,0.00,0.00,0.00,0
6063,5270577,not_started,404Z2024-85,,CIRCUMFERENTIAL SPLICE FITTING,manufactured,,,False,19,0.00,0.00,0.00,0
6063,5270578,not_started,404Z2024-86,,CIRCUMFERENTIAL SPLICE FITTING,manufactured,,,False,19,0.00,0.00,0.00,0
6063,5270579,not_started,404Z2230-1,,FRAME SPLICE TEE,manufactured,,,False,19,0.00,0.00,0.00,0
6063,5270580,not_started,404Z2230-1003,,SPLICE TEE,manufactured,,,False,180,0.00,0.00,0.00,0
6063,5270581,not_started,404Z2230-1004,,SPLICE TEE,manufactured,,,False,180,0.00,0.00,0.00,0
6063,5270582,not_started,404Z2230-103,,SPLICE TEE,manufactured,,,False,466,0.00,0.00,0.00,0
6063,5270583,not_started,404Z2230-104,,SPLICE TEE,manufactured,,,False,466,0.00,0.00,0.00,0
6063,5270584,not_started,404Z2230-15,,SPLICE TEE,manufactured,,,False,19,0.00,0.00,0.00,0
6063,5270585,not_started,404Z2230-16,,SPLICE TEE,manufactured,,,False,19,0.00,0.00,0.00,0
6063,5270586,not_started,404Z2230-51,,FRAME SPLICE TEE,manufactured,,,False,466,0.00,0.00,0.00,0
6063,5270587,not_started,404Z2230-7051,,FRAME SPLICE TEE,manufactured,,,False,180,0.00,0.00,0.00,0
6063,5270588,not_started,404Z3230-207,,ANGLE_FILLER,manufactured,,,False,646,0.00,0.00,0.00,0
6063,5270589,not_started,404Z3230-208,,ANGLE_FILLER,manufactured,,,False,646,0.00,0.00,0.00,0
6063,5270590,not_started,404Z3230-5,,ANGLE_FILLER,manufactured,,,False,19,0.00,0.00,0.00,0
6063,5270591,not_started,404Z3230-6,,ANGLE_FILLER,manufactured,,,False,19,0.00,0.00,0.00,0
6063,5270592,not_started,404Z3351-205,,TEE_CLIP,manufactured,,,False,1079,0.00,0.00,0.00,0
6063,5270593,not_started,404Z3351-206,,TEE_CLIP,manufactured,,,False,1079,0.00,0.00,0.00,0
6063,5270594,not_started,404Z3351-401,,TEE CLIP,manufactured,,,False,19,0.00,0.00,0.00,0
6063,5270595,not_started,404Z3351-402,,TEE CLIP,manufactured,,,False,19,0.00,0.00,0.00,0
6063,5270596,not_started,404Z3352-207,,TEE_CLIP,manufactured,,,False,466,0.00,0.00,0.00,0
6063,5270597,not_started,404Z3352-208,,TEE_CLIP,manufactured,,,False,466,0.00,0.00,0.00,0
6063,5270598,not_started,404Z3352-307,,TEE_CLIP,manufactured,,,False,180,0.00,0.00,0.00,0
6063,5270599,not_started,404Z3352-308,,TEE_CLIP,manufactured,,,False,180,0.00,0.00,0.00,0
6063,5270600,not_started,404Z3352-403,,TEE CLIP,manufactured,,,False,19,0.00,0.00,0.00,0
6063,5270601,not_started,404Z3352-404,,TEE CLIP,manufactured,,,False,19,0.00,0.00,0.00,0
6063,5270602,not_started,404Z3353-205,,TEE_CLIP,manufactured,,,False,646,0.00,0.00,0.00,0
6063,5270603,not_started,404Z3353-206,,TEE_CLIP,manufactured,,,False,646,0.00,0.00,0.00,0
6063,5270604,not_started,404Z3353-401,,TEE CLIP,manufactured,,,False,19,0.00,0.00,0.00,0
6063,5270605,not_started,404Z3353-402,,TEE CLIP,manufactured,,,False,19,0.00,0.00,0.00,0
6063,5270606,not_started,404Z3354-205,,TEE_CLIP,manufactured,,,False,646,0.00,0.00,0.00,0
6063,5270607,not_started,404Z3354-206,,TEE_CLIP,manufactured,,,False,646,0.00,0.00,0.00,0
6063,5270608,not_started,404Z3354-401,,TEE CLIP,manufactured,,,False,19,0.00,0.00,0.00,0
6063,5270609,not_started,404Z3354-402,,TEE CLIP,manufactured,,,False,19,0.00,0.00,0.00,0
6063,5270610,not_started,404Z3355-205,,TEE_CLIP,manufactured,,,False,646,0.00,0.00,0.00,0
6063,5270611,not_started,404Z3355-206,,TEE_CLIP,manufactured,,,False,646,0.00,0.00,0.00,0
6063,5270612,not_started,404Z3355-401,,TEE CLIP,manufactured,,,False,19,0.00,0.00,0.00,0
6063,5270613,not_started,404Z3355-402,,TEE CLIP,manufactured,,,False,19,0.00,0.00,0.00,0
6063,5270614,not_started,404Z3356-207,,TEE_CLIP,manufactured,,,False,646,0.00,0.00,0.00,0
6063,5270615,not_started,404Z3356-208,,TEE_CLIP,manufactured,,,False,646,0.00,0.00,0.00,0
6063,5270616,not_started,404Z3356-403,,TEE CLIP,manufactured,,,False,19,0.00,0.00,0.00,0
6063,5270617,not_started,404Z3356-404,,TEE CLIP,manufactured,,,False,19,0.00,0.00,0.00,0
6063,5270618,not_started,404Z3357-205,,TEE_CLIP,manufactured,,,False,466,0.00,0.00,0.00,0
6063,5270619,not_started,404Z3357-206,,TEE_CLIP,manufactured,,,False,466,0.00,0.00,0.00,0
6063,5270620,not_started,404Z3357-305,,TEE_CLIP,manufactured,,,False,180,0.00,0.00,0.00,0
6063,5270621,not_started,404Z3357-306,,TEE_CLIP,manufactured,,,False,180,0.00,0.00,0.00,0
6063,5270622,not_started,404Z3357-401,,TEE CLIP,manufactured,,,False,19,0.00,0.00,0.00,0
6063,5270623,not_started,404Z3357-402,,TEE CLIP,manufactured,,,False,19,0.00,0.00,0.00,0
6063,5270624,not_started,404Z3358-209,,TEE_CLIP,manufactured,,,False,466,0.00,0.00,0.00,0
6063,5270625,not_started,404Z3358-210,,TEE_CLIP,manufactured,,,False,466,0.00,0.00,0.00,0
6063,5270626,not_started,404Z3358-309,,TEE_CLIP,manufactured,,,False,180,0.00,0.00,0.00,0
6063,5270627,not_started,404Z3358-310,,TEE_CLIP,manufactured,,,False,180,0.00,0.00,0.00,0
6063,5270628,not_started,404Z3358-405,,TEE CLIP,manufactured,,,False,19,0.00,0.00,0.00,0
6063,5270629,not_started,404Z3358-406,,TEE CLIP,manufactured,,,False,19,0.00,0.00,0.00,0
6063,5270630,not_started,404Z3359-205,,TEE_CLIP,manufactured,,,False,646,0.00,0.00,0.00,0
6063,5270631,not_started,404Z3359-206,,TEE_CLIP,manufactured,,,False,646,0.00,0.00,0.00,0
6063,5270632,not_started,404Z3359-401,,TEE CLIP,manufactured,,,False,19,0.00,0.00,0.00,0
6063,5270633,not_started,404Z3359-402,,TEE_CLIP,manufactured,,,False,19,0.00,0.00,0.00,0
6063,5270634,not_started,404Z4024-262,,CIRCUMFERENTIAL SPLICE FITTING,manufactured,,,False,646,0.00,0.00,0.00,0
6063,5270635,not_started,404Z4024-77,,CIRCUMFERENTIAL SPLICE FITTING,manufactured,,,False,76,0.00,0.00,0.00,0
6063,5270636,not_started,404Z4026-13,,SEC44-46-Circumferential Splic,manufactured,,,False,19,0.00,0.00,0.00,0
6063,5270637,not_started,404Z4026-16,,SEC44-46-Circumferential Splic,manufactured,,,False,19,0.00,0.00,0.00,0
6063,5270638,not_started,404Z4026-213,,CIRCUMFERENTIAL SPLICE FITTING,manufactured,,,False,466,0.00,0.00,0.00,0
6063,5270639,not_started,404Z4026-214,,CIRCUMFERENTIAL SPLICE FITTING,manufactured,,,False,466,0.00,0.00,0.00,0
6063,5270640,not_started,404Z4026-215,,CIRCUMFERENTIAL SPLICE FITTING,manufactured,,,False,466,0.00,0.00,0.00,0
6063,5270641,not_started,404Z4026-216,,CIRCUMFERENTIAL SPLICE FITTING,manufactured,,,False,466,0.00,0.00,0.00,0
6063,5270642,not_started,404Z4026-23,,Stringer Splice,manufactured,,,False,19,0.00,0.00,0.00,0
6063,5270643,not_started,404Z4026-24,,Stringer Splice,manufactured,,,False,19,0.00,0.00,0.00,0
6063,5270644,not_started,404Z4026-313,,CIRCUMFERENTIAL SPLICE FITTING,manufactured,,,False,180,0.00,0.00,0.00,0
6063,5270645,not_started,404Z4026-314,,CIRCUMFERENTIAL SPLICE FITTING,manufactured,,,False,180,0.00,0.00,0.00,0
6063,5270646,not_started,404Z4026-315,,CIRCUMFERENTIAL SPLICE FITTING,manufactured,,,False,180,0.00,0.00,0.00,0
6063,5270647,not_started,404Z4026-316,,CIRCUMFERENTIAL SPLICE FITTING,manufactured,,,False,180,0.00,0.00,0.00,0
6063,5270648,not_started,404Z4026-37,,Stringer splice,manufactured,,,False,19,0.00,0.00,0.00,0
6063,5270649,not_started,404Z4026-38,,Stringer splice,manufactured,,,False,19,0.00,0.00,0.00,0
6063,5270650,not_started,404Z4026-39,,Stringer splice,manufactured,,,False,19,0.00,0.00,0.00,0
6063,5270651,not_started,404Z4026-40,,Stringer Splice,manufactured,,,False,19,0.00,0.00,0.00,0
6063,5270652,not_started,404Z4230-103,,SPLICE TEE,manufactured,,,False,466,0.00,0.00,0.00,0
6063,5270653,not_started,404Z4230-104,,SPLICE TEE,manufactured,,,False,466,0.00,0.00,0.00,0
6063,5270654,not_started,404Z4230-51,,FRAME SPLICE,manufactured,,,False,466,0.00,0.00,0.00,0
6063,5270655,not_started,404Z4231-51,,FRAME SPLICE,manufactured,,,False,646,0.00,0.00,0.00,0
6063,5270656,not_started,404Z4231-53,,FRAME SPLICE,manufactured,,,False,1292,0.00,0.00,0.00,0
6063,5270657,not_started,404Z4343-103,,SPLICE STRAP,manufactured,,,False,2584,0.00,0.00,0.00,0
6063,5270658,not_started,404Z4343-13,,SPLICE STRAP,manufactured,,,False,76,0.00,0.00,0.00,0
6063,5270659,not_started,404Z4344-105,,SPLICE ANGLE,manufactured,,,False,1292,0.00,0.00,0.00,0
6063,5270660,not_started,404Z4344-106,,SPLICE ANGLE,manufactured,,,False,1292,0.00,0.00,0.00,0
6063,5270661,not_started,404Z4344-15,,SPLICE ANGLE,manufactured,,,False,38,0.00,0.00,0.00,0
6063,5270662,not_started,404Z4344-16,,SPLICE ANGLE,manufactured,,,False,38,0.00,0.00,0.00,0
6063,5270663,not_started,404Z5080-63,,CLIP,manufactured,,,False,19,0.00,0.00,0.00,0
6063,5270664,not_started,443Z0619-207,,STRINGER SEGMENT S19,manufactured,,,False,646,0.00,0.00,0.00,0
6063,5270665,not_started,443Z0619-208,,STRINGER SEGMENT S19,manufactured,,,False,646,0.00,0.00,0.00,0
6063,5270666,not_started,443Z0619-221,,STRINGER SEGMENT,manufactured,,,False,646,0.00,0.00,0.00,0
6063,5270667,not_started,443Z0619-222,,STRINGER SEGMENT,manufactured,,,False,646,0.00,0.00,0.00,0
6063,5270668,not_started,443Z0619-223,,STRINGER SEGMENT,manufactured,,,False,466,0.00,0.00,0.00,0
6063,5270669,not_started,443Z0619-224,,STRINGER SEGMENT,manufactured,,,False,466,0.00,0.00,0.00,0
6063,5270670,not_started,443Z0619-225,,STRINGER SEGMENT,manufactured,,,False,466,0.00,0.00,0.00,0
6063,5270671,not_started,443Z0619-226,,STRINGER SEGMENT,manufactured,,,False,466,0.00,0.00,0.00,0
6063,5270672,not_started,443Z0619-259,,STRINGER SEGMENT S19,manufactured,,,False,646,0.00,0.00,0.00,0
6063,5270673,not_started,443Z0619-260,,STRINGER SEGMENT S19,manufactured,,,False,646,0.00,0.00,0.00,0
6063,5270674,not_started,443Z0619-323,,STRINGER SEGMENT,manufactured,,,False,180,0.00,0.00,0.00,0
6063,5270675,not_started,443Z0619-324,,STRINGER SEGMENT,manufactured,,,False,180,0.00,0.00,0.00,0
6063,5270676,not_started,443Z0619-325,,STRINGER SEGMENT,manufactured,,,False,180,0.00,0.00,0.00,0
6063,5270677,not_started,443Z0619-326,,STRINGER SEGMENT,manufactured,,,False,180,0.00,0.00,0.00,0
6063,5270678,not_started,443Z0619-43,,STRINGER SEGMENT,manufactured,,,False,19,0.00,0.00,0.00,0
6063,5270679,not_started,443Z0619-44,,STRINGER SEGMENT,manufactured,,,False,19,0.00,0.00,0.00,0
6063,5270680,not_started,443Z0619-45,,STRINGER SEGMENT,manufactured,,,False,19,0.00,0.00,0.00,0
6063,5270681,not_started,443Z0619-46,,STRINGER SEGMENT,manufactured,,,False,19,0.00,0.00,0.00,0
6063,5270682,not_started,443Z0619-47,,STRINGER SEGMENT,manufactured,,,False,19,0.00,0.00,0.00,0
6063,5270683,not_started,443Z0619-48,,STRINGER SEGMENT,manufactured,,,False,19,0.00,0.00,0.00,0
6063,5270684,not_started,443Z0619-51,,STRINGER SEGMENT,manufactured,,,False,19,0.00,0.00,0.00,0
6063,5270685,not_started,443Z0619-52,,STRINGER SEGMENT,manufactured,,,False,19,0.00,0.00,0.00,0
6063,5270686,not_started,443Z0619-65,,STRINGER SEGMENT,manufactured,,,False,19,0.00,0.00,0.00,0
6063,5270687,not_started,443Z0619-66,,STRINGER SEGMENT,manufactured,,,False,19,0.00,0.00,0.00,0
6063,5270688,not_started,443Z0620-19,,Stringer Segment,manufactured,,,False,19,0.00,0.00,0.00,0
6063,5270689,not_started,443Z0620-20,,Stringer Segment,manufactured,,,False,19,0.00,0.00,0.00,0
6063,5270690,not_started,443Z0620-207,,STRINGER SEGMENT S20,manufactured,,,False,646,0.00,0.00,0.00,0
6063,5270691,not_started,443Z0620-208,,STRINGER SEGMENT S20,manufactured,,,False,646,0.00,0.00,0.00,0
6063,5270692,not_started,443Z0620-209,,STRINGER SEGMENT S20,manufactured,,,False,646,0.00,0.00,0.00,0
6063,5270693,not_started,443Z0620-210,,STRINGER SEGMENT S20,manufactured,,,False,646,0.00,0.00,0.00,0
6063,5270694,not_started,443Z0620-221,,STRINGER SEGMENT,manufactured,,,False,646,0.00,0.00,0.00,0
6063,5270695,not_started,443Z0620-222,,STRINGER SEGMENT,manufactured,,,False,646,0.00,0.00,0.00,0
6063,5270696,not_started,443Z0620-223,,STRINGER SEGMENT,manufactured,,,False,466,0.00,0.00,0.00,0
6063,5270697,not_started,443Z0620-224,,STRINGER SEGMENT,manufactured,,,False,466,0.00,0.00,0.00,0
6063,5270698,not_started,443Z0620-225,,STRINGER SEGMENT,manufactured,,,False,466,0.00,0.00,0.00,0
6063,5270699,not_started,443Z0620-226,,STRINGER SEGMENT,manufactured,,,False,466,0.00,0.00,0.00,0
6063,5270700,not_started,443Z0620-323,,STRINGER SEGMENT,manufactured,,,False,180,0.00,0.00,0.00,0
6063,5270701,not_started,443Z0620-324,,STRINGER SEGMENT,manufactured,,,False,180,0.00,0.00,0.00,0
6063,5270702,not_started,443Z0620-325,,STRINGER SEGMENT,manufactured,,,False,180,0.00,0.00,0.00,0
6063,5270703,not_started,443Z0620-326,,STRINGER SEGMENT,manufactured,,,False,180,0.00,0.00,0.00,0
6063,5270704,not_started,443Z0620-45,,STRINGER SEGMENT,manufactured,,,False,19,0.00,0.00,0.00,0
6063,5270705,not_started,443Z0620-46,,STRINGER SEGMENT,manufactured,,,False,19,0.00,0.00,0.00,0
6063,5270706,not_started,443Z0620-47,,STRINGER SEGMENT,manufactured,,,False,19,0.00,0.00,0.00,0
6063,5270707,not_started,443Z0620-48,,STRINGER SEGMENT,manufactured,,,False,19,0.00,0.00,0.00,0
6063,5270708,not_started,443Z0620-51,,STRINGER SEGMENT,manufactured,,,False,19,0.00,0.00,0.00,0
6063,5270709,not_started,443Z0620-52,,STRINGER SEGMENT,manufactured,,,False,19,0.00,0.00,0.00,0
6063,5270710,not_started,443Z0620-55,,STRINGER SEGMENT,manufactured,,,False,19,0.00,0.00,0.00,0
6063,5270711,not_started,443Z0620-56,,STRINGER SEGMENT,manufactured,,,False,19,0.00,0.00,0.00,0
6063,5270712,not_started,443Z0621-261,,STRINGER SEGMENT,manufactured,,,False,646,0.00,0.00,0.00,0
6063,5270713,not_started,443Z0621-262,,STRINGER SEGMENT,manufactured,,,False,646,0.00,0.00,0.00,0
6063,5270714,not_started,443Z0621-263,,STRINGER SEGMENT,manufactured,,,False,646,0.00,0.00,0.00,0
6063,5270715,not_started,443Z0621-264,,STRINGER SEGMENT,manufactured,,,False,646,0.00,0.00,0.00,0
6063,5270716,not_started,443Z0621-265,,STRINGER SEGMENT,manufactured,,,False,466,0.00,0.00,0.00,0
6063,5270717,not_started,443Z0621-266,,STRINGER SEGMENT,manufactured,,,False,466,0.00,0.00,0.00,0
6063,5270718,not_started,443Z0621-365,,STRINGER SEGMENT,manufactured,,,False,180,0.00,0.00,0.00,0
6063,5270719,not_started,443Z0621-366,,STRINGER SEGMENT,manufactured,,,False,180,0.00,0.00,0.00,0
6063,5270720,not_started,443Z0621-41,,STRINGER SEGMENT,manufactured,,,False,19,0.00,0.00,0.00,0
6063,5270721,not_started,443Z0621-42,,STRINGER SEGMENT,manufactured,,,False,19,0.00,0.00,0.00,0
6063,5270722,not_started,443Z0621-43,,STRINGER SEGMENT,manufactured,,,False,19,0.00,0.00,0.00,0
6063,5270723,not_started,443Z0621-44,,STRINGER SEGMENT,manufactured,,,False,19,0.00,0.00,0.00,0
6063,5270724,not_started,443Z0621-55,,STRINGER SEGMENT,manufactured,,,False,19,0.00,0.00,0.00,0
6063,5270725,not_started,443Z0621-56,,STRINGER SEGMENT,manufactured,,,False,19,0.00,0.00,0.00,0
6063,5270726,not_started,443Z0719-203,,STRINGER SEGMENT,manufactured,,,False,466,0.00,0.00,0.00,0
6063,5270727,not_started,443Z0719-204,,STRINGER SEGMENT,manufactured,,,False,466,0.00,0.00,0.00,0
6063,5270728,not_started,443Z0719-303,,STRINGER SEGMENT,manufactured,,,False,180,0.00,0.00,0.00,0
6063,5270729,not_started,443Z0719-304,,STRINGER SEGMENT,manufactured,,,False,180,0.00,0.00,0.00,0
6063,5270730,not_started,443Z0719-31,,STRINGER SEGMENT,manufactured,,,False,19,0.00,0.00,0.00,0
6063,5270731,not_started,443Z0719-32,,STRINGER SEGMENT,manufactured,,,False,19,0.00,0.00,0.00,0
6063,5270732,not_started,443Z0720-203,,STRINGER SEGMENT,manufactured,,,False,466,0.00,0.00,0.00,0
6063,5270733,not_started,443Z0720-204,,STRINGER SEGMENT,manufactured,,,False,466,0.00,0.00,0.00,0
6063,5270734,not_started,443Z0720-303,,STRINGER SEGMENT,manufactured,,,False,180,0.00,0.00,0.00,0
6063,5270735,not_started,443Z0720-304,,STRINGER SEGMENT,manufactured,,,False,180,0.00,0.00,0.00,0
6063,5270736,not_started,443Z0720-31,,STRINGER SEGMENT,manufactured,,,False,19,0.00,0.00,0.00,0
6063,5270737,not_started,443Z0720-32,,STRINGER SEGMENT,manufactured,,,False,19,0.00,0.00,0.00,0
6063,5270738,not_started,443Z0721-203,,STRINGER SEGMENT,manufactured,,,False,466,0.00,0.00,0.00,0
6063,5270739,not_started,443Z0721-204,,STRINGER SEGMENT,manufactured,,,False,466,0.00,0.00,0.00,0
6063,5270740,not_started,443Z0721-303,,STRINGER SEGMENT,manufactured,,,False,180,0.00,0.00,0.00,0
6063,5270741,not_started,443Z0721-304,,STRINGER SEGMENT,manufactured,,,False,180,0.00,0.00,0.00,0
6063,5270742,not_started,443Z0721-31,,STRINGER SEGMENT,manufactured,,,False,19,0.00,0.00,0.00,0
6063,5270743,not_started,443Z0721-32,,STRINGER SEGMENT,manufactured,,,False,19,0.00,0.00,0.00,0
6063,5270744,not_started,466Z5231-69,,MISC_HYD49LFT_BKT,manufactured,,,False,38,0.00,0.00,0.00,0
6063,5270745,not_started,658Z6991-1039,,HYD BRACKET CA,manufactured,,,False,646,0.00,0.00,0.00,0
6063,5270746,not_started,658Z6991-1437,,HYD49 BRACKET ASSY,manufactured,,,False,646,0.00,0.00,0.00,0
6063,5270747,not_started,182W5823-705,,"SHEAR TIE, LOWER - RIB 3, HORI",manufactured,,,False,274,0.00,0.00,0.00,0
6063,5270748,not_started,182W5823-706,,"SHEAR TIE, LOWER - RIB 3, HORI",manufactured,,,False,274,0.00,0.00,0.00,0
6063,5270749,not_started,182W5825-705,,"SHEAR TIE, UPPER - RIB 5, HORI",manufactured,,,False,274,0.00,0.00,0.00,0
6063,5270750,not_started,182W5825-706,,"SHEAR TIE, UPPER - RIB 5, HORI",manufactured,,,False,274,0.00,0.00,0.00,0
6063,5270751,not_started,182W5825-707,,"SHEAR TIE, LOWER - RIB 5, HORI",manufactured,,,False,274,0.00,0.00,0.00,0
6063,5270752,not_started,182W5825-708,,"SHEAR TIE, LOWER - RIB 5, HORI",manufactured,,,False,274,0.00,0.00,0.00,0
6063,5270753,not_started,182W5828-705,,"SHEAR TIE, UPPER - RIB 8, HORI",manufactured,,,False,274,0.00,0.00,0.00,0
6063,5270754,not_started,182W5828-706,,"SHEAR TIE, UPPER - RIB 8, HORI",manufactured,,,False,274,0.00,0.00,0.00,0
6063,5270755,not_started,182W5828-707,,"SHEAR TIE, LOWER - RIB 8, HORI",manufactured,,,False,274,0.00,0.00,0.00,0
6063,5270756,not_started,182W5828-708,,"SHEAR TIE, LOWER - RIB 8, HORI",manufactured,,,False,274,0.00,0.00,0.00,0
6106,5220599,completed,512-001-704-102,B,PEDAL ASSY RHS,assembled,Aluminum 7050-T7451,MS - Mill,True,48,1854.00,88992.00,89722.00,70
6110,5222151,completed,512-030-300-128,A,"CLIP ASSY, AVIONICS CLOSEOUT",manufactured,Aluminum 6013-T4,SM - Piece (combo),True,22,171.00,3762.00,4162.00,50
6095,5208940,completed,10700001,2,"COMPRESSOR, HP",manufactured,Aluminum 7075-T6,MS - Mill Turn,True,19,1220.00,23180.00,24620.00,70
6095,5208947,completed,10700002,b,"DIFFUSER, HP",manufactured,Aluminum 2024-T3,MS - Lathe,True,20,1650.05,33001.00,33001.00,70
6095,5208950,completed,10700038,2,"RING, SERVICE",manufactured,Aluminum 2024-T351,MS - Mill,True,17,307.57,5228.69,5228.69,60
6095,5208955,completed,10700003,3,"SHROUD, DIFFUSER - HP",manufactured,Aluminum 2024-T351,MS - Mill Turn,True,22,1271.00,27962.00,28682.00,60
6098,5210171,completed,901-005-680-121,E,CHASSIS ASSY-NAVELLE ICE PROTECTION,manufactured,,Aerospace Assembly,False,15,2729.00,40935.00,40935.00,80
6098,5210171,completed,901-005-680-121,E,CHASSIS ASSY-NAVELLE ICE PROTECTION,manufactured,,Aerospace Assembly,False,20,2682.00,53640.00,53640.00,80
6098,5210171,completed,901-005-680-121,E,CHASSIS ASSY-NAVELLE ICE PROTECTION,manufactured,,Aerospace Assembly,False,25,2676.00,66900.00,66900.00,80
6112,5222692,not_started,0011-04588,01,"ASSEMBLY, FRAME",manufactured,,,False,1,0.00,0.00,0.00,0
6112,5222692,not_started,0011-04588,01,"ASSEMBLY, FRAME",manufactured,,,False,5,0.00,0.00,0.00,0
6112,5222692,not_started,0011-04588,01,"ASSEMBLY, FRAME",manufactured,,,False,10,0.00,0.00,0.00,0
6112,5222692,not_started,0011-04588,01,"ASSEMBLY, FRAME",manufactured,,,False,25,0.00,0.00,0.00,0
6112,5222692,not_started,0011-04588,01,"ASSEMBLY, FRAME",manufactured,,,False,50,0.00,0.00,0.00,0
6114,5316374,completed,A0587332,03,"WELDED FRAME ASSY, ANNEAL MODULE",assembled,Stainless Steel 304L,SM - Assy,True,1,38600.00,38600.00,45800.00,70
6114,5316374,completed,A0587332,03,"WELDED FRAME ASSY, ANNEAL MODULE",assembled,Stainless Steel 304L,SM - Assy,True,2,27800.00,55600.00,62800.00,70
6114,5316374,completed,A0587332,03,"WELDED FRAME ASSY, ANNEAL MODULE",assembled,Stainless Steel 304L,SM - Assy,True,3,24500.00,73500.00,80700.00,37
6114,5316374,completed,A0587332,03,"WELDED FRAME ASSY, ANNEAL MODULE",assembled,Stainless Steel 304L,SM - Assy,True,4,22800.00,91200.00,98400.00,37
6114,5316374,completed,A0587332,03,"WELDED FRAME ASSY, ANNEAL MODULE",assembled,Stainless Steel 304L,SM - Assy,True,5,21400.00,107000.00,114200.00,70
6114,5316374,completed,A0587332,03,"WELDED FRAME ASSY, ANNEAL MODULE",assembled,Stainless Steel 304L,SM - Assy,True,6,20700.00,124200.00,131400.00,37
6114,5316374,completed,A0587332,03,"WELDED FRAME ASSY, ANNEAL MODULE",assembled,Stainless Steel 304L,SM - Assy,True,8,19900.00,159200.00,166400.00,37
6114,5316374,completed,A0587332,03,"WELDED FRAME ASSY, ANNEAL MODULE",assembled,Stainless Steel 304L,SM - Assy,True,10,19000.00,190000.00,197200.00,70
6186,5286643,completed,0021-22474,PA,BUS BAR XFMR SECONDARY 600A,manufactured,Copper 110,MS - Mill,True,1,889.00,889.00,1689.00,60
6186,5286643,completed,0021-22474,PA,BUS BAR XFMR SECONDARY 600A,manufactured,Copper 110,MS - Mill,True,5,199.00,995.00,1795.00,60
6186,5286643,completed,0021-22474,PA,BUS BAR XFMR SECONDARY 600A,manufactured,Copper 110,MS - Mill,True,10,113.00,1130.00,1930.00,60
6272,5361097,not_started,217A2551-521,-,ORIFICE ASSY,manufactured,,,False,3,0.00,0.00,0.00,0
6272,5361097,not_started,217A2551-521,-,ORIFICE ASSY,manufactured,,,False,10,0.00,0.00,0.00,0
6485,5622094,completed,449-030-237-109,A,SUPPORT ASSY,manufactured,Aluminum 7075,SM - Piece (combo),True,4,934.00,3736.00,3736.00,60
