quote_number,item_id,workflow_status,part_number,revision,description,type,material,process,is_fully_configured,quantity,unit_price,total_price,total_price_with_add_ons,lead_time
7008,6284602,no_quote,512-025-622-101,A,Temp Sensor Assy- Avionics Cooling,manufactured,,,False,38,0.00,0.00,0.00,0
7007,6284531,no_quote,427-240-118-101,-,SUPPORT,manufactured,,NQ - Not a Core Competency,False,1,0.00,0.00,0.00,5
7007,6284531,no_quote,427-240-118-101,-,SUPPORT,manufactured,,NQ - Not a Core Competency,False,5,0.00,0.00,0.00,5
7007,6284531,no_quote,427-240-118-101,-,SUPPORT,manufactured,,NQ - Not a Core Competency,False,10,0.00,0.00,0.00,5
7006,6277153,no_quote,341b25100pf1130-201,001,"SHAFT, ATTACH HOOK DRIVE",assembled,,NQ - Not a Core Competency,False,3,0.00,0.00,0.00,5
7003,6276554,no_quote,800549-1,C,"LUG, TERMINAL",manufactured,,,False,1,0.00,0.00,0.00,0
7003,6276554,no_quote,800549-1,C,"LUG, TERMINAL",manufactured,,,False,3,0.00,0.00,0.00,0
7003,6276554,no_quote,800549-1,C,"LUG, TERMINAL",manufactured,,,False,5,0.00,0.00,0.00,0
7003,6276554,no_quote,800549-1,C,"LUG, TERMINAL",manufactured,,,False,8,0.00,0.00,0.00,0
7003,6276554,no_quote,800549-1,C,"LUG, TERMINAL",manufactured,,,False,10,0.00,0.00,0.00,0
7003,6276554,no_quote,800549-1,C,"LUG, TERMINAL",manufactured,,,False,15,0.00,0.00,0.00,0
7003,6276561,no_quote,NV1021286-1,NC,"LUG, TERMINAL",manufactured,,,False,1,0.00,0.00,0.00,0
7003,6276561,no_quote,NV1021286-1,NC,"LUG, TERMINAL",manufactured,,,False,3,0.00,0.00,0.00,0
7003,6276561,no_quote,NV1021286-1,NC,"LUG, TERMINAL",manufactured,,,False,5,0.00,0.00,0.00,0
7003,6276561,no_quote,NV1021286-1,NC,"LUG, TERMINAL",manufactured,,,False,8,0.00,0.00,0.00,0
7003,6276561,no_quote,NV1021286-1,NC,"LUG, TERMINAL",manufactured,,,False,10,0.00,0.00,0.00,0
7003,6276561,no_quote,NV1021286-1,NC,"LUG, TERMINAL",manufactured,,,False,15,0.00,0.00,0.00,0
7002,6276411,completed,0021-26687,03,CHAMBER COOLING FITTING,manufactured,Aluminum 6061-T6,MS - Mill,True,1,821.00,821.00,1821.00,60
7002,6276411,completed,0021-26687,03,CHAMBER COOLING FITTING,manufactured,Aluminum 6061-T6,MS - Mill,True,5,194.00,970.00,1970.00,60
7002,6276411,completed,0021-26687,03,CHAMBER COOLING FITTING,manufactured,Aluminum 6061-T6,MS - Mill,True,10,115.00,1150.00,2150.00,60
7002,6276411,completed,0021-26687,03,CHAMBER COOLING FITTING,manufactured,Aluminum 6061-T6,MS - Mill,True,15,88.60,1329.00,2329.00,60
7011,6287538,not_started,180212-301,E,BEZEL,manufactured,,,False,1,0.00,0.00,0.00,0
7011,6287541,not_started,180212-302,F,"COVER, BACK",manufactured,,,False,1,0.00,0.00,0.00,0
7009,6284636,completed,512-030-431-067,-,RADIUS BLOCK LONGERON WL 22,manufactured,Aluminum 7050-T7451,SM - Piece,True,20,259.00,5180.00,5180.00,50
7009,6284636,completed,512-030-431-067,-,RADIUS BLOCK LONGERON WL 22,manufactured,Aluminum 7050-T7451,SM - Piece,True,40,153.00,6120.00,6120.00,50
7013,6287748,completed,1000-02126,D,"PLATE-LH, 300mm BOTTOM",manufactured,,,False,6,0.00,0.00,0.00,0
7013,6287749,completed,1000-02127,D,"PLATE-RH, QUAD FLEX BOTTOM",manufactured,,,False,6,0.00,0.00,0.00,0
7013,6287750,completed,1000-02128,D,"FFU MOUNTING PLATE, T4x IN-LINE FLEX",manufactured,,,False,6,0.00,0.00,0.00,0
7013,6287751,completed,1000-02150,D,"FFU MOUNTING PLATE, T4x IN-LINE FLEX",manufactured,,,False,6,0.00,0.00,0.00,0
7001,6276304,completed,0022-11479,04,"FLAG, EXTENDED HEATER, AVENTADOR",manufactured,Aluminum 6061-T6,MS - Mill,True,1,1030.00,1030.00,1830.00,64
7001,6276304,completed,0022-11479,04,"FLAG, EXTENDED HEATER, AVENTADOR",manufactured,Aluminum 6061-T6,MS - Mill,True,5,233.00,1165.00,1965.00,65
7001,6276304,completed,0022-11479,04,"FLAG, EXTENDED HEATER, AVENTADOR",manufactured,Aluminum 6061-T6,MS - Mill,True,10,134.00,1340.00,2140.00,65
7004,6276774,completed,0022-12714,03,"SUPPORT BRACKET, AMPOULE VALVE",manufactured,Stainless Steel 304L,MS - Mill,True,1,845.00,845.00,1645.00,54
7004,6276774,completed,0022-12714,03,"SUPPORT BRACKET, AMPOULE VALVE",manufactured,Stainless Steel 304L,MS - Mill,True,3,318.00,954.00,1754.00,55
7004,6276774,completed,0022-12714,03,"SUPPORT BRACKET, AMPOULE VALVE",manufactured,Stainless Steel 304L,MS - Mill,True,6,186.00,1116.00,1916.00,55
7004,6276774,completed,0022-12714,03,"SUPPORT BRACKET, AMPOULE VALVE",manufactured,Stainless Steel 304L,MS - Mill,True,9,142.00,1278.00,2078.00,55
7000,6276146,completed,0023-03862,02,"CLAMP,BLADE, INVERTED MOUNTING, EHP-CR R",manufactured,Aluminum 6061-T6,MS - Mill,True,1,1470.00,1470.00,2570.00,72
7000,6276146,completed,0023-03862,02,"CLAMP,BLADE, INVERTED MOUNTING, EHP-CR R",manufactured,Aluminum 6061-T6,MS - Mill,True,2,762.00,1524.00,2624.00,72
7000,6276146,completed,0023-03862,02,"CLAMP,BLADE, INVERTED MOUNTING, EHP-CR R",manufactured,Aluminum 6061-T6,MS - Mill,True,3,527.00,1581.00,2681.00,72
7000,6276146,completed,0023-03862,02,"CLAMP,BLADE, INVERTED MOUNTING, EHP-CR R",manufactured,Aluminum 6061-T6,MS - Mill,True,5,339.00,1695.00,2795.00,72
7000,6276146,completed,0023-03862,02,"CLAMP,BLADE, INVERTED MOUNTING, EHP-CR R",manufactured,Aluminum 6061-T6,MS - Mill,True,10,198.00,1980.00,3080.00,73
7017,6297749,completed,449-005-011-101--LESS,A,"ASSY, FRAME LESS DECALS",manufactured,,,False,1,2138.00,2138.00,2138.00,70
7017,6297749,completed,449-005-011-101--LESS,A,"ASSY, FRAME LESS DECALS",manufactured,,,False,5,908.00,4540.00,4540.00,70
7017,6297749,completed,449-005-011-101--LESS,A,"ASSY, FRAME LESS DECALS",manufactured,,,False,10,748.00,7480.00,7480.00,70
7017,6297749,completed,449-005-011-101--LESS,A,"ASSY, FRAME LESS DECALS",manufactured,,,False,25,677.00,16925.00,16925.00,70
7017,6297749,completed,449-005-011-101--LESS,A,"ASSY, FRAME LESS DECALS",manufactured,,,False,50,652.00,32600.00,32600.00,70
7017,6297749,completed,449-005-011-101--LESS,A,"ASSY, FRAME LESS DECALS",manufactured,,,False,75,643.00,48225.00,48225.00,70
7017,6297749,completed,449-005-011-101--LESS,A,"ASSY, FRAME LESS DECALS",manufactured,,,False,100,641.00,64100.00,64100.00,70
7016,6297524,no_quote,0021-19688,05,"CLAMP, UPPER ADAPTER SIP 300MM",manufactured,,NQ - Not a Core Competency,False,1,0.00,0.00,0.00,5
7016,6297524,no_quote,0021-19688,05,"CLAMP, UPPER ADAPTER SIP 300MM",manufactured,,NQ - Not a Core Competency,False,5,0.00,0.00,0.00,5
7016,6297524,no_quote,0021-19688,05,"CLAMP, UPPER ADAPTER SIP 300MM",manufactured,,NQ - Not a Core Competency,False,10,0.00,0.00,0.00,5
7020,6317656,no_quote,512-040-602-101,-,Liner Triplex Bearing Input MRGB,manufactured,,NQ - Not a Core Competency,False,7,0.00,0.00,0.00,5
7010,6285210,completed,180212-301,E,BEZEL,manufactured,Aluminum 6061-T6,MS - Mill,True,1,4410.00,4410.00,6470.00,70
7010,6285210,completed,180212-301,E,BEZEL,manufactured,Aluminum 6061-T6,MS - Mill,True,250,812.00,203000.00,205060.00,100
7010,6285210,completed,180212-301,E,BEZEL,manufactured,Aluminum 6061-T6,MS - Mill,True,500,807.00,403500.00,405560.00,200
7010,6285210,completed,180212-301,E,BEZEL,manufactured,Aluminum 6061-T6,MS - Mill,True,1000,803.00,803000.00,805060.00,400
7010,6286084,completed,180212-302,,,manufactured,Aluminum 6061-T6,MS - Mill,False,1,3640.00,3640.00,5180.00,70
7010,6286084,completed,180212-302,,,manufactured,Aluminum 6061-T6,MS - Mill,False,250,538.00,134500.00,136040.00,100
7010,6286084,completed,180212-302,,,manufactured,Aluminum 6061-T6,MS - Mill,False,500,534.00,267000.00,268540.00,200
7010,6286084,completed,180212-302,,,manufactured,Aluminum 6061-T6,MS - Mill,False,1000,531.00,531000.00,532540.00,400
7018,6297804,no_quote,0042-31164,04,"SHIELD, LOWER, GROUNDING/HEAT,VHT PVD, 2",assembled,,NQ - Not a Core Competency,False,1,0.00,0.00,0.00,5
7018,6297804,no_quote,0042-31164,04,"SHIELD, LOWER, GROUNDING/HEAT,VHT PVD, 2",assembled,,NQ - Not a Core Competency,False,3,0.00,0.00,0.00,5
7018,6297804,no_quote,0042-31164,04,"SHIELD, LOWER, GROUNDING/HEAT,VHT PVD, 2",assembled,,NQ - Not a Core Competency,False,5,0.00,0.00,0.00,5
7005,6329123,completed,0042-12372,02,"ENCLOSURE, PIB, MC PVD, HT ROTATING PED",assembled,Aluminum 6061-T6,MS  - Assy,True,1,5790.00,5790.00,9490.00,64
7005,6329123,completed,0042-12372,02,"ENCLOSURE, PIB, MC PVD, HT ROTATING PED",assembled,Aluminum 6061-T6,MS  - Assy,True,2,3570.00,7140.00,10840.00,64
7005,6329123,completed,0042-12372,02,"ENCLOSURE, PIB, MC PVD, HT ROTATING PED",assembled,Aluminum 6061-T6,MS  - Assy,True,3,2950.00,8850.00,12550.00,65
7005,6329123,completed,0042-12372,02,"ENCLOSURE, PIB, MC PVD, HT ROTATING PED",assembled,Aluminum 6061-T6,MS  - Assy,True,5,2460.00,12300.00,16000.00,66
7005,6329123,completed,0042-12372,02,"ENCLOSURE, PIB, MC PVD, HT ROTATING PED",assembled,Aluminum 6061-T6,MS  - Assy,True,10,2090.00,20900.00,24600.00,69
7005,6329123,completed,0042-12372,02,"ENCLOSURE, PIB, MC PVD, HT ROTATING PED",assembled,Aluminum 6061-T6,MS  - Assy,True,15,1960.00,29400.00,33100.00,72
7005,6329123,completed,0042-12372,02,"ENCLOSURE, PIB, MC PVD, HT ROTATING PED",assembled,Aluminum 6061-T6,MS  - Assy,True,25,1860.00,46500.00,50200.00,79
7019,6317694,completed,512-030-310-199,-,BRACKET ASSY SHUNT MOUNT,manufactured,Aluminum 6013-T4,SM - Piece (combo),True,20,174.00,3480.00,4720.00,70
7015,6297478,completed,0270-20226,01,"ADAPTOR,MODIFIED",assembled,Aluminum 6061-T6,SM - Assy,True,1,3080.00,3080.00,4080.00,60
7015,6297478,completed,0270-20226,01,"ADAPTOR,MODIFIED",assembled,Aluminum 6061-T6,SM - Assy,True,2,1790.00,3580.00,4580.00,60
7015,6297478,completed,0270-20226,01,"ADAPTOR,MODIFIED",assembled,Aluminum 6061-T6,SM - Assy,True,3,1360.00,4080.00,5080.00,60
7015,6297478,completed,0270-20226,01,"ADAPTOR,MODIFIED",assembled,Aluminum 6061-T6,SM - Assy,True,4,1150.00,4600.00,5600.00,60
7015,6297478,completed,0270-20226,01,"ADAPTOR,MODIFIED",assembled,Aluminum 6061-T6,SM - Assy,True,5,1020.00,5100.00,6100.00,60
7015,6297478,completed,0270-20226,01,"ADAPTOR,MODIFIED",assembled,Aluminum 6061-T6,SM - Assy,True,7,868.00,6076.00,7076.00,60
7015,6297478,completed,0270-20226,01,"ADAPTOR,MODIFIED",assembled,Aluminum 6061-T6,SM - Assy,True,10,757.00,7570.00,8570.00,60
7021,6317737,completed,512-034-700-319,-,STRAP ASSY BONDING - TAILBOOM,manufactured,Aluminum 1100,SM - Piece (combo),True,56,202.00,11312.00,16937.00,190
7022,6317983,completed,0040-80647,08,"PLATE, LEFT AC WALL (
ACD), REPACKAGED P5",manufactured,CRS,SM - Piece W/HDWE,True,50,59.34,2967.00,2967.00,37
7023,6318438,completed,038253,-,RACE OUTER,manufactured,Alloy Steel 52100,MS - Lathe,True,76,847.00,64372.00,66732.00,90
7024,6318493,completed,038255,-,"TUBE, BALANCE",manufactured,Aluminum 7075-T7351,MS - Lathe,True,76,246.00,18696.00,20826.00,66
7025,6318523,completed,038239,-,RACE INNER,manufactured,Stainless Steel 440C,MS - Lathe,True,60,414.00,24840.00,27580.00,95
7025,6318524,completed,038381,-,RACE NEEDLE,manufactured,Stainless Steel 440C,MS - Lathe,True,60,459.00,27540.00,30330.00,91
7027,6329299,completed,0015-19285,03,,manufactured,,Historical Part Requote,False,1,9.90,9.90,9.90,50
7012,6287224,completed,0011-10720,01,"ASSY, TOP COVER, SHUTTER SENSOR,BOX",assembled,CRS,SM - Assy,True,1,1460.00,1460.00,2960.00,50
7012,6287224,completed,0011-10720,01,"ASSY, TOP COVER, SHUTTER SENSOR,BOX",assembled,CRS,SM - Assy,True,10,209.00,2090.00,3590.00,50
7012,6287224,completed,0011-10720,01,"ASSY, TOP COVER, SHUTTER SENSOR,BOX",assembled,CRS,SM - Assy,True,100,83.95,8395.00,8395.00,50
7012,6287569,completed,0023-22387,02,"COVER ,LCD, SENSOR BOX, SHUTTER, 300MM P",manufactured,PC: LEXAN,SM - Piece,True,1,397.00,397.00,997.00,50
7012,6287569,completed,0023-22387,02,"COVER ,LCD, SENSOR BOX, SHUTTER, 300MM P",manufactured,PC: LEXAN,SM - Piece,True,10,47.10,471.00,1071.00,50
7012,6287569,completed,0023-22387,02,"COVER ,LCD, SENSOR BOX, SHUTTER, 300MM P",manufactured,PC: LEXAN,SM - Piece,True,100,12.17,1217.00,1217.00,50
7012,6287571,completed,0023-36597,01,"INSULATION PLATE, SHUTTER ASSEMBLY, 300M",manufactured,Duratron U1000 PEI - Black,SM - Piece,True,1,415.00,415.00,1015.00,50
7012,6287571,completed,0023-36597,01,"INSULATION PLATE, SHUTTER ASSEMBLY, 300M",manufactured,Duratron U1000 PEI - Black,SM - Piece,True,10,76.10,761.00,1361.00,50
7012,6287571,completed,0023-36597,01,"INSULATION PLATE, SHUTTER ASSEMBLY, 300M",manufactured,Duratron U1000 PEI - Black,SM - Piece,True,100,39.10,3910.00,3910.00,50
7012,6287574,completed,0023-36780,01,"COVER, SWITCH, SHUTTER SENSOR,BOX",manufactured,PC: LEXAN,SM - Piece,True,1,392.00,392.00,992.00,50
7012,6287574,completed,0023-36780,01,"COVER, SWITCH, SHUTTER SENSOR,BOX",manufactured,PC: LEXAN,SM - Piece,True,10,44.60,446.00,1046.00,50
7012,6287574,completed,0023-36780,01,"COVER, SWITCH, SHUTTER SENSOR,BOX",manufactured,PC: LEXAN,SM - Piece,True,100,9.92,992.00,992.00,50
7012,6288137,completed,0043-01876,01,"BASE PLATE, SENSOR BOX,
SHUTTER ASSEMBLY, 300
MM PVD",manufactured,Aluminum 6061-T6,MS - Mill,True,1,1760.00,1760.00,2560.00,50
7012,6288137,completed,0043-01876,01,"BASE PLATE, SENSOR BOX,
SHUTTER ASSEMBLY, 300
MM PVD",manufactured,Aluminum 6061-T6,MS - Mill,True,10,359.00,3590.00,4390.00,50
7012,6288137,completed,0043-01876,01,"BASE PLATE, SENSOR BOX,
SHUTTER ASSEMBLY, 300
MM PVD",manufactured,Aluminum 6061-T6,MS - Mill,True,100,227.00,22700.00,22700.00,50
7012,6288222,completed,0043-01881,01,"BOTTOM, EMTR PCB HOLDER, SENSOR BOX, 300",manufactured,Duratron U1000 PEI - Black,MS - Mill,True,1,1770.00,1770.00,2570.00,50
7012,6288222,completed,0043-01881,01,"BOTTOM, EMTR PCB HOLDER, SENSOR BOX, 300",manufactured,Duratron U1000 PEI - Black,MS - Mill,True,10,363.00,3630.00,4430.00,50
7012,6288222,completed,0043-01881,01,"BOTTOM, EMTR PCB HOLDER, SENSOR BOX, 300",manufactured,Duratron U1000 PEI - Black,MS - Mill,True,100,233.00,23300.00,23300.00,50
7012,6288244,completed,0043-01882,01,"TOP,SNR PCB HOLDER, SENSOR BOX, 300MM PV",manufactured,Duratron U1000 PEI - Black,MS - Mill,True,1,1820.00,1820.00,2620.00,50
7012,6288244,completed,0043-01882,01,"TOP,SNR PCB HOLDER, SENSOR BOX, 300MM PV",manufactured,Duratron U1000 PEI - Black,MS - Mill,True,10,346.00,3460.00,4260.00,50
7012,6288244,completed,0043-01882,01,"TOP,SNR PCB HOLDER, SENSOR BOX, 300MM PV",manufactured,Duratron U1000 PEI - Black,MS - Mill,True,100,209.00,20900.00,20900.00,50
7012,6288432,completed,0043-01913,01,"COVER BOTTOM, SENSOR BOX, SHUTTER ASSEMB",manufactured,CRS,SM - Piece,True,1,609.00,609.00,1209.00,50
7012,6288432,completed,0043-01913,01,"COVER BOTTOM, SENSOR BOX, SHUTTER ASSEMB",manufactured,CRS,SM - Piece,True,10,84.10,841.00,1441.00,50
7012,6288432,completed,0043-01913,01,"COVER BOTTOM, SENSOR BOX, SHUTTER ASSEMB",manufactured,CRS,SM - Piece,True,100,31.60,3160.00,3160.00,50
7012,6287797,completed,0043-02026,01,"COVER TOP, SENSOR BOX, SHUTTER ASSEMBLY,",manufactured,CRS,SM - Piece,True,1,685.00,685.00,1285.00,50
7012,6287797,completed,0043-02026,01,"COVER TOP, SENSOR BOX, SHUTTER ASSEMBLY,",manufactured,CRS,SM - Piece,True,10,95.30,953.00,1553.00,50
7012,6287797,completed,0043-02026,01,"COVER TOP, SENSOR BOX, SHUTTER ASSEMBLY,",manufactured,CRS,SM - Piece,True,100,36.29,3629.00,3629.00,50
7028,6329706,completed,5180307-99,D,COVER REAR,manufactured,Aluminum 6061-T6,MS - Mill,True,17,664.00,11288.00,11288.00,70
7028,6329706,completed,5180307-99,D,COVER REAR,manufactured,Aluminum 6061-T6,MS - Mill,True,19,651.00,12369.00,12369.00,70
7028,6329706,completed,5180307-99,D,COVER REAR,manufactured,Aluminum 6061-T6,MS - Mill,True,36,586.00,21096.00,21096.00,71
7028,6329707,completed,5180332-99,C,"BUS BAR, VP AND LP, CHASSIS",manufactured,Aluminum 6101-T61,MS - Mill,True,34,465.00,15810.00,16610.00,62
7028,6329707,completed,5180332-99,C,"BUS BAR, VP AND LP, CHASSIS",manufactured,Aluminum 6101-T61,MS - Mill,True,38,458.00,17404.00,18204.00,63
7028,6329707,completed,5180332-99,C,"BUS BAR, VP AND LP, CHASSIS",manufactured,Aluminum 6101-T61,MS - Mill,True,72,431.00,31032.00,31032.00,68
7032,6330553,no_quote,0023-36253,01,"PLASMA SCREEN, ONE PIECE, TOPAZ, PANEL, ETCH",manufactured,,NQ - Not a Core Competency,False,1,0.00,0.00,0.00,5
7032,6330553,no_quote,0023-36253,01,"PLASMA SCREEN, ONE PIECE, TOPAZ, PANEL, ETCH",manufactured,,NQ - Not a Core Competency,False,5,0.00,0.00,0.00,5
7029,6330017,no_quote,0015-00863,02,"DIAL, VERNIER MODIFICATION, 300MM E2 ICE",manufactured,,NQ - Not a Core Competency,False,1,0.00,0.00,0.00,5
7029,6330017,no_quote,0015-00863,02,"DIAL, VERNIER MODIFICATION, 300MM E2 ICE",manufactured,,NQ - Not a Core Competency,False,5,0.00,0.00,0.00,5
7029,6330017,no_quote,0015-00863,02,"DIAL, VERNIER MODIFICATION, 300MM E2 ICE",manufactured,,NQ - Not a Core Competency,False,10,0.00,0.00,0.00,5
7031,6330257,completed,6259638,E,PANEL HEATSINK ASSY,manufactured,Aluminum 6061-T6,MS - Mill,True,1,2360.00,2360.00,2360.00,59
7031,6330257,completed,6259638,E,PANEL HEATSINK ASSY,manufactured,Aluminum 6061-T6,MS - Mill,True,2,1460.00,2920.00,2920.00,59
7031,6330257,completed,6259638,E,PANEL HEATSINK ASSY,manufactured,Aluminum 6061-T6,MS - Mill,True,5,875.00,4375.00,4375.00,61
7031,6330257,completed,6259638,E,PANEL HEATSINK ASSY,manufactured,Aluminum 6061-T6,MS - Mill,True,7,772.00,5404.00,5404.00,62
7031,6330257,completed,6259638,E,PANEL HEATSINK ASSY,manufactured,Aluminum 6061-T6,MS - Mill,True,10,692.00,6920.00,6920.00,64
7031,6330257,completed,6259638,E,PANEL HEATSINK ASSY,manufactured,Aluminum 6061-T6,MS - Mill,True,15,633.00,9495.00,9495.00,66
7031,6330257,completed,6259638,E,PANEL HEATSINK ASSY,manufactured,Aluminum 6061-T6,MS - Mill,True,25,587.00,14675.00,14675.00,72
7031,6330257,completed,6259638,E,PANEL HEATSINK ASSY,manufactured,Aluminum 6061-T6,MS - Mill,True,50,553.00,27650.00,27650.00,85
7031,6330258,completed,6736795,A,GUARD,manufactured,Aluminum 5052-H32,SM - Piece,True,1,672.00,672.00,672.00,57
7031,6330258,completed,6736795,A,GUARD,manufactured,Aluminum 5052-H32,SM - Piece,True,2,344.00,688.00,688.00,57
7031,6330258,completed,6736795,A,GUARD,manufactured,Aluminum 5052-H32,SM - Piece,True,5,147.00,735.00,735.00,57
7031,6330258,completed,6736795,A,GUARD,manufactured,Aluminum 5052-H32,SM - Piece,True,7,109.00,763.00,763.00,57
7031,6330258,completed,6736795,A,GUARD,manufactured,Aluminum 5052-H32,SM - Piece,True,10,80.80,808.00,808.00,57
7031,6330258,completed,6736795,A,GUARD,manufactured,Aluminum 5052-H32,SM - Piece,True,15,58.87,883.05,883.05,57
7031,6330258,completed,6736795,A,GUARD,manufactured,Aluminum 5052-H32,SM - Piece,True,25,41.36,1034.00,1034.00,57
7031,6330258,completed,6736795,A,GUARD,manufactured,Aluminum 5052-H32,SM - Piece,True,50,28.22,1411.00,1411.00,58
7030,6332275,completed,0042-46810,04,,manufactured,Aluminum 6061-T6,MS - Lathe,False,1,674.00,674.00,1674.00,51
7030,6332275,completed,0042-46810,04,,manufactured,Aluminum 6061-T6,MS - Lathe,False,2,361.00,722.00,1722.00,51
7030,6332275,completed,0042-46810,04,,manufactured,Aluminum 6061-T6,MS - Lathe,False,3,257.00,771.00,1771.00,51
7030,6332275,completed,0042-46810,04,,manufactured,Aluminum 6061-T6,MS - Lathe,False,4,205.00,820.00,1820.00,51
7037,6331722,completed,901-005-856-101,B,"ASSY, CHASSIS",manufactured,,,False,1,3805.00,3805.00,3805.00,70
7037,6331722,completed,901-005-856-101,B,"ASSY, CHASSIS",manufactured,,,False,6,2067.00,12402.00,12402.00,70
7037,6331722,completed,901-005-856-101,B,"ASSY, CHASSIS",manufactured,,,False,10,1949.00,19490.00,19490.00,70
7034,6330953,completed,0020-60720,05,"PLATE CHAMBER
FORKLIFT CVD ENDURA2
300MM",manufactured,HRS,SM - Piece,True,1,576.00,576.00,576.00,28
7034,6330953,completed,0020-60720,05,"PLATE CHAMBER
FORKLIFT CVD ENDURA2
300MM",manufactured,HRS,SM - Piece,True,5,132.00,660.00,660.00,28
7034,6330953,completed,0020-60720,05,"PLATE CHAMBER
FORKLIFT CVD ENDURA2
300MM",manufactured,HRS,SM - Piece,True,10,76.20,762.00,762.00,28
7034,6330953,completed,0020-60720,05,"PLATE CHAMBER
FORKLIFT CVD ENDURA2
300MM",manufactured,HRS,SM - Piece,True,15,57.67,865.05,865.05,28
7034,6330953,completed,0020-60720,05,"PLATE CHAMBER
FORKLIFT CVD ENDURA2
300MM",manufactured,HRS,SM - Piece,True,20,48.40,968.00,968.00,28
7034,6330953,completed,0020-60720,05,"PLATE CHAMBER
FORKLIFT CVD ENDURA2
300MM",manufactured,HRS,SM - Piece,True,25,42.84,1071.00,1071.00,29
7034,6330953,completed,0020-60720,05,"PLATE CHAMBER
FORKLIFT CVD ENDURA2
300MM",manufactured,HRS,SM - Piece,True,30,39.17,1175.10,1175.10,29
7034,6330953,completed,0020-60720,05,"PLATE CHAMBER
FORKLIFT CVD ENDURA2
300MM",manufactured,HRS,SM - Piece,True,50,31.74,1587.00,1587.00,29
7026,6321618,completed,112A2901-1001,-,BUSHING ASSY,manufactured,,,False,6772,0.00,0.00,0.00,0
7026,6321619,completed,112A2901-5,-,BUSHING ASSY,manufactured,,,False,52,0.00,0.00,0.00,0
7026,6321620,completed,112A3253-1,-,BUSHING,manufactured,,,False,6824,0.00,0.00,0.00,0
7026,6321621,completed,112A7401-601,-,BUSHING - FLANGED,manufactured,,,False,27088,0.00,0.00,0.00,0
7026,6321622,completed,112A7401-602,-,BUSHING - FLANGED,manufactured,,,False,13544,0.00,0.00,0.00,0
7026,6322395,completed,112A7402-601,-,,manufactured,,,False,1,0.00,0.00,0.00,0
7026,6321624,completed,112T1032-6,-,BUSHINGS - DRAG BRACE SUPPORT,manufactured,,,False,354,0.00,0.00,0.00,0
7026,6321625,completed,112T1032-7,-,BUSHINGS - DRAG BRACE SUPT FTG,manufactured,,,False,354,0.00,0.00,0.00,0
7026,6321626,completed,112T1722-2,-,Pin,manufactured,,,False,354,0.00,0.00,0.00,0
7026,6321627,completed,112W7123-701,-,R2 AFT DRAG FITTING BUSHING,manufactured,,,False,906,0.00,0.00,0.00,0
7026,6321628,completed,112W7123-703,-,R3/R4 SL FTG BUSHING,manufactured,,,False,1812,0.00,0.00,0.00,0
7026,6321629,completed,112W7123-705,-,BUSHINGS - ENGINE STRUT SUPPOR,manufactured,,,False,2114,0.00,0.00,0.00,0
7026,6321630,completed,113A1240-9007,-,BUSHING,manufactured,,,False,13648,0.00,0.00,0.00,0
7026,6321631,completed,113T1001-3,-,ACTUATOR RING,manufactured,,,False,354,0.00,0.00,0.00,0
7026,6321632,completed,113T1145-8,-,Pin,manufactured,,,False,354,0.00,0.00,0.00,0
7026,6321633,completed,113T1262-1,-,NUT-SPECIAL,manufactured,,,False,354,0.00,0.00,0.00,0
7026,6321634,completed,113T1262-14,-,NUT-SPECIAL,manufactured,,,False,1062,0.00,0.00,0.00,0
7026,6321635,completed,113T1262-15,-,NUT-SPECIAL,manufactured,,,False,354,0.00,0.00,0.00,0
7026,6321636,completed,113T1262-17,-,NUT-SPECIAL,manufactured,,,False,354,0.00,0.00,0.00,0
7026,6321637,completed,113T1262-2,-,NUT-SPECIAL,manufactured,,,False,1434,0.00,0.00,0.00,0
7026,6321638,completed,113T1262-3,-,NUT-SPECIAL,manufactured,,,False,1416,0.00,0.00,0.00,0
7026,6321639,completed,113T1262-4,-,NUT-SPECIAL,manufactured,,,False,444,0.00,0.00,0.00,0
7026,6321640,completed,113T1262-5,-,NUT-SPECIAL,manufactured,,,False,708,0.00,0.00,0.00,0
7026,6321641,completed,113T1262-7,-,NUT-SPECIAL,manufactured,,,False,13648,0.00,0.00,0.00,0
7026,6321642,completed,113T1262-9,-,NUT-SPECIAL,manufactured,,,False,744,0.00,0.00,0.00,0
7026,6321643,completed,113T1264-30,B,PIN-INNER,manufactured,,,False,354,0.00,0.00,0.00,0
7026,6321644,completed,113T1311-1,A,NUT,manufactured,,,False,1062,0.00,0.00,0.00,0
7026,6321645,completed,113T1312-9002,A,BUSHING,manufactured,,,False,1416,0.00,0.00,0.00,0
7026,6321646,completed,113T1312-9003,A,BUSHING,manufactured,,,False,1416,0.00,0.00,0.00,0
7026,6321647,completed,113T1312-9013,A,BUSHING,manufactured,,,False,708,0.00,0.00,0.00,0
7026,6321648,completed,113T1347-160,-,Bushing,manufactured,,,False,1416,0.00,0.00,0.00,0
7026,6321649,completed,113T1347-161,-,Bushing,manufactured,,,False,1416,0.00,0.00,0.00,0
7026,6321650,completed,113T1347-9159,-,PRE-SIZED ENGINEERING BUSHING,manufactured,,,False,2832,0.00,0.00,0.00,0
7026,6321651,completed,113T8006-2,B,NUT,manufactured,,,False,354,0.00,0.00,0.00,0
7026,6321652,completed,114T3001-13,-,BOLT,manufactured,,,False,177,0.00,0.00,0.00,0
7026,6321653,completed,114T3001-14,-,BOLT,manufactured,,,False,177,0.00,0.00,0.00,0
7026,6321654,completed,114T4132-2,-,BUSHING,manufactured,,,False,7080,0.00,0.00,0.00,0
7026,6321655,completed,114T6409-1,-,SLEEVE,manufactured,,,False,182,0.00,0.00,0.00,0
7026,6321656,completed,115W1231-9001,A,"HANGER LINK BUSHING, PRESIZED",manufactured,,,False,2416,0.00,0.00,0.00,0
7026,6321657,completed,115W1231-9003,A,"HANGER LINK BUSHING, PRESIZED",manufactured,,,False,2416,0.00,0.00,0.00,0
7026,6321658,completed,115W1231-9005,,"HANGER LINK BUSHING, PRESIZED",manufactured,,,False,2416,0.00,0.00,0.00,0
7026,6321659,completed,138Z0020-15,,RETAINING NUT- SUPPORT 1 OUTBD,manufactured,,,False,1522,0.00,0.00,0.00,0
7026,6321660,completed,138Z0030-15,,INSTL BUSHING - SUPPORTS 1 & 8,manufactured,,,False,52,0.00,0.00,0.00,0
7026,6321661,completed,138Z0030-16,,INSTL BUSHING - SUPPORTS 2 & 7,manufactured,,,False,52,0.00,0.00,0.00,0
7026,6321662,completed,138Z0030-17,,Flap Support 3&6,manufactured,,,False,52,0.00,0.00,0.00,0
7026,6321663,completed,138Z0030-18,,INSTL BUSHING - SUPPORT 4 & 5,manufactured,,,False,52,0.00,0.00,0.00,0
7026,6321664,completed,138Z0030-504,,"INSTALLATION BUSHING, SUPPORT",manufactured,,,False,1470,0.00,0.00,0.00,0
7026,6321665,completed,141T6164-2,,PIVOT SLEEVE,manufactured,,,False,450,0.00,0.00,0.00,0
7026,6321666,completed,143T6688-1,,HINGE PIN,manufactured,,,False,354,0.00,0.00,0.00,0
7026,6321667,completed,143T6688-2,,HINGE PIN,manufactured,,,False,354,0.00,0.00,0.00,0
7026,6321668,completed,143T6688-3,,HINGE PIN,manufactured,,,False,1062,0.00,0.00,0.00,0
7026,6321669,completed,144A1513-2,,Washer,manufactured,,,False,4424,0.00,0.00,0.00,0
7026,6321670,completed,144A1612-11,,"BUSHING, STA 706",manufactured,,,False,4800,0.00,0.00,0.00,0
7026,6321671,completed,144A1612-12,,THREADED BUSHING,manufactured,,,False,2400,0.00,0.00,0.00,0
7026,6321672,completed,144A1612-4,,NUT,manufactured,,,False,4424,0.00,0.00,0.00,0
7026,6321673,completed,144A1612-5,,Bushing,manufactured,,,False,6824,0.00,0.00,0.00,0
7026,6321674,completed,144A1612-6,,Bushing,manufactured,,,False,6824,0.00,0.00,0.00,0
7026,6321675,completed,144A1612-7,,"BUSHING, STA 716.3",manufactured,,,False,13648,0.00,0.00,0.00,0
7026,6321676,completed,144A1612-8,,"BUSHING, STA 706",manufactured,,,False,8848,0.00,0.00,0.00,0
7026,6321677,completed,144A1612-9,,THREADED BUSHING,manufactured,,,False,4424,0.00,0.00,0.00,0
7026,6321678,completed,144A6638-1,,stop bolt,manufactured,,,False,27192,0.00,0.00,0.00,0
7026,6321679,completed,149T7222-1,,PIN,manufactured,,,False,1502,0.00,0.00,0.00,0
7026,6321680,completed,153Z6827-1,,FLAP-SPRT_BOLT-RTNR_ASSY,manufactured,,,False,4410,0.00,0.00,0.00,0
7026,6321681,completed,161T1196-1,,NUT-CLAMP,manufactured,,,False,354,0.00,0.00,0.00,0
7026,6321682,completed,161T2018-1,,NUT,manufactured,,,False,354,0.00,0.00,0.00,0
7026,6321683,completed,161T6021-1,,NUT,manufactured,,,False,354,0.00,0.00,0.00,0
7026,6321684,completed,161T6026-1,,NUT,manufactured,,,False,354,0.00,0.00,0.00,0
7026,6321685,completed,162T5004-1,,Pin,manufactured,,,False,177,0.00,0.00,0.00,0
7026,6321686,completed,180T0009-3,,Pin,manufactured,,,False,354,0.00,0.00,0.00,0
7026,6321687,completed,218T1104-3,,Bearing,manufactured,,,False,354,0.00,0.00,0.00,0
7026,6321688,completed,218T1104-4,,Varies,manufactured,,,False,354,0.00,0.00,0.00,0
7026,6321689,completed,251A1213-1,,Pin,manufactured,,,False,27296,0.00,0.00,0.00,0
7026,6321690,completed,251A3431-1,,Bolt,manufactured,,,False,6824,0.00,0.00,0.00,0
7026,6321691,completed,251A4675-1,,Plug Nut,manufactured,,,False,3412,0.00,0.00,0.00,0
7026,6321692,completed,251A4802-2,,BEARING SUPPORT,manufactured,,,False,3412,0.00,0.00,0.00,0
7026,6321693,completed,251A4803-1,,Bearing Support,manufactured,,,False,3412,0.00,0.00,0.00,0
7026,6321694,completed,251A4807-1,,Bushing,manufactured,,,False,13648,0.00,0.00,0.00,0
7026,6321695,completed,251A4813-9001,,"BUSHING - SECONDARY BRAKE, STA",manufactured,,,False,3412,0.00,0.00,0.00,0
7026,6321696,completed,251N1283-1,,Pin,manufactured,,,False,7178,0.00,0.00,0.00,0
7026,6321697,completed,251N4176-1,,HOUSING,manufactured,,,False,25585,0.00,0.00,0.00,0
7026,6321698,completed,251T2125-1,,BUSHING,manufactured,,,False,1416,0.00,0.00,0.00,0
7026,6321699,completed,251T2125-2,,BUSHING,manufactured,,,False,708,0.00,0.00,0.00,0
7026,6321700,completed,251T2227-1,,EYEBOLT,manufactured,,,False,354,0.00,0.00,0.00,0
7026,6321701,completed,251T3253-2,,EYEBOLT-FINE ADJUST,manufactured,,,False,354,0.00,0.00,0.00,0
7026,6321702,completed,251T3254-1,,NUT-FINE ADJUST,manufactured,,,False,354,0.00,0.00,0.00,0
7026,6321703,completed,251T3742-38,,BUSHING - FLANGED,manufactured,,,False,177,0.00,0.00,0.00,0
7026,6321704,completed,251T4331-1,,Bearing,manufactured,,,False,177,0.00,0.00,0.00,0
7026,6321705,completed,251T4335-1,,Bearing,manufactured,,,False,177,0.00,0.00,0.00,0
7026,6321706,completed,251T4338-1,,Sleeve,manufactured,,,False,354,0.00,0.00,0.00,0
7026,6321707,completed,251T4345-1,,Bearing,manufactured,,,False,708,0.00,0.00,0.00,0
7026,6321708,completed,251T4350-2,,Safety Nut Assy,manufactured,,,False,177,0.00,0.00,0.00,0
7026,6321709,completed,251T4364-1,,Pin Assy,manufactured,,,False,354,0.00,0.00,0.00,0
7026,6321710,completed,251T4381-1,,Pin,manufactured,,,False,1416,0.00,0.00,0.00,0
7026,6321711,completed,252T1151-3,,Pin,manufactured,,,False,708,0.00,0.00,0.00,0
7026,6321712,completed,252T1153-2,,BUSHING,manufactured,,,False,2832,0.00,0.00,0.00,0
7026,6321713,completed,252T3112-1,,BUSHING ASSEMBLY,manufactured,,,False,531,0.00,0.00,0.00,0
7026,6321714,completed,253W1911-9003A,,"RETAINER, 777X",manufactured,,,False,604,0.00,0.00,0.00,0
7026,6321715,completed,253W2125-1,,SLEEVE,manufactured,,,False,622,0.00,0.00,0.00,0
7026,6321716,completed,253W2125-2,,SLEEVE,manufactured,,,False,622,0.00,0.00,0.00,0
7026,6321717,completed,253W2125-3,,SLEEVE,manufactured,,,False,622,0.00,0.00,0.00,0
7026,6321718,completed,254A1143-1,,Nut,manufactured,,,False,10210,0.00,0.00,0.00,0
7026,6321719,completed,254A1228-1,,NUT,manufactured,,,False,3412,0.00,0.00,0.00,0
7026,6321720,completed,254N1155-1,,SEAL NUT,manufactured,,,False,7024,0.00,0.00,0.00,0
7026,6321721,completed,256A3144-2,,BEARING RACE,manufactured,,,False,25585,0.00,0.00,0.00,0
7026,6321722,completed,256A3149-2,,PIN-HYPOID PINION,manufactured,,,False,51201,0.00,0.00,0.00,0
7026,6321723,completed,256T1118-1,,CROSS PINS-UNIVERSAL,manufactured,,,False,1062,0.00,0.00,0.00,0
7026,6321724,completed,256T1118-3,,CROSS PINS-UNIVERSAL,manufactured,,,False,2124,0.00,0.00,0.00,0
7026,6321725,completed,256W3054-1,,Dowel Pin,manufactured,,,False,3430,0.00,0.00,0.00,0
7026,6321726,completed,257T3105-13,,Bushing,manufactured,,,False,354,0.00,0.00,0.00,0
7026,6321727,completed,257T3415-1,,SLEEVE,manufactured,,,False,177,0.00,0.00,0.00,0
7026,6321728,completed,257T3415-2,,SLEEVE,manufactured,,,False,177,0.00,0.00,0.00,0
7026,6321729,completed,293W2522-2,,PIN,manufactured,,,False,1244,0.00,0.00,0.00,0
7026,6321730,completed,302T0200-2,,BUSHING FLANGED,manufactured,,,False,728,0.00,0.00,0.00,0
7026,6321731,completed,310T3150-2,,Pin,manufactured,,,False,182,0.00,0.00,0.00,0
7026,6321732,completed,311T2095-1,,Pin,manufactured,,,False,354,0.00,0.00,0.00,0
7026,6321733,completed,311T2741-3,,ECCENTRIC BUSHING,manufactured,,,False,1416,0.00,0.00,0.00,0
7026,6321734,completed,312T3254-3,,"BUSHING, FLANGED",manufactured,,,False,354,0.00,0.00,0.00,0
7026,6321735,completed,315W2020-1,,BUSHING - CROSSTIE,manufactured,,,False,1208,0.00,0.00,0.00,0
7026,6321736,completed,315W2020-2,,BUSHING - CROSSTIE,manufactured,,,False,1208,0.00,0.00,0.00,0
7026,6321737,completed,322U2337-20,,SUPPORT LINK,manufactured,,,False,182,0.00,0.00,0.00,0
7026,6321738,completed,3-85290-2,,NUT,manufactured,,,False,6824,0.00,0.00,0.00,0
7026,6321739,completed,3-85291,,NUT,manufactured,,,False,6824,0.00,0.00,0.00,0
7026,6321740,completed,457T2321-1,,PIN,manufactured,,,False,455,0.00,0.00,0.00,0
7026,6321741,completed,464Z5594-203,,VERTICAL BUSHING,manufactured,,,False,2108,0.00,0.00,0.00,0
7026,6321742,completed,464Z5595-205,,FUSE PIN,manufactured,,,False,1054,0.00,0.00,0.00,0
7026,6321743,completed,464Z5595-209,,FUSE PIN,manufactured,,,False,1054,0.00,0.00,0.00,0
7026,6321744,completed,464Z5595-211,,FUSE PIN NUT,manufactured,,,False,2108,0.00,0.00,0.00,0
7026,6321745,completed,464Z5595-221,,FUSE PIN NUT,manufactured,,,False,832,0.00,0.00,0.00,0
7026,6321746,completed,464Z5595-227,,FUSE PIN,manufactured,,,False,416,0.00,0.00,0.00,0
7026,6321747,completed,464Z5595-229,,FUSE PIN,manufactured,,,False,416,0.00,0.00,0.00,0
7026,6321748,completed,60-3114,,Nut,manufactured,,,False,3412,0.00,0.00,0.00,0
7026,6321749,completed,60-5747-2,,"NUT-BEARING RETAINER, CONTROL",manufactured,,,False,6824,0.00,0.00,0.00,0
7026,6321750,completed,63-1440-1,,SPECIAL RIVET CONTROL REVERSE,manufactured,,,False,6824,0.00,0.00,0.00,0
7026,6321751,completed,65-49966-1,,Pin Assy,manufactured,,,False,6824,0.00,0.00,0.00,0
7026,6321752,completed,65B19247-1,,NUT,manufactured,,,False,354,0.00,0.00,0.00,0
7026,6321753,completed,66-11520,,RIVET,manufactured,,,False,6824,0.00,0.00,0.00,0
7026,6321754,completed,66-19334-1,,Lock Nut,manufactured,,,False,3412,0.00,0.00,0.00,0
7026,6321755,completed,66-25938-9002,,BUSHING,manufactured,,,False,6824,0.00,0.00,0.00,0
7026,6321756,completed,69-27229-27,,BOLT ASSY - ELEVATOR CONTROLS,manufactured,,,False,6772,0.00,0.00,0.00,0
7026,6321757,completed,69-35643-1,,Bolt,manufactured,,,False,6824,0.00,0.00,0.00,0
7026,6321758,completed,69-35643-2,,Bolt,manufactured,,,False,6824,0.00,0.00,0.00,0
7026,6321759,completed,69-38187-2,,Sleeve,manufactured,,,False,3412,0.00,0.00,0.00,0
7026,6321760,completed,69-38919-20,,SLEEVE,manufactured,,,False,1244,0.00,0.00,0.00,0
7026,6321761,completed,69-41894-2,,Bushing,manufactured,,,False,634,0.00,0.00,0.00,0
7026,6321762,completed,69-44683-2,,Bolt,manufactured,,,False,52,0.00,0.00,0.00,0
7026,6321763,completed,69-44683-3,,BOLT ASSEMBLY-ELEVATOR PUSH RO,manufactured,,,False,13544,0.00,0.00,0.00,0
7026,6321764,completed,69-46229-1,,LATCH PIN,manufactured,,,False,317,0.00,0.00,0.00,0
7026,6321765,completed,69-67128-1,,Nut,manufactured,,,False,10236,0.00,0.00,0.00,0
7026,6321766,completed,69-69983-2,,BEARING,manufactured,,,False,13648,0.00,0.00,0.00,0
7026,6321767,completed,69-73200-1,,BUSHING-,manufactured,,,False,3412,0.00,0.00,0.00,0
7026,6321768,completed,69-73221-2,,BUSHING,manufactured,,,False,3412,0.00,0.00,0.00,0
7026,6321769,completed,69-76353-1,,BUSHING,manufactured,,,False,3412,0.00,0.00,0.00,0
7026,6321770,completed,69-76358-1,,NUT,manufactured,,,False,3412,0.00,0.00,0.00,0
7026,6321771,completed,69-76375-2,,SP BOLT,manufactured,,,False,3412,0.00,0.00,0.00,0
7026,6321772,completed,69-76382-2,,Bolt,manufactured,,,False,3412,0.00,0.00,0.00,0
7026,6321773,completed,69B12267-3,,Bolt,manufactured,,,False,4248,0.00,0.00,0.00,0
7026,6321774,completed,69B81931-1,,NUTPLATE,manufactured,,,False,1625,0.00,0.00,0.00,0
7026,6321775,completed,69B97200-3,,INDEX PIN,manufactured,,,False,182,0.00,0.00,0.00,0
7035,6331087,completed,0020-11625,02,"SCREW , PIVOT, BARRIER SLIT VALVE",manufactured,Nitronic 60,MS - Mill Turn,True,1,1470.00,1470.00,2270.00,60
7035,6331087,completed,0020-11625,02,"SCREW , PIVOT, BARRIER SLIT VALVE",manufactured,Nitronic 60,MS - Mill Turn,True,5,339.00,1695.00,2495.00,60
7035,6331087,completed,0020-11625,02,"SCREW , PIVOT, BARRIER SLIT VALVE",manufactured,Nitronic 60,MS - Mill Turn,True,10,199.00,1990.00,2790.00,60
7035,6331087,completed,0020-11625,02,"SCREW , PIVOT, BARRIER SLIT VALVE",manufactured,Nitronic 60,MS - Mill Turn,True,15,152.00,2280.00,3080.00,60
7035,6331087,completed,0020-11625,02,"SCREW , PIVOT, BARRIER SLIT VALVE",manufactured,Nitronic 60,MS - Mill Turn,True,25,115.00,2875.00,3675.00,60
7035,6331268,completed,0040-00889,02,PIVOT SLIT VALVE,manufactured,Stainless Steel 316L,MS - Mill Turn,True,1,1840.00,1840.00,2940.00,60
7035,6331268,completed,0040-00889,02,PIVOT SLIT VALVE,manufactured,Stainless Steel 316L,MS - Mill Turn,True,5,457.00,2285.00,3385.00,60
7035,6331268,completed,0040-00889,02,PIVOT SLIT VALVE,manufactured,Stainless Steel 316L,MS - Mill Turn,True,10,284.00,2840.00,3940.00,60
7035,6331268,completed,0040-00889,02,PIVOT SLIT VALVE,manufactured,Stainless Steel 316L,MS - Mill Turn,True,15,226.00,3390.00,4490.00,60
7035,6331268,completed,0040-00889,02,PIVOT SLIT VALVE,manufactured,Stainless Steel 316L,MS - Mill Turn,True,25,182.00,4550.00,5650.00,60
7038,6331813,completed,901-075-669-101,A,"COVER PLATE, WIRING INTEGRATION, LH NAC",manufactured,Aluminum 6013-T4,SM - Piece (combo),True,1,1231.00,1231.00,1231.00,60
7038,6331813,completed,901-075-669-101,A,"COVER PLATE, WIRING INTEGRATION, LH NAC",manufactured,Aluminum 6013-T4,SM - Piece (combo),True,10,201.00,2010.00,2010.00,60
7038,6331813,completed,901-075-669-101,A,"COVER PLATE, WIRING INTEGRATION, LH NAC",manufactured,Aluminum 6013-T4,SM - Piece (combo),True,24,126.00,3024.00,3024.00,60
7038,6331813,completed,901-075-669-101,A,"COVER PLATE, WIRING INTEGRATION, LH NAC",manufactured,Aluminum 6013-T4,SM - Piece (combo),True,50,83.60,4180.00,4180.00,60
7038,6331834,completed,901-075-670-103,C,COVER PLATE ASSY,manufactured,,,False,1,3286.00,3286.00,3286.00,70
7038,6331834,completed,901-075-670-103,C,COVER PLATE ASSY,manufactured,,,False,10,1211.00,12110.00,12110.00,70
7038,6331834,completed,901-075-670-103,C,COVER PLATE ASSY,manufactured,,,False,24,1143.00,27432.00,27432.00,70
7038,6331834,completed,901-075-670-103,C,COVER PLATE ASSY,manufactured,,,False,50,1049.00,52450.00,52450.00,70
7038,6331850,completed,901-375-659-101,A,"CHASSIS ASSY, WIRING INTEGRATION, LH NAC",manufactured,,,False,1,6062.00,6062.00,6062.00,70
7038,6331850,completed,901-375-659-101,A,"CHASSIS ASSY, WIRING INTEGRATION, LH NAC",manufactured,,,False,10,1572.00,15720.00,15720.00,70
7038,6331850,completed,901-375-659-101,A,"CHASSIS ASSY, WIRING INTEGRATION, LH NAC",manufactured,,,False,24,1186.00,28464.00,28464.00,70
7038,6331850,completed,901-375-659-101,A,"CHASSIS ASSY, WIRING INTEGRATION, LH NAC",manufactured,,,False,50,1032.00,51600.00,51600.00,70
7033,6330598,completed,0042-80799,02,"BASE, PAN MEGASONIC 200 MM",assembled,Aluminum 6061-T6,MS  - Assy,True,1,9800.00,9800.00,11200.00,61
7033,6330598,completed,0042-80799,02,"BASE, PAN MEGASONIC 200 MM",assembled,Aluminum 6061-T6,MS  - Assy,True,5,3890.00,19450.00,20850.00,63
7033,6330598,completed,0042-80799,02,"BASE, PAN MEGASONIC 200 MM",assembled,Aluminum 6061-T6,MS  - Assy,True,10,3150.00,31500.00,32900.00,65
7036,6368638,completed,0043-02489,01,,manufactured,CRS,SM - Piece W/HDWE,False,1,727.00,727.00,1327.00,59
7036,6368638,completed,0043-02489,01,,manufactured,CRS,SM - Piece W/HDWE,False,5,227.00,1135.00,1735.00,59
7036,6368638,completed,0043-02489,01,,manufactured,CRS,SM - Piece W/HDWE,False,10,165.00,1650.00,2250.00,59
7014,6292619,completed,E170080810,A,"FOOT,SEISMIC",manufactured,CRS,MS - Mill,True,1,2270.00,2270.00,3070.00,54
7014,6292619,completed,E170080810,A,"FOOT,SEISMIC",manufactured,CRS,MS - Mill,True,10,759.00,7590.00,8390.00,57
7014,6292619,completed,E170080810,A,"FOOT,SEISMIC",manufactured,CRS,MS - Mill,True,32,644.00,20608.00,21408.00,67
7014,6292619,completed,E170080810,A,"FOOT,SEISMIC",manufactured,CRS,MS - Mill,True,318,602.00,191436.00,191436.00,189
7014,6292640,completed,E17783130,A,"FEEDTHRU, PFG, FEMALE, CONN D",assembled,,MS  - Assy,False,1,2830.00,2830.00,4230.00,43
7014,6292640,completed,E17783130,A,"FEEDTHRU, PFG, FEMALE, CONN D",assembled,,MS  - Assy,False,63,248.00,15624.00,15624.00,46
7014,6292640,completed,E17783130,A,"FEEDTHRU, PFG, FEMALE, CONN D",assembled,,MS  - Assy,False,624,203.00,126672.00,126672.00,73
7014,6292642,completed,E170013630,A,"BRAZEMENT,SHIPPING CONTAINER,COOLED
SRC",assembled,Aluminum 6061-T6,MS  - Assy,True,1,4140.00,4140.00,6140.00,48
7014,6292642,completed,E170013630,A,"BRAZEMENT,SHIPPING CONTAINER,COOLED
SRC",assembled,Aluminum 6061-T6,MS  - Assy,True,144,885.00,127440.00,127440.00,80
7014,6292645,completed,E17783110,A,,assembled,,MS  - Assy,False,1,2490.00,2490.00,3890.00,43
7014,6292645,completed,E17783110,A,,assembled,,MS  - Assy,False,33,246.00,8118.00,9518.00,45
7014,6292645,completed,E17783110,A,,assembled,,MS  - Assy,False,326,191.00,62266.00,62266.00,59
7014,6292770,completed,E17783120,A,,assembled,,MS  - Assy,False,1,2640.00,2640.00,4040.00,43
7014,6292770,completed,E17783120,A,,assembled,,MS  - Assy,False,33,252.00,8316.00,9716.00,45
7014,6292770,completed,E17783120,A,,assembled,,MS  - Assy,False,326,193.00,62918.00,62918.00,59
7014,6292697,completed,E17285370,A,"FEEDTHROUGH FILAMENT, IHC SOURCE",manufactured,Copper 101 - Full Hard,MS - Mill Turn,True,1,1290.00,1290.00,2090.00,50
7014,6292697,completed,E17285370,A,"FEEDTHROUGH FILAMENT, IHC SOURCE",manufactured,Copper 101 - Full Hard,MS - Mill Turn,True,59,153.00,9027.00,9027.00,53
7014,6292697,completed,E17285370,A,"FEEDTHROUGH FILAMENT, IHC SOURCE",manufactured,Copper 101 - Full Hard,MS - Mill Turn,True,590,138.00,81420.00,81420.00,85
7014,6292818,no_quote,E12123501,A,,manufactured,,NQ - Not a Core Competency,False,1,0.00,0.00,0.00,5
7014,6292818,no_quote,E12123501,A,,manufactured,,NQ - Not a Core Competency,False,60,0.00,0.00,0.00,5
7014,6293489,completed,E17295430,B,,manufactured,Copper 101 - Full Hard,MS - Mill Turn,False,1,1320.00,1320.00,2120.00,50
7014,6293489,completed,E17295430,B,,manufactured,Copper 101 - Full Hard,MS - Mill Turn,False,42,163.00,6846.00,7646.00,52
7014,6293489,completed,E17295430,B,,manufactured,Copper 101 - Full Hard,MS - Mill Turn,False,420,141.00,59220.00,59220.00,75
7014,6293497,no_quote,E11107220,B,,manufactured,,No Quote,False,1,0.00,0.00,0.00,5
7014,6293497,no_quote,E11107220,B,,manufactured,,No Quote,False,20,0.00,0.00,0.00,5
7014,6293515,no_quote,E17429490,,,manufactured,,No Quote,False,1,0.00,0.00,0.00,5
7014,6293515,no_quote,E17429490,,,manufactured,,No Quote,False,190,0.00,0.00,0.00,5
7014,6293541,no_quote,E18316260,C,,manufactured,,No Quote,False,1,0.00,0.00,0.00,5
7014,6293541,no_quote,E18316260,C,,manufactured,,No Quote,False,10,0.00,0.00,0.00,5
7014,6293586,no_quote,E18323350,A,,assembled,Stainless Steel 304L,No Quote,False,1,0.00,0.00,0.00,5
7014,6293586,no_quote,E18323350,A,,assembled,Stainless Steel 304L,No Quote,False,16,0.00,0.00,0.00,5
7014,6293711,no_quote,E17853120,A,,manufactured,,No Quote,False,1,0.00,0.00,0.00,5
7014,6293711,no_quote,E17853120,A,,manufactured,,No Quote,False,8,0.00,0.00,0.00,5
7014,6293711,no_quote,E17853120,A,,manufactured,,No Quote,False,82,0.00,0.00,0.00,5
7014,6293854,completed,E17485110,A,"FFFDTHRU. BIAS. MSC.
IHC SOURCE",manufactured,Copper 101 - Full Hard,MS - Mill Turn,True,1,1350.00,1350.00,2150.00,50
7014,6293854,completed,E17485110,A,"FFFDTHRU. BIAS. MSC.
IHC SOURCE",manufactured,Copper 101 - Full Hard,MS - Mill Turn,True,15,202.00,3030.00,3830.00,51
7014,6293854,completed,E17485110,A,"FFFDTHRU. BIAS. MSC.
IHC SOURCE",manufactured,Copper 101 - Full Hard,MS - Mill Turn,True,130,153.00,19890.00,19890.00,58
7014,6293957,completed,E17775950,A,SUPPORT RING LARGE,manufactured,Aluminum 6061-T6,MS - Mill,True,1,1010.00,1010.00,1810.00,58
7014,6293957,completed,E17775950,A,SUPPORT RING LARGE,manufactured,Aluminum 6061-T6,MS - Mill,True,10,267.00,2670.00,3470.00,58
7014,6293957,completed,E17775950,A,SUPPORT RING LARGE,manufactured,Aluminum 6061-T6,MS - Mill,True,66,221.00,14586.00,14586.00,64
7014,6294031,completed,E170236441,A,,manufactured,Nickel 200,MS - Lathe,False,1,1160.00,1160.00,1960.00,50
7014,6294031,completed,E170236441,A,,manufactured,Nickel 200,MS - Lathe,False,43,59.40,2554.20,3354.20,50
7014,6294031,completed,E170236441,A,,manufactured,Nickel 200,MS - Lathe,False,432,39.23,16947.36,16947.36,58
7014,6294052,no_quote,E18008960,,,manufactured,,,False,1,0.00,0.00,0.00,0
7014,6294052,no_quote,E18008960,,,manufactured,,,False,6,0.00,0.00,0.00,0
7014,6294362,completed,E17861400,A,,assembled,Aluminum 6061-T6,SM - Assy,False,1,1070.00,1070.00,1670.00,47
7014,6294362,completed,E17861400,A,,assembled,Aluminum 6061-T6,SM - Assy,False,5,363.00,1815.00,2415.00,48
7014,6294362,completed,E17861400,A,,assembled,Aluminum 6061-T6,SM - Assy,False,34,214.00,7276.00,7876.00,53
7014,6294409,completed,E17980500,A,ZSLIDE HINGE STOP ASSEMBLY,assembled,Stainless Steel 304L,SM - Assy,True,1,1500.00,1500.00,2100.00,40
7014,6294409,completed,E17980500,A,ZSLIDE HINGE STOP ASSEMBLY,assembled,Stainless Steel 304L,SM - Assy,True,8,240.00,1920.00,2520.00,40
7014,6294409,completed,E17980500,A,ZSLIDE HINGE STOP ASSEMBLY,assembled,Stainless Steel 304L,SM - Assy,True,42,94.05,3950.10,4550.10,41
7014,6294414,no_quote,E17321120,A,"PLATC, BEAM ENERGY PROBE",manufactured,,,False,1,0.00,0.00,0.00,0
7014,6294414,no_quote,E17321120,A,"PLATC, BEAM ENERGY PROBE",manufactured,,,False,116,0.00,0.00,0.00,0
7014,6294443,completed,E170255070,A,"LEVELING PAD, FRAME, ACCEL",assembled,CRS,MS  - Assy,True,1,2090.00,2090.00,2890.00,49
7014,6294443,completed,E170255070,A,"LEVELING PAD, FRAME, ACCEL",assembled,CRS,MS  - Assy,True,46,338.00,15548.00,16348.00,52
7014,6294453,completed,E17117560,A,E17721900,manufactured,CRS,MS - Lathe,True,1,1850.00,1850.00,2650.00,78
7014,6294453,completed,E17117560,A,E17721900,manufactured,CRS,MS - Lathe,True,10,291.00,2910.00,3710.00,79
7014,6294453,completed,E17117560,A,E17721900,manufactured,CRS,MS - Lathe,True,25,197.00,4925.00,5725.00,80
7014,6294453,completed,E17117560,A,E17721900,manufactured,CRS,MS - Lathe,True,56,164.00,9184.00,9184.00,82
7014,6294471,completed,E17846610,A,"SUPPORT,APERTURE,ENTRANCE
PC,PFG,WIDE,HC",manufactured,Aluminum 6061-T6,MS - Mill,True,1,618.00,618.00,1418.00,47
7014,6294471,completed,E17846610,A,"SUPPORT,APERTURE,ENTRANCE
PC,PFG,WIDE,HC",manufactured,Aluminum 6061-T6,MS - Mill,True,100,57.69,5769.00,5769.00,51
7014,6294471,completed,E17846610,A,"SUPPORT,APERTURE,ENTRANCE
PC,PFG,WIDE,HC",manufactured,Aluminum 6061-T6,MS - Mill,True,528,53.07,28020.96,28020.96,72
7014,6294521,completed,E17464770,A,"BLANKOFF,SRE BUSHINGCHAMBER",manufactured,Aluminum 6061-T6,MS - Mill Turn,True,1,3040.00,3040.00,3840.00,51
7014,6294521,completed,E17464770,A,"BLANKOFF,SRE BUSHINGCHAMBER",manufactured,Aluminum 6061-T6,MS - Mill Turn,True,10,1240.00,12400.00,13200.00,55
7014,6294625,completed,E17721900,A,,assembled,Stainless Steel 304L,MS  - Assy,False,1,2860.00,2860.00,3560.00,27
7014,6294625,completed,E17721900,A,,assembled,Stainless Steel 304L,MS  - Assy,False,54,388.00,20952.00,20952.00,28
7014,6294685,completed,E17519820,A,"STANDOFF, APERTURE, MPAL",manufactured,CRS,MS - Mill,True,1,1830.00,1830.00,2630.00,62
7014,6294685,completed,E17519820,A,"STANDOFF, APERTURE, MPAL",manufactured,CRS,MS - Mill,True,7,366.00,2562.00,3362.00,62
7014,6294685,completed,E17519820,A,"STANDOFF, APERTURE, MPAL",manufactured,CRS,MS - Mill,True,34,178.00,6052.00,6852.00,65
7014,6294704,completed,E17503030,D,,assembled,Aluminum 6061-T6,MS  - Assy,False,1,3630.00,3630.00,5230.00,52
7014,6294704,completed,E17503030,D,,assembled,Aluminum 6061-T6,MS  - Assy,False,10,1140.00,11400.00,13000.00,53
7040,6332260,no_quote,0040-39732,02,"END EFFECTOR, 200MM MANUAL",manufactured,,NQ - Tight Tolerances,False,1,0.00,0.00,0.00,5
7040,6332260,no_quote,0040-39732,02,"END EFFECTOR, 200MM MANUAL",manufactured,,NQ - Tight Tolerances,False,3,0.00,0.00,0.00,5
7040,6332260,no_quote,0040-39732,02,"END EFFECTOR, 200MM MANUAL",manufactured,,NQ - Tight Tolerances,False,5,0.00,0.00,0.00,5
7040,6332260,no_quote,0040-39732,02,"END EFFECTOR, 200MM MANUAL",manufactured,,NQ - Tight Tolerances,False,10,0.00,0.00,0.00,5
7042,6333560,completed,512-001-703-102,A,"Pedal Post Assy, RH",manufactured,Aluminum 7050-T7451,MS - Mill,True,31,1283.00,39773.00,39773.00,88
7046,6334531,not_started,CP-M19-010,B,"OSV RING, ADAPTER CONICAL",manufactured,,,False,4400,48.00,211200.00,211200.00,0
7039,6369573,completed,0043-02490,01,,manufactured,CRS,SM - Piece W/HDWE,False,1,743.00,743.00,1343.00,63
7039,6369573,completed,0043-02490,01,,manufactured,CRS,SM - Piece W/HDWE,False,5,232.00,1160.00,1760.00,63
7039,6369573,completed,0043-02490,01,,manufactured,CRS,SM - Piece W/HDWE,False,10,168.00,1680.00,2280.00,64
7041,6332552,completed,0022-15758,05,"OUTRIGGER, TUBE, C3oC",manufactured,CRS,SM - Tube,True,1,97.35,97.35,97.35,30
7041,6332552,completed,0022-15758,05,"OUTRIGGER, TUBE, C3oC",manufactured,CRS,SM - Tube,True,5,97.35,486.75,486.75,30
7041,6332552,completed,0022-15758,05,"OUTRIGGER, TUBE, C3oC",manufactured,CRS,SM - Tube,True,10,97.35,973.50,973.50,30
7041,6332552,completed,0022-15758,05,"OUTRIGGER, TUBE, C3oC",manufactured,CRS,SM - Tube,True,25,97.35,2433.75,2433.75,30
7041,6332552,completed,0022-15758,05,"OUTRIGGER, TUBE, C3oC",manufactured,CRS,SM - Tube,True,50,97.35,4867.50,4867.50,30
7041,6332552,completed,0022-15758,05,"OUTRIGGER, TUBE, C3oC",manufactured,CRS,SM - Tube,True,100,97.35,9735.00,9735.00,30
7041,6332552,completed,0022-15758,05,"OUTRIGGER, TUBE, C3oC",manufactured,CRS,SM - Tube,True,200,97.35,19470.00,19470.00,30
7041,6332552,completed,0022-15758,05,"OUTRIGGER, TUBE, C3oC",manufactured,CRS,SM - Tube,True,300,97.35,29205.00,29205.00,30
7044,6333663,completed,512-030-010-015,D,Bracket Assy,manufactured,Aluminum 6013-T4,SM - Piece (combo),True,79,265.00,20935.00,20935.00,70
7045,6333816,completed,512-034-700-243,A,BAFFLE ASSY-IGB COOLING AIRFLOW CONTROL,manufactured,Aluminum 7050-T7451,MS - Mill,True,17,3970.00,67490.00,71270.00,90
7050,6357558,no_quote,512-069-210-103,A,INLET FRAME-FIXED-RH,manufactured,,NQ - Not a Core Competency,False,22,0.00,0.00,0.00,5
7050,6357563,no_quote,512-069-110-105,-,INLET FRAME-FIXED-LH,manufactured,,NQ - Not a Core Competency,False,21,0.00,0.00,0.00,5
7043,6333600,completed,512-030-430-363,A,HANDLE HOLD-OPEN LATCH,manufactured,Aluminum 7050-T7451,MS - Mill,True,32,394.00,12608.00,12608.00,70
7052,6357872,no_quote,512-030-411-181,-,AFT BELLY PANEL ACCESS COVER,manufactured,,NQ - Not a Core Competency,False,27,0.00,0.00,0.00,5
7051,6357829,completed,512-034-710-277,-,STRAP BONDING - H-STAB,manufactured,Aluminum 1100,SM - Piece (combo),True,27,125.00,3375.00,3375.00,70
7055,6358674,completed,0020-20672,G,"PLUG, CHAMBER, MONOLITH INTERFACE",manufactured,Stainless Steel 17-4 PH,MS - Lathe,True,1,560.00,560.00,560.00,39
7055,6358674,completed,0020-20672,G,"PLUG, CHAMBER, MONOLITH INTERFACE",manufactured,Stainless Steel 17-4 PH,MS - Lathe,True,5,126.00,630.00,630.00,39
7055,6358674,completed,0020-20672,G,"PLUG, CHAMBER, MONOLITH INTERFACE",manufactured,Stainless Steel 17-4 PH,MS - Lathe,True,10,66.50,665.00,665.00,39
7055,6358674,completed,0020-20672,G,"PLUG, CHAMBER, MONOLITH INTERFACE",manufactured,Stainless Steel 17-4 PH,MS - Lathe,True,15,49.40,741.00,741.00,39
7055,6358674,completed,0020-20672,G,"PLUG, CHAMBER, MONOLITH INTERFACE",manufactured,Stainless Steel 17-4 PH,MS - Lathe,True,25,35.64,891.00,891.00,39
7059,6359793,completed,512-030-101-485,B,EXTERNAL DOOR SIGHT ASSY,manufactured,,Aerospace Assembly,False,220,623.00,137060.00,137060.00,70
7059,6359907,no_quote,512-030-800-137,-,SLIDING DOOR ASSY LH,manufactured,,,False,220,0.00,0.00,0.00,0
7059,6359908,no_quote,512-030-800-138,-,SLIDING DOOR ASSY RH,manufactured,,,False,220,0.00,0.00,0.00,0
7053,6357893,completed,512-030-401-569,-,CLIP ASSY AVIONICS CLOSEOUT,manufactured,Aluminum 6013-T4,SM - Piece (combo),True,84,81.06,6809.04,6809.04,70
7054,6358199,completed,C403-02164,A,"Structure, Plug, Heat Pipe, Vireo, RPU Chassis. Structure, Plug, Heat Pipe, Vireo, RPU Chassis",manufactured,Aluminum 6061-T6,MS - Mill,True,100,42.78,4278.00,4278.00,60
7054,6358199,completed,C403-02164,A,"Structure, Plug, Heat Pipe, Vireo, RPU Chassis. Structure, Plug, Heat Pipe, Vireo, RPU Chassis",manufactured,Aluminum 6061-T6,MS - Mill,True,1000,42.78,42780.00,42780.00,60
7054,6358211,completed,C403-01358-00,A,"STRUCTURE, COVER, BOTTOM, ALUMINUM 6061-T6, RPU-4A1G1",manufactured,Aluminum 6061-T6,SM - Piece,True,40,36.88,1475.20,2075.20,60
7056,6359402,completed,449-075-211-103,C,PLATE ASSY,manufactured,Aluminum 2024-T3,SM - Piece (combo),True,1,1199.00,1199.00,1199.00,70
7056,6359402,completed,449-075-211-103,C,PLATE ASSY,manufactured,Aluminum 2024-T3,SM - Piece (combo),True,12,196.00,2352.00,2352.00,70
7056,6359402,completed,449-075-211-103,C,PLATE ASSY,manufactured,Aluminum 2024-T3,SM - Piece (combo),True,24,142.00,3408.00,3408.00,70
7056,6359405,completed,449-075-211-105,C,PLATE ASSY,manufactured,Aluminum 6013-T4,SM - Piece (combo),True,1,1578.00,1578.00,1578.00,70
7056,6359405,completed,449-075-211-105,C,PLATE ASSY,manufactured,Aluminum 6013-T4,SM - Piece (combo),True,12,229.00,2748.00,2748.00,70
7056,6359405,completed,449-075-211-105,C,PLATE ASSY,manufactured,Aluminum 6013-T4,SM - Piece (combo),True,24,171.00,4104.00,4104.00,70
7058,6359745,no_quote,0020-75465,06,"HOOP UNIVERSAL,  300MM ENDURA 2 P5",manufactured,Stainless Steel 304L,No Quote,True,1,0.00,0.00,0.00,5
7058,6359745,no_quote,0020-75465,06,"HOOP UNIVERSAL,  300MM ENDURA 2 P5",manufactured,Stainless Steel 304L,No Quote,True,5,0.00,0.00,0.00,5
7058,6359745,no_quote,0020-75465,06,"HOOP UNIVERSAL,  300MM ENDURA 2 P5",manufactured,Stainless Steel 304L,No Quote,True,10,0.00,0.00,0.00,5
7058,6359745,no_quote,0020-75465,06,"HOOP UNIVERSAL,  300MM ENDURA 2 P5",manufactured,Stainless Steel 304L,No Quote,True,140,0.00,0.00,0.00,5
7058,6359745,no_quote,0020-75465,06,"HOOP UNIVERSAL,  300MM ENDURA 2 P5",manufactured,Stainless Steel 304L,No Quote,True,1400,0.00,0.00,0.00,5
7060,6364558,no_quote,0051-51209,03,"HOSE ASSY, LL INTERCONNECT PRODUCER SE/M",assembled,,NQ - Not a Core Competency,False,1,0.00,0.00,0.00,5
7060,6364558,no_quote,0051-51209,03,"HOSE ASSY, LL INTERCONNECT PRODUCER SE/M",assembled,,NQ - Not a Core Competency,False,2,0.00,0.00,0.00,5
7060,6364558,no_quote,0051-51209,03,"HOSE ASSY, LL INTERCONNECT PRODUCER SE/M",assembled,,NQ - Not a Core Competency,False,5,0.00,0.00,0.00,5
7060,6364558,no_quote,0051-51209,03,"HOSE ASSY, LL INTERCONNECT PRODUCER SE/M",assembled,,NQ - Not a Core Competency,False,10,0.00,0.00,0.00,5
7060,6364558,no_quote,0051-51209,03,"HOSE ASSY, LL INTERCONNECT PRODUCER SE/M",assembled,,NQ - Not a Core Competency,False,15,0.00,0.00,0.00,5
7060,6364558,no_quote,0051-51209,03,"HOSE ASSY, LL INTERCONNECT PRODUCER SE/M",assembled,,NQ - Not a Core Competency,False,20,0.00,0.00,0.00,5
7060,6364559,no_quote,0055-01459,03,"TUBING PLATEN 2 DI WATER TO AV337A, CMP",assembled,,NQ - Not a Core Competency,False,1,0.00,0.00,0.00,5
7060,6364559,no_quote,0055-01459,03,"TUBING PLATEN 2 DI WATER TO AV337A, CMP",assembled,,NQ - Not a Core Competency,False,2,0.00,0.00,0.00,5
7060,6364559,no_quote,0055-01459,03,"TUBING PLATEN 2 DI WATER TO AV337A, CMP",assembled,,NQ - Not a Core Competency,False,5,0.00,0.00,0.00,5
7060,6364559,no_quote,0055-01459,03,"TUBING PLATEN 2 DI WATER TO AV337A, CMP",assembled,,NQ - Not a Core Competency,False,10,0.00,0.00,0.00,5
7060,6364559,no_quote,0055-01459,03,"TUBING PLATEN 2 DI WATER TO AV337A, CMP",assembled,,NQ - Not a Core Competency,False,15,0.00,0.00,0.00,5
7060,6364559,no_quote,0055-01459,03,"TUBING PLATEN 2 DI WATER TO AV337A, CMP",assembled,,NQ - Not a Core Competency,False,20,0.00,0.00,0.00,5
7062,6402050,completed,BATTERY HOLDER G-26,,BATTERY HOLDER G-26,manufactured,Aluminum 5052-H32,SM - Piece,True,25,85.04,2126.00,2126.00,60
7062,6402050,completed,BATTERY HOLDER G-26,,BATTERY HOLDER G-26,manufactured,Aluminum 5052-H32,SM - Piece,True,50,63.08,3154.00,3154.00,60
7062,6402050,completed,BATTERY HOLDER G-26,,BATTERY HOLDER G-26,manufactured,Aluminum 5052-H32,SM - Piece,True,100,52.11,5211.00,5211.00,60
7061,6364611,completed,093889A-01,-,"HEATSINK, COMBO",manufactured,Aluminum 6061-T6,MS - Mill,True,5,481.00,2405.00,2405.00,70
7061,6364611,completed,093889A-01,-,"HEATSINK, COMBO",manufactured,Aluminum 6061-T6,MS - Mill,True,10,296.00,2960.00,2960.00,70
7061,6364611,completed,093889A-01,-,"HEATSINK, COMBO",manufactured,Aluminum 6061-T6,MS - Mill,True,25,219.00,5475.00,5475.00,70
7061,6364611,completed,093889A-01,-,"HEATSINK, COMBO",manufactured,Aluminum 6061-T6,MS - Mill,True,50,193.00,9650.00,9650.00,67
7061,6364611,completed,093889A-01,-,"HEATSINK, COMBO",manufactured,Aluminum 6061-T6,MS - Mill,True,100,177.00,17700.00,17700.00,74
7065,6364981,completed,BRACKET V2,,,manufactured,Aluminum 6061-T6,MS - Mill,False,520,27.72,14414.40,14414.40,60
7065,6364982,completed,"1/2"" SQ TUBE STRUT - 28"" LONG",,,manufactured,Aluminum 6061-T6,SM - Tube,False,56,29.29,1640.24,1640.24,60
7065,6364983,completed,"16GA STRUT PANEL - 48"" LONG",,,manufactured,CRS,SM - Piece,False,204,28.11,5734.44,5734.44,60
7065,6364984,completed,"16GA STRUT PANEL - 28"" LONG",,,manufactured,CRS,SM - Piece,False,56,33.05,1850.80,1850.80,60
7057,6359501,completed,0040-88648,07,"STAND, RIGHT, REMOVABLE, ENDURA2, 300MM",assembled,,Historical Part Requote,False,1,90.00,90.00,90.00,50
7057,6359501,completed,0040-88648,07,"STAND, RIGHT, REMOVABLE, ENDURA2, 300MM",assembled,,Historical Part Requote,False,5,90.00,450.00,450.00,50
7057,6359501,completed,0040-88648,07,"STAND, RIGHT, REMOVABLE, ENDURA2, 300MM",assembled,,Historical Part Requote,False,10,90.00,900.00,900.00,50
7057,6359501,completed,0040-88648,07,"STAND, RIGHT, REMOVABLE, ENDURA2, 300MM",assembled,,Historical Part Requote,False,20,90.00,1800.00,1800.00,50
7057,6359514,completed,0040-88649,09,"STAND, LEFT, REMOVABLE, ENDURA2, 300MM",assembled,,Historical Part Requote,False,1,90.00,90.00,90.00,50
7057,6359514,completed,0040-88649,09,"STAND, LEFT, REMOVABLE, ENDURA2, 300MM",assembled,,Historical Part Requote,False,5,90.00,450.00,450.00,50
7057,6359514,completed,0040-88649,09,"STAND, LEFT, REMOVABLE, ENDURA2, 300MM",assembled,,Historical Part Requote,False,10,90.00,900.00,900.00,50
7057,6359514,completed,0040-88649,09,"STAND, LEFT, REMOVABLE, ENDURA2, 300MM",assembled,,Historical Part Requote,False,20,90.00,1800.00,1800.00,50
7057,6653293,completed,0042-76418,03,"BRACKET, PEDESTAL AND
WAFER LIFT DRIVERS,
ECAT",manufactured,CRS,SM - Piece W/HDWE,True,1,551.00,551.00,1151.00,59
7057,6653293,completed,0042-76418,03,"BRACKET, PEDESTAL AND
WAFER LIFT DRIVERS,
ECAT",manufactured,CRS,SM - Piece W/HDWE,True,5,135.00,675.00,1275.00,59
7057,6653293,completed,0042-76418,03,"BRACKET, PEDESTAL AND
WAFER LIFT DRIVERS,
ECAT",manufactured,CRS,SM - Piece W/HDWE,True,10,82.00,820.00,1420.00,59
7057,6653293,completed,0042-76418,03,"BRACKET, PEDESTAL AND
WAFER LIFT DRIVERS,
ECAT",manufactured,CRS,SM - Piece W/HDWE,True,20,60.25,1205.00,1805.00,59
7057,6359547,completed,0042-53034,02,"PLATE, LEFT REAR
CONNECTOR (ACD), eCAT, CLF",assembled,CRS,SM - Assy,True,1,1056.04,1056.04,1256.04,40
7057,6359547,completed,0042-53034,02,"PLATE, LEFT REAR
CONNECTOR (ACD), eCAT, CLF",assembled,CRS,SM - Assy,True,5,322.40,1612.00,1812.00,41
7057,6359547,completed,0042-53034,02,"PLATE, LEFT REAR
CONNECTOR (ACD), eCAT, CLF",assembled,CRS,SM - Assy,True,10,236.08,2360.80,3080.80,450
7057,6359547,completed,0042-53034,02,"PLATE, LEFT REAR
CONNECTOR (ACD), eCAT, CLF",assembled,CRS,SM - Assy,True,20,195.23,3904.60,4624.60,450
7057,6653328,completed,0042-76174,04,"BRACKET, CONNECTOR
PLATE I/O (ACD),
REPACKAGED P5",manufactured,CRS,SM - Piece W/HDWE,True,1,534.00,534.00,1134.00,59
7057,6653328,completed,0042-76174,04,"BRACKET, CONNECTOR
PLATE I/O (ACD),
REPACKAGED P5",manufactured,CRS,SM - Piece W/HDWE,True,5,117.00,585.00,1185.00,59
7057,6653328,completed,0042-76174,04,"BRACKET, CONNECTOR
PLATE I/O (ACD),
REPACKAGED P5",manufactured,CRS,SM - Piece W/HDWE,True,10,64.90,649.00,1249.00,59
7057,6653328,completed,0042-76174,04,"BRACKET, CONNECTOR
PLATE I/O (ACD),
REPACKAGED P5",manufactured,CRS,SM - Piece W/HDWE,True,20,38.85,777.00,1377.00,59
7057,6359553,completed,0042-55046,03,"PLATE, LEFT AC WALL (
ACD), REPACKAGED P5",manufactured,CRS,SM - Piece W/HDWE,True,1,618.00,618.00,1218.00,59
7057,6359553,completed,0042-55046,03,"PLATE, LEFT AC WALL (
ACD), REPACKAGED P5",manufactured,CRS,SM - Piece W/HDWE,True,5,146.00,730.00,1330.00,59
7057,6359553,completed,0042-55046,03,"PLATE, LEFT AC WALL (
ACD), REPACKAGED P5",manufactured,CRS,SM - Piece W/HDWE,True,10,95.20,952.00,1552.00,59
7057,6359553,completed,0042-55046,03,"PLATE, LEFT AC WALL (
ACD), REPACKAGED P5",manufactured,CRS,SM - Piece W/HDWE,True,20,70.70,1414.00,2014.00,59
7057,6359565,completed,0020-45895,05,"BUSS BAR, JUMPER  1 FPR CB'S, (ACD) REPA",manufactured,,Historical Part Requote,False,1,31.35,31.35,31.35,20
7057,6359565,completed,0020-45895,05,"BUSS BAR, JUMPER  1 FPR CB'S, (ACD) REPA",manufactured,,Historical Part Requote,False,5,13.68,68.40,68.40,20
7057,6359565,completed,0020-45895,05,"BUSS BAR, JUMPER  1 FPR CB'S, (ACD) REPA",manufactured,,Historical Part Requote,False,10,11.50,115.00,115.00,20
7057,6359565,completed,0020-45895,05,"BUSS BAR, JUMPER  1 FPR CB'S, (ACD) REPA",manufactured,,Historical Part Requote,False,20,10.13,202.60,202.60,20
7057,6359567,completed,0035-01465,02,HOUSING HIGH POWER DC BOX COLD FORGING 3,manufactured,Aluminum 6061-T6,MS  - Assy,True,1,5900.00,5900.00,10880.00,60
7057,6359567,completed,0035-01465,02,HOUSING HIGH POWER DC BOX COLD FORGING 3,manufactured,Aluminum 6061-T6,MS  - Assy,True,5,2220.00,11100.00,16080.00,60
7057,6359567,completed,0035-01465,02,HOUSING HIGH POWER DC BOX COLD FORGING 3,manufactured,Aluminum 6061-T6,MS  - Assy,True,10,1760.00,17600.00,22580.00,60
7057,6359567,completed,0035-01465,02,HOUSING HIGH POWER DC BOX COLD FORGING 3,manufactured,Aluminum 6061-T6,MS  - Assy,True,20,1552.00,31040.00,36020.00,60
7057,6653781,completed,0042-83919,03,,manufactured,Brass 360,MS - Mill,False,1,595.00,595.00,1395.00,54
7057,6653781,completed,0042-83919,03,,manufactured,Brass 360,MS - Mill,False,5,163.00,815.00,1615.00,54
7057,6653781,completed,0042-83919,03,,manufactured,Brass 360,MS - Mill,False,10,112.00,1120.00,1920.00,54
7057,6653781,completed,0042-83919,03,,manufactured,Brass 360,MS - Mill,False,20,86.95,1739.00,2539.00,55
7057,6359424,completed,0042-09740,04,"BRACKET, E2D MOUNTING, PVD CHAMBER",manufactured,Aluminum 5052-H32,SM - Piece W/HDWE,True,1,564.00,564.00,1164.00,59
7057,6359424,completed,0042-09740,04,"BRACKET, E2D MOUNTING, PVD CHAMBER",manufactured,Aluminum 5052-H32,SM - Piece W/HDWE,True,5,124.00,620.00,1220.00,59
7057,6359424,completed,0042-09740,04,"BRACKET, E2D MOUNTING, PVD CHAMBER",manufactured,Aluminum 5052-H32,SM - Piece W/HDWE,True,10,69.00,690.00,1290.00,59
7057,6359424,completed,0042-09740,04,"BRACKET, E2D MOUNTING, PVD CHAMBER",manufactured,Aluminum 5052-H32,SM - Piece W/HDWE,True,20,45.20,904.00,1504.00,59
7069,6375994,completed,100940A-00,-,GUIDE PIN LONG,manufactured,,,False,5,415.00,2075.00,2075.00,50
7069,6375994,completed,100940A-00,-,GUIDE PIN LONG,manufactured,,,False,10,227.00,2270.00,2270.00,50
7069,6375994,completed,100940A-00,-,GUIDE PIN LONG,manufactured,,,False,25,126.00,3150.00,3150.00,50
7069,6375994,completed,100940A-00,-,GUIDE PIN LONG,manufactured,,,False,50,93.00,4650.00,4650.00,50
7069,6375994,completed,100940A-00,-,GUIDE PIN LONG,manufactured,,,False,100,75.68,7568.00,7568.00,50
7066,6365649,no_quote,0040-74963,01,SPRING ASSIST 60K SLIT VALVE,manufactured,,NQ - Not a Core Competency,False,1,0.00,0.00,0.00,5
7066,6365649,no_quote,0040-74963,01,SPRING ASSIST 60K SLIT VALVE,manufactured,,NQ - Not a Core Competency,False,5,0.00,0.00,0.00,5
7066,6365649,no_quote,0040-74963,01,SPRING ASSIST 60K SLIT VALVE,manufactured,,NQ - Not a Core Competency,False,10,0.00,0.00,0.00,5
7066,6365650,completed,0041-73426,01,BRACKET MFC MOUNTING STEC Z544 1/4 VCR D,manufactured,Stainless Steel 304L,SM - Piece W/HDWE,True,1,380.00,380.00,980.00,46
7066,6365650,completed,0041-73426,01,BRACKET MFC MOUNTING STEC Z544 1/4 VCR D,manufactured,Stainless Steel 304L,SM - Piece W/HDWE,True,5,83.80,419.00,1019.00,46
7066,6365650,completed,0041-73426,01,BRACKET MFC MOUNTING STEC Z544 1/4 VCR D,manufactured,Stainless Steel 304L,SM - Piece W/HDWE,True,10,46.90,469.00,1069.00,46
7063,6389925,completed,148W7116-5,-,PLATE - SUPPORT,manufactured,Stainless Steel 15-5 PH,MS - Mill,True,40,88.60,3544.00,4344.00,67
7063,6389925,completed,148W7116-5,-,PLATE - SUPPORT,manufactured,Stainless Steel 15-5 PH,MS - Mill,True,90,88.60,7974.00,7974.00,69
7063,6389925,completed,148W7116-5,-,PLATE - SUPPORT,manufactured,Stainless Steel 15-5 PH,MS - Mill,True,122,88.60,10809.20,10809.20,71
7063,6389925,completed,148W7116-5,-,PLATE - SUPPORT,manufactured,Stainless Steel 15-5 PH,MS - Mill,True,124,88.60,10986.40,10986.40,71
7063,6408354,completed,413A3007-141B,B,STRIKE PLATE,manufactured,Aluminum 6061-T6,SM - Piece (combo),True,42,33.67,1414.14,1814.14,48
7063,6408354,completed,413A3007-141B,B,STRIKE PLATE,manufactured,Aluminum 6061-T6,SM - Piece (combo),True,286,33.67,9629.62,9629.62,51
7063,6364685,completed,436Z1409-1,-,BRACKET,manufactured,Aluminum 2024-T3,SM - Piece (combo),True,8,146.00,1168.00,1168.00,50
7063,6364685,completed,436Z1409-1,-,BRACKET,manufactured,Aluminum 2024-T3,SM - Piece (combo),True,16,91.19,1459.04,1459.04,50
7063,6364685,completed,436Z1409-1,-,BRACKET,manufactured,Aluminum 2024-T3,SM - Piece (combo),True,20,80.25,1605.00,1605.00,50
7063,6364685,completed,436Z1409-1,-,BRACKET,manufactured,Aluminum 2024-T3,SM - Piece (combo),True,24,72.92,1750.08,1750.08,50
7063,6364686,completed,436Z1615-1,,BRACKET-WIRING,manufactured,Aluminum 2024-T3,SM - Piece (combo),True,2,441.00,882.00,882.00,50
7063,6364686,completed,436Z1615-1,,BRACKET-WIRING,manufactured,Aluminum 2024-T3,SM - Piece (combo),True,4,244.00,976.00,976.00,50
7063,6364686,completed,436Z1615-1,,BRACKET-WIRING,manufactured,Aluminum 2024-T3,SM - Piece (combo),True,5,205.00,1025.00,1025.00,50
7063,6364686,completed,436Z1615-1,,BRACKET-WIRING,manufactured,Aluminum 2024-T3,SM - Piece (combo),True,6,179.00,1074.00,1074.00,50
7063,6364687,completed,436Z1621-9,,BRACKET-MISC,manufactured,Aluminum 2024-T3,SM - Piece (combo),True,2,506.00,1012.00,1012.00,50
7063,6364687,completed,436Z1621-9,,BRACKET-MISC,manufactured,Aluminum 2024-T3,SM - Piece (combo),True,4,294.00,1176.00,1176.00,50
7063,6364687,completed,436Z1621-9,,BRACKET-MISC,manufactured,Aluminum 2024-T3,SM - Piece (combo),True,5,251.00,1255.00,1255.00,50
7063,6364687,completed,436Z1621-9,,BRACKET-MISC,manufactured,Aluminum 2024-T3,SM - Piece (combo),True,6,223.00,1338.00,1338.00,50
7063,6364688,completed,436Z2074-3,,FUEL_SEC43_NGS-NEA_BRKT2,manufactured,,,False,2,0.00,0.00,0.00,0
7063,6364688,completed,436Z2074-3,,FUEL_SEC43_NGS-NEA_BRKT2,manufactured,,,False,4,0.00,0.00,0.00,0
7063,6364688,completed,436Z2074-3,,FUEL_SEC43_NGS-NEA_BRKT2,manufactured,,,False,5,0.00,0.00,0.00,0
7063,6364688,completed,436Z2074-3,,FUEL_SEC43_NGS-NEA_BRKT2,manufactured,,,False,6,0.00,0.00,0.00,0
7063,6389927,completed,844Z1503-553,,EMBEDDED JOGGLED TUBE,assembled,,,False,32,0.00,0.00,0.00,0
7064,6364874,completed,0023-38624,01,"BRACKET, MTR DRIVER WFR LIFT, HERA",manufactured,CRS,SM - Piece,True,1,615.00,615.00,1215.00,51
7064,6364874,completed,0023-38624,01,"BRACKET, MTR DRIVER WFR LIFT, HERA",manufactured,CRS,SM - Piece,True,5,148.00,740.00,1340.00,51
7064,6364874,completed,0023-38624,01,"BRACKET, MTR DRIVER WFR LIFT, HERA",manufactured,CRS,SM - Piece,True,10,89.50,895.00,1495.00,52
7070,6376228,no_quote,407-240-010-101,-,SPANNER SET,manufactured,,,False,4,0.00,0.00,0.00,0
7067,6467596,completed,0042-44854,02,"BASE EXTENSION, PAD CONDITIONER, REFLEXI",manufactured,Aluminum 6061-T6,MS - Mill,True,1,1700.00,1700.00,3800.00,58
7067,6467596,completed,0042-44854,02,"BASE EXTENSION, PAD CONDITIONER, REFLEXI",manufactured,Aluminum 6061-T6,MS - Mill,True,3,792.00,2376.00,4476.00,58
7067,6467596,completed,0042-44854,02,"BASE EXTENSION, PAD CONDITIONER, REFLEXI",manufactured,Aluminum 6061-T6,MS - Mill,True,5,611.00,3055.00,5155.00,59
7067,6467596,completed,0042-44854,02,"BASE EXTENSION, PAD CONDITIONER, REFLEXI",manufactured,Aluminum 6061-T6,MS - Mill,True,10,475.00,4750.00,6850.00,60
7067,6467596,completed,0042-44854,02,"BASE EXTENSION, PAD CONDITIONER, REFLEXI",manufactured,Aluminum 6061-T6,MS - Mill,True,15,430.00,6450.00,8550.00,61
7071,6376233,completed,512-000-100-115,,"LOCATOR, DEP 2-STAGE BALL",manufactured,Aluminum 6061-T6,MS - Mill,True,36,261.00,9396.00,11046.00,70
7071,6376234,completed,512-000-100-111,,"Bezel, Pedestal Trim",manufactured,Aluminum 6061-T6,MS - Mill,True,36,703.00,25308.00,27248.00,76
7049,6345870,completed,0021-27807,05,"BLOCK, EPI/DPN CHAMBER
MOUNTING, 300MM CENTURA",manufactured,Aluminum 6061-T6,MS - Mill,True,1,737.00,737.00,1537.00,55
7049,6345870,completed,0021-27807,05,"BLOCK, EPI/DPN CHAMBER
MOUNTING, 300MM CENTURA",manufactured,Aluminum 6061-T6,MS - Mill,True,4,207.00,828.00,1628.00,55
7049,6345870,completed,0021-27807,05,"BLOCK, EPI/DPN CHAMBER
MOUNTING, 300MM CENTURA",manufactured,Aluminum 6061-T6,MS - Mill,True,36,52.19,1878.84,2678.84,56
7049,6345880,completed,104039001,B,"000000000104039001-BUTTON,CONTACT,SPRING",manufactured,,,False,1,0.00,0.00,0.00,0
7049,6345880,completed,104039001,B,"000000000104039001-BUTTON,CONTACT,SPRING",manufactured,,,False,5,0.00,0.00,0.00,0
7049,6345880,completed,104039001,B,"000000000104039001-BUTTON,CONTACT,SPRING",manufactured,,,False,42,0.00,0.00,0.00,0
7049,6345973,no_quote,111398001,01,"000000000111398001-HANDLE,WAFER HANDLER",manufactured,,,False,1,0.00,0.00,0.00,0
7049,6345973,no_quote,111398001,01,"000000000111398001-HANDLE,WAFER HANDLER",manufactured,,,False,2,0.00,0.00,0.00,0
7049,6345973,no_quote,111398001,01,"000000000111398001-HANDLE,WAFER HANDLER",manufactured,,,False,16,0.00,0.00,0.00,0
7049,6346000,no_quote,112859001,03,"000000000112859001-FLANGE,SEAL,HOUSING",manufactured,,,False,1,0.00,0.00,0.00,0
7049,6346000,no_quote,112859001,03,"000000000112859001-FLANGE,SEAL,HOUSING",manufactured,,,False,6,0.00,0.00,0.00,0
7049,6346091,no_quote,112860001,03,"000000000112860001-HOUSING,SEAL",manufactured,,,False,1,0.00,0.00,0.00,0
7049,6346091,no_quote,112860001,03,"000000000112860001-HOUSING,SEAL",manufactured,,,False,6,0.00,0.00,0.00,0
7049,6346257,no_quote,4120100,B,"000000000004120100-SUPPORT,EXIT,HIGH ENERGY",manufactured,,,False,1,0.00,0.00,0.00,0
7049,6346257,no_quote,4120100,B,"000000000004120100-SUPPORT,EXIT,HIGH ENERGY",manufactured,,,False,4,0.00,0.00,0.00,0
7049,6346262,no_quote,4135700,02,"000000000004135700-SPACER,FERROFLUIDIC,SEAL",manufactured,,,False,1,0.00,0.00,0.00,0
7049,6346262,no_quote,4135700,02,"000000000004135700-SPACER,FERROFLUIDIC,SEAL",manufactured,,,False,6,0.00,0.00,0.00,0
7049,6346281,no_quote,6092800,B,"000000000006092800-CLAMP,COUPLING",manufactured,,,False,1,0.00,0.00,0.00,0
7049,6346281,no_quote,6092800,B,"000000000006092800-CLAMP,COUPLING",manufactured,,,False,3,0.00,0.00,0.00,0
7049,6346281,no_quote,6092800,B,"000000000006092800-CLAMP,COUPLING",manufactured,,,False,22,0.00,0.00,0.00,0
7049,6346480,completed,8471001,-,"000000000008471001-CONNECTOR,1/16 T X1/8,NPT",manufactured,Stainless Steel 304/304L,MS - Mill,True,1,471.00,471.00,1271.00,43
7049,6346480,completed,8471001,-,"000000000008471001-CONNECTOR,1/16 T X1/8,NPT",manufactured,Stainless Steel 304/304L,MS - Mill,True,30,77.60,2328.00,3128.00,43
7049,6346480,completed,8471001,-,"000000000008471001-CONNECTOR,1/16 T X1/8,NPT",manufactured,Stainless Steel 304/304L,MS - Mill,True,274,65.99,18081.26,18081.26,46
7049,6346494,completed,E11324510,A,"E11324510-CLAMP ASSY, DIODE TO FOCUS FLANGE",assembled,,,False,1,275.53,275.53,275.53,0
7049,6346494,completed,E11324510,A,"E11324510-CLAMP ASSY, DIODE TO FOCUS FLANGE",assembled,,,False,6,53.43,320.58,320.58,0
7049,6346494,completed,E11324510,A,"E11324510-CLAMP ASSY, DIODE TO FOCUS FLANGE",assembled,,,False,54,13.95,753.30,753.30,0
7049,6346552,completed,E11382130,A,"2OO/300MM ORTENTER CHUCK ASSY, URETHANE",manufactured,Aluminum 6061-T6,MS  - Assy,True,1,1670.00,1670.00,1770.00,16
7049,6346552,completed,E11382130,A,"2OO/300MM ORTENTER CHUCK ASSY, URETHANE",manufactured,Aluminum 6061-T6,MS  - Assy,True,2,879.00,1758.00,1858.00,16
7049,6346552,completed,E11382130,A,"2OO/300MM ORTENTER CHUCK ASSY, URETHANE",manufactured,Aluminum 6061-T6,MS  - Assy,True,14,202.00,2828.00,2928.00,16
7049,6346752,completed,E11537950,A,"FITTING, END ROD",manufactured,Stainless Steel 303,MS  - Assy,True,1,754.00,754.00,854.00,12
7049,6346752,completed,E11537950,A,"FITTING, END ROD",manufactured,Stainless Steel 303,MS  - Assy,True,8,186.00,1488.00,1588.00,12
7049,6346752,completed,E11537950,A,"FITTING, END ROD",manufactured,Stainless Steel 303,MS  - Assy,True,80,113.00,9040.00,9040.00,13
7049,6347076,completed,E11629710,B,"E11629710-ASSY, SEAT, VALVE, MONO 1.5 INCH",manufactured,Aluminum 6061-T6,MS  - Assy,True,1,2480.00,2480.00,2580.00,22
7049,6347076,completed,E11629710,B,"E11629710-ASSY, SEAT, VALVE, MONO 1.5 INCH",manufactured,Aluminum 6061-T6,MS  - Assy,True,4,728.00,2912.00,3012.00,22
7049,6347183,completed,E11844510,A,"PEDESTAL, ORIENTER, QUICK-CHANGE",manufactured,Aluminum 6061-T6,MS  - Assy,True,1,1320.00,1320.00,1420.00,19
7049,6347183,completed,E11844510,A,"PEDESTAL, ORIENTER, QUICK-CHANGE",manufactured,Aluminum 6061-T6,MS  - Assy,True,2,708.00,1416.00,1516.00,19
7049,6347293,completed,E12001040,-,E12001040-MULTI-1/4-28 SET SCR,manufactured,,,False,1,0.00,0.00,0.00,0
7049,6347293,completed,E12001040,-,E12001040-MULTI-1/4-28 SET SCR,manufactured,,,False,2,0.00,0.00,0.00,0
7049,6347293,completed,E12001040,-,E12001040-MULTI-1/4-28 SET SCR,manufactured,,,False,16,0.00,0.00,0.00,0
7049,6347370,completed,E12001160,-,"E12001160-ROPLAT,PIN,SS,1/8 X1/4",manufactured,,,False,1,0.00,0.00,0.00,0
7049,6347370,completed,E12001160,-,"E12001160-ROPLAT,PIN,SS,1/8 X1/4",manufactured,,,False,5,0.00,0.00,0.00,0
7049,6347370,completed,E12001160,-,"E12001160-ROPLAT,PIN,SS,1/8 X1/4",manufactured,,,False,42,0.00,0.00,0.00,0
7049,6347433,completed,E12002970,01,"E12002970-PLUG,MODIFIED,7/8 DIA",manufactured,,,False,1,0.00,0.00,0.00,0
7049,6347433,completed,E12002970,01,"E12002970-PLUG,MODIFIED,7/8 DIA",manufactured,,,False,3,0.00,0.00,0.00,0
7049,6347433,completed,E12002970,01,"E12002970-PLUG,MODIFIED,7/8 DIA",manufactured,,,False,22,0.00,0.00,0.00,0
7049,6347443,completed,E12005110,01,"E12005110-SCREW,SHOULDER,MOD.",manufactured,,,False,1,0.00,0.00,0.00,0
7049,6347443,completed,E12005110,01,"E12005110-SCREW,SHOULDER,MOD.",manufactured,,,False,18,0.00,0.00,0.00,0
7049,6347443,completed,E12005110,01,"E12005110-SCREW,SHOULDER,MOD.",manufactured,,,False,174,0.00,0.00,0.00,0
7049,6347447,completed,E12004010,1,GEAR REWORK ROTATING MASS SLIT .,manufactured,Acetal - Natural,MS - Mill,True,1,593.00,593.00,1393.00,44
7049,6347447,completed,E12004010,1,GEAR REWORK ROTATING MASS SLIT .,manufactured,Acetal - Natural,MS - Mill,True,2,307.00,614.00,1414.00,44
7049,6347447,completed,E12004010,1,GEAR REWORK ROTATING MASS SLIT .,manufactured,Acetal - Natural,MS - Mill,True,18,53.11,955.98,1755.98,45
7049,6347818,completed,E12012358,1,"GEAR,LEAD SCREW",manufactured,Acetal - Natural,MS - Mill,True,1,587.00,587.00,1387.00,44
7049,6347818,completed,E12012358,1,"GEAR,LEAD SCREW",manufactured,Acetal - Natural,MS - Mill,True,19,48.11,914.09,1714.09,45
7049,6347818,completed,E12012358,1,"GEAR,LEAD SCREW",manufactured,Acetal - Natural,MS - Mill,True,190,21.28,4043.20,4043.20,48
7049,6347830,completed,E12012970,A,"E12012970-GEAR,MOD.,RACK PROFILER",manufactured,,,False,1,0.00,0.00,0.00,0
7049,6347830,completed,E12012970,A,"E12012970-GEAR,MOD.,RACK PROFILER",manufactured,,,False,28,0.00,0.00,0.00,0
7049,6347830,completed,E12012970,A,"E12012970-GEAR,MOD.,RACK PROFILER",manufactured,,,False,278,0.00,0.00,0.00,0
7049,6347950,completed,E12013260,A,"E12013260-EYEBOLT, MODIFIED",manufactured,,,False,1,0.00,0.00,0.00,0
7049,6347950,completed,E12013260,A,"E12013260-EYEBOLT, MODIFIED",manufactured,,,False,8,0.00,0.00,0.00,0
7049,6348017,completed,E12013360,A,"E12013360-BUSHING, FEEDTHROUGH, ACCEL PS",manufactured,,,False,1,0.00,0.00,0.00,0
7049,6348017,completed,E12013360,A,"E12013360-BUSHING, FEEDTHROUGH, ACCEL PS",manufactured,,,False,6,0.00,0.00,0.00,0
7049,6348197,completed,E12102110,B,"MOD, CLAW CLAMP",manufactured,Aluminum 6061-T6,MS - Mill,True,1,587.00,587.00,1387.00,49
7049,6348197,completed,E12102110,B,"MOD, CLAW CLAMP",manufactured,Aluminum 6061-T6,MS - Mill,True,95,24.44,2321.80,2321.80,51
7049,6348197,completed,E12102110,B,"MOD, CLAW CLAMP",manufactured,Aluminum 6061-T6,MS - Mill,True,944,19.24,18162.56,18162.56,69
7049,6348214,completed,E12106890,,"CAP, VESDA, V3000",manufactured,CPVC,MS  - Assy,True,1,255.00,255.00,355.00,21
7049,6348214,completed,E12106890,,"CAP, VESDA, V3000",manufactured,CPVC,MS  - Assy,True,3,95.67,287.01,387.01,21
7049,6348214,completed,E12106890,,"CAP, VESDA, V3000",manufactured,CPVC,MS  - Assy,True,24,26.00,624.00,724.00,22
7049,6348278,completed,E12110510,B,"SCREW. CAPTIVE, 5/16""-24",manufactured,Stainless Steel 316,MS - Lathe,True,1,433.00,433.00,1233.00,41
7049,6348278,completed,E12110510,B,"SCREW. CAPTIVE, 5/16""-24",manufactured,Stainless Steel 316,MS - Lathe,True,76,19.59,1488.84,1488.84,42
7049,6348278,completed,E12110510,B,"SCREW. CAPTIVE, 5/16""-24",manufactured,Stainless Steel 316,MS - Lathe,True,752,14.77,11107.04,11107.04,52
7049,6348326,completed,E12110530,A,"SCREW,CAPTIVE #8-32, PAN HD,SLOT",manufactured,Stainless Steel 316,MS - Lathe,True,1,426.00,426.00,1226.00,41
7049,6348326,completed,E12110530,A,"SCREW,CAPTIVE #8-32, PAN HD,SLOT",manufactured,Stainless Steel 316,MS - Lathe,True,3,150.00,450.00,1250.00,41
7049,6348326,completed,E12110530,A,"SCREW,CAPTIVE #8-32, PAN HD,SLOT",manufactured,Stainless Steel 316,MS - Lathe,True,24,28.04,672.96,1472.96,42
7049,6348513,completed,E12113980,A,SPRING PIN END MODIFICATIO,manufactured,Stainless Steel 316,MS - Mill,True,1,758.00,758.00,1558.00,46
7049,6348513,completed,E12113980,A,SPRING PIN END MODIFICATIO,manufactured,Stainless Steel 316,MS - Mill,True,3,315.00,945.00,1745.00,46
7049,6348513,completed,E12113980,A,SPRING PIN END MODIFICATIO,manufactured,Stainless Steel 316,MS - Mill,True,30,115.00,3450.00,4250.00,47
7049,6348566,completed,E12116841,A,"GUARD, HARNESS, BULKHEAD",manufactured,Aluminum 5052-H32,SM - Piece,True,1,1180.00,1180.00,1780.00,57
7049,6348566,completed,E12116841,A,"GUARD, HARNESS, BULKHEAD",manufactured,Aluminum 5052-H32,SM - Piece,True,3,579.00,1737.00,2337.00,57
7049,6348566,completed,E12116841,A,"GUARD, HARNESS, BULKHEAD",manufactured,Aluminum 5052-H32,SM - Piece,True,26,315.00,8190.00,8790.00,61
7049,6348592,completed,E12121160,A,"KEY,5/32"",4-7/16"" LONG,FOR #10
HEX SCREW",manufactured,CRS,MS - Mill,True,1,547.00,547.00,1347.00,44
7049,6348592,completed,E12121160,A,"KEY,5/32"",4-7/16"" LONG,FOR #10
HEX SCREW",manufactured,CRS,MS - Mill,True,8,86.25,690.00,1490.00,45
7049,6348592,completed,E12121160,A,"KEY,5/32"",4-7/16"" LONG,FOR #10
HEX SCREW",manufactured,CRS,MS - Mill,True,78,27.24,2124.72,2124.72,46
7049,6348632,completed,E12124900,A,"SCREW, THUMB, VENTED, SS, 10-32",manufactured,Stainless Steel 18-8,MS - Mill,True,1,572.00,572.00,1372.00,43
7049,6348632,completed,E12124900,A,"SCREW, THUMB, VENTED, SS, 10-32",manufactured,Stainless Steel 18-8,MS - Mill,True,3,206.00,618.00,1418.00,43
7049,6348632,completed,E12124900,A,"SCREW, THUMB, VENTED, SS, 10-32",manufactured,Stainless Steel 18-8,MS - Mill,True,24,45.04,1080.96,1880.96,43
7049,6348807,completed,E12125620,A,"TIEDOWN  STRAP, BOLT- ON",manufactured,CRS,MS - Mill,True,1,604.00,604.00,1404.00,44
7049,6348807,completed,E12125620,A,"TIEDOWN  STRAP, BOLT- ON",manufactured,CRS,MS - Mill,True,7,110.00,770.00,1570.00,44
7049,6348807,completed,E12125620,A,"TIEDOWN  STRAP, BOLT- ON",manufactured,CRS,MS - Mill,True,64,36.06,2307.84,2307.84,46
7049,6349024,completed,E12126110,,"FASTENER, CHAMBER , DOOR",manufactured,Stainless Steel 316,MS - Mill,True,1,576.00,576.00,1376.00,43
7049,6349024,completed,E12126110,,"FASTENER, CHAMBER , DOOR",manufactured,Stainless Steel 316,MS - Mill,True,3,209.00,627.00,1427.00,43
7049,6349024,completed,E12126110,,"FASTENER, CHAMBER , DOOR",manufactured,Stainless Steel 316,MS - Mill,True,24,47.13,1131.12,1931.12,43
7049,6349519,completed,E12132010,A,"FLANGE,BLANK-OFF,NI PL,NW25",manufactured,Aluminum 6061-T6,MS - Mill,True,1,868.00,868.00,1768.00,65
7049,6349519,completed,E12132010,A,"FLANGE,BLANK-OFF,NI PL,NW25",manufactured,Aluminum 6061-T6,MS - Mill,True,8,126.00,1008.00,1908.00,65
7049,6349519,completed,E12132010,A,"FLANGE,BLANK-OFF,NI PL,NW25",manufactured,Aluminum 6061-T6,MS - Mill,True,72,36.13,2601.36,2601.36,66
7049,6439335,completed,E170004090,A,E170004090-ADJUSTER CTR PIVOT,manufactured,,,False,2,0.00,0.00,0.00,0
7049,6439349,completed,E170013350,B,"E170013350-BLANKOFF-4,CHAMBER, UPPER, MIR",manufactured,,,False,4,0.00,0.00,0.00,0
7049,6439356,completed,E17001360,02,"E17001360-VALVE,SOURCE,MUFF,SEAL,CLAMP",manufactured,,,False,12,0.00,0.00,0.00,0
7049,6439379,completed,E17001611,01,"E17001611-SHIELDING CUP,SUPPRESSION FEEDTHRU,MANIP",manufactured,,,False,6,0.00,0.00,0.00,0
7049,6439389,completed,E170016530,A,E170016530-PTC III IR BRACKET,manufactured,,,False,2,0.00,0.00,0.00,0
7049,6439407,completed,E17001690,04,"E17001690-RING,INNER,MANIPULATOR",manufactured,,,False,6,0.00,0.00,0.00,0
7049,6440660,completed,E170019720,A,"E170019720-PLATE, SHOULDER, MTG, SLIDE",manufactured,,,False,18,0.00,0.00,0.00,0
7049,6440693,completed,E170019730,A,"E170019730-RETAINER, NUT, LEAD SCREW",manufactured,,,False,84,0.00,0.00,0.00,0
7049,6440761,completed,E17002850,-,"E17002850-LOCKNUT,MANIPULATOR",manufactured,,,False,6,0.00,0.00,0.00,0
7049,6440855,completed,E170034340,A,"E170034340-.1876/.1878 PIN,6-40 THREAD",manufactured,,,False,238,0.00,0.00,0.00,0
7049,6440862,completed,E170035010,A,"E170035010-SUPPORT, SCAN BOX",manufactured,,,False,10,0.00,0.00,0.00,0
7049,6440879,completed,E170042870,A,"E170042870-MOUNTING PLATE, LIMIT SWTICH,HIGH",manufactured,,,False,8,0.00,0.00,0.00,0
7049,6440888,completed,E170042880,B,"E170042880-MOUNTING PLATE, LIMIT SWTICH,LOW",manufactured,,,False,8,0.00,0.00,0.00,0
7049,6440896,completed,E170055010,A,"E170055010-TOP BRKT, PRCSS CHMBR,WAFER VISION SYS",manufactured,,,False,14,0.00,0.00,0.00,0
7049,6440905,completed,E170055440,A,"E170055440-ELECTRODE, SUPPRESSION, CONICAL INSERT",manufactured,,,False,4,0.00,0.00,0.00,0
7049,6440918,completed,E170069550,A,"E170069550-GUIDE,SHAFT,SPUTTER MODULE",manufactured,,,False,2,0.00,0.00,0.00,0
7049,6440925,completed,E170076680,A,"E170076680-BALL SCREW SUPPORT, Z-AXIS",manufactured,,,False,96,0.00,0.00,0.00,0
7049,6440931,completed,E170078240,A,"E170078240-BASE, MOTOR, X-AXIS",manufactured,,,False,96,0.00,0.00,0.00,0
7049,6440946,completed,E17008190,05,"E17008190-BLOCK,SPACER,CASSETTE,150MM",manufactured,,,False,6,0.00,0.00,0.00,0
7049,6440964,completed,E170090240,A,"E170090240-BRACKET,WALKOUT,SENSOR,200MM",manufactured,,,False,4,0.00,0.00,0.00,0
7049,6440978,completed,E170103740,A,"E170103740-BRACKET, POTENTIOMETER",manufactured,,,False,8,0.00,0.00,0.00,0
7049,6441010,completed,E17297900,A,"E17297900-ROD, GUIDE, IHC-3K",manufactured,,,False,4,0.00,0.00,0.00,0
7049,6441067,completed,E18339420,A,"E18339420-GAUGE, NO-GO, ANGLE CONTROL",manufactured,,,False,54,0.00,0.00,0.00,0
7049,6441083,completed,E17497370,B,E17497370-plate adapter iso100,manufactured,,,False,40,0.00,0.00,0.00,0
7049,6441091,completed,E17962960,A,"E17962960-WASHER,SHIELD MOUNT,SS",manufactured,,,False,252,0.00,0.00,0.00,0
7076,6381898,completed,512-030-300-131,A,CLIP ASSY AVIONICS CLOSEOUT,manufactured,Aluminum 6013-T4,SM - Piece (combo),True,288,47.78,13760.64,13760.64,62
7072,6376345,completed,C403-00938-00,A,"STRUCTURE, COVER, BOTTOM, TRANSMIT, 
DRA-8AT1-12, VIREO",manufactured,,,False,2,0.00,0.00,0.00,0
7072,6376345,completed,C403-00938-00,A,"STRUCTURE, COVER, BOTTOM, TRANSMIT, 
DRA-8AT1-12, VIREO",manufactured,,,False,5,0.00,0.00,0.00,0
7072,6376345,completed,C403-00938-00,A,"STRUCTURE, COVER, BOTTOM, TRANSMIT, 
DRA-8AT1-12, VIREO",manufactured,,,False,8,0.00,0.00,0.00,0
7072,6376345,completed,C403-00938-00,A,"STRUCTURE, COVER, BOTTOM, TRANSMIT, 
DRA-8AT1-12, VIREO",manufactured,,,False,10,0.00,0.00,0.00,0
7072,6376346,completed,C403-00941-95,G,"ASSEMBLY, CHASSIS, VIREO, TRANSMIT, 
DRA-8AT1-12",manufactured,,,False,2,0.00,0.00,0.00,0
7072,6376346,completed,C403-00941-95,G,"ASSEMBLY, CHASSIS, VIREO, TRANSMIT, 
DRA-8AT1-12",manufactured,,,False,5,0.00,0.00,0.00,0
7072,6376346,completed,C403-00941-95,G,"ASSEMBLY, CHASSIS, VIREO, TRANSMIT, 
DRA-8AT1-12",manufactured,,,False,8,0.00,0.00,0.00,0
7072,6376346,completed,C403-00941-95,G,"ASSEMBLY, CHASSIS, VIREO, TRANSMIT, 
DRA-8AT1-12",manufactured,,,False,10,0.00,0.00,0.00,0
7072,6376448,completed,C403-01459-00,A,"STRUCTIRE, RANDOME FRAME, VIREO, TRANSMIT,",manufactured,Aluminum 6061-T6,SM - Piece,True,17,79.24,1347.08,1347.08,35
7072,6376459,completed,C403-01747-00,A,"STRUCTURE, MOUNTING PLATE, PROBE MOUNT, VIREO TRANSMIT",manufactured,Aluminum 6061-T6,SM - Piece,True,12,45.67,548.04,548.04,40
7072,6376474,completed,C403-02185-00,A,"STRUC TURE, BASE RF , C HASSIS, TR ANSM IT, DR A-8ATl -12, VIREO",assembled,Aluminum 6061-T6,MS  - Assy,True,3,1880.00,5640.00,7790.00,70
7072,6376350,completed,C403-02187-00,C,"STRUCTURE, COVER, BOTTOM, TRANSMIT, 
DRA-8AT1-12, VIREO",manufactured,,,False,19,0.00,0.00,0.00,0
7077,6381974,completed,512-030-300-063,A,BRACKET ASSY,manufactured,Aluminum 6013-T4,SM - Piece (combo),True,37,128.00,4736.00,4736.00,70
7074,6377141,completed,0022-21415,05,"RF HOUSING, VERTICAL, SYM3X",manufactured,Aluminum 6061-T6,MS - Mill Turn,True,1,2660.00,2660.00,4260.00,63
7074,6377141,completed,0022-21415,05,"RF HOUSING, VERTICAL, SYM3X",manufactured,Aluminum 6061-T6,MS - Mill Turn,True,5,862.00,4310.00,5910.00,63
7074,6377141,completed,0022-21415,05,"RF HOUSING, VERTICAL, SYM3X",manufactured,Aluminum 6061-T6,MS - Mill Turn,True,10,638.00,6380.00,7980.00,64
7074,6377141,completed,0022-21415,05,"RF HOUSING, VERTICAL, SYM3X",manufactured,Aluminum 6061-T6,MS - Mill Turn,True,15,563.00,8445.00,10045.00,65
7074,6377141,completed,0022-21415,05,"RF HOUSING, VERTICAL, SYM3X",manufactured,Aluminum 6061-T6,MS - Mill Turn,True,20,526.00,10520.00,12120.00,66
7074,6377141,completed,0022-21415,05,"RF HOUSING, VERTICAL, SYM3X",manufactured,Aluminum 6061-T6,MS - Mill Turn,True,30,488.00,14640.00,16240.00,68
7081,6389864,no_quote,204-030-846-001,G,SWIVEL ASSY,manufactured,,,False,16,0.00,0.00,0.00,0
7079,6387161,completed,901-077-150-103,B,CHASSIS,manufactured,,Aerospace Assembly,False,1,5223.00,5223.00,5943.00,80
7079,6387161,completed,901-077-150-103,B,CHASSIS,manufactured,,Aerospace Assembly,False,4,2970.00,11880.00,12600.00,80
7079,6387161,completed,901-077-150-103,B,CHASSIS,manufactured,,Aerospace Assembly,False,10,2053.00,20530.00,21250.00,80
7079,6387190,completed,901-077-150-105,,"COVER, ACCESS",manufactured,Aluminum 6061-T4,SM - Piece (combo),True,1,1399.00,1399.00,1399.00,60
7079,6387190,completed,901-077-150-105,,"COVER, ACCESS",manufactured,Aluminum 6061-T4,SM - Piece (combo),True,4,437.00,1748.00,1748.00,60
7079,6387190,completed,901-077-150-105,,"COVER, ACCESS",manufactured,Aluminum 6061-T4,SM - Piece (combo),True,10,244.00,2440.00,2440.00,60
7079,6387191,completed,601-077-150-107,A,COVER RELAY,manufactured,Aluminum 6061-T4,SM - Piece (combo),True,1,1243.00,1243.00,1243.00,60
7079,6387191,completed,601-077-150-107,A,COVER RELAY,manufactured,Aluminum 6061-T4,SM - Piece (combo),True,4,357.00,1428.00,1428.00,60
7079,6387191,completed,601-077-150-107,A,COVER RELAY,manufactured,Aluminum 6061-T4,SM - Piece (combo),True,10,176.00,1760.00,1760.00,60
7082,6390118,completed,E170122590,A,"E170122590-RING, SUPPORT",manufactured,Aluminum 6061-T6,MS - Mill Turn,True,4,308.00,1232.00,2032.00,48
7084,6391864,no_quote,0020-33786,02,"PLATE, MXP,GAS DISTRIBUTION,200MM, HEWEB",manufactured,,NQ - Tight Tolerances,False,1,0.00,0.00,0.00,5
7084,6391864,no_quote,0020-33786,02,"PLATE, MXP,GAS DISTRIBUTION,200MM, HEWEB",manufactured,,NQ - Tight Tolerances,False,3,0.00,0.00,0.00,5
7084,6391864,no_quote,0020-33786,02,"PLATE, MXP,GAS DISTRIBUTION,200MM, HEWEB",manufactured,,NQ - Tight Tolerances,False,5,0.00,0.00,0.00,5
7084,6391864,no_quote,0020-33786,02,"PLATE, MXP,GAS DISTRIBUTION,200MM, HEWEB",manufactured,,NQ - Tight Tolerances,False,10,0.00,0.00,0.00,5
7085,6391933,no_quote,512-030-800-119,-,FITTING ASSY - LH AFT LWR - SLIDING DOOR,assembled,,,False,21,0.36,7.56,7.56,0
7085,6391934,no_quote,512-030-800-120,-,FITTING ASSY - RH AFT LWR - SLIDING DOOR,assembled,,,False,25,0.36,9.00,9.00,0
7085,6391935,no_quote,512-030-800-121,A,ROLLER SUPPORT ASSY FWD - SLIDING DOOR,assembled,,,False,52,6.18,321.36,321.36,0
7085,6391936,no_quote,512-030-800-147,D,"FITTING ASSY, FWD LOWER - SLIDING DOOR",assembled,,,False,41,0.18,7.38,7.38,0
7083,6390305,completed,e17885670,A,"E17885670-ARM, CONTACT, RELAY, LE, 40KV",manufactured,Brass 485,MS - Mill,True,28,203.00,5684.00,6484.00,52
7048,6343244,completed,E17018032,,"ROPLAT— TUBE ASSY, CLAMP P 1 /
SIN. 100,125,150,200MM",manufactured,,NQ - Not a Core Competency,False,1,850.26,850.26,850.26,5
7048,6343244,completed,E17018032,,"ROPLAT— TUBE ASSY, CLAMP P 1 /
SIN. 100,125,150,200MM",manufactured,,NQ - Not a Core Competency,False,10,127.89,1278.90,1278.90,5
7048,6343266,completed,E17022610,A,"LINK, SPRING, ROPLAT",manufactured,Bronze 660,MS - Mill,True,1,736.00,736.00,1636.00,44
7048,6343266,completed,E17022610,A,"LINK, SPRING, ROPLAT",manufactured,Bronze 660,MS - Mill,True,4,208.00,832.00,1732.00,45
7048,6343266,completed,E17022610,A,"LINK, SPRING, ROPLAT",manufactured,Bronze 660,MS - Mill,True,40,48.87,1954.80,2854.80,46
7048,6343544,no_quote,E17102970,,,manufactured,,,False,1,0.00,0.00,0.00,0
7048,6343544,no_quote,E17102970,,,manufactured,,,False,2,0.00,0.00,0.00,0
7048,6343544,no_quote,E17102970,,,manufactured,,,False,20,0.00,0.00,0.00,0
7048,6343552,no_quote,E17106160,,,manufactured,,,False,1,0.00,0.00,0.00,0
7048,6343552,no_quote,E17106160,,,manufactured,,,False,8,0.00,0.00,0.00,0
7048,6343586,no_quote,E17106170,,,manufactured,,,False,1,0.00,0.00,0.00,0
7048,6343586,no_quote,E17106170,,,manufactured,,,False,8,0.00,0.00,0.00,0
7048,6343743,no_quote,E17106180,,,manufactured,,,False,1,0.00,0.00,0.00,0
7048,6343743,no_quote,E17106180,,,manufactured,,,False,8,0.00,0.00,0.00,0
7048,6343795,completed,E17110370,1,BUS BAR 28 POS GND-NEUT,manufactured,Copper 101,MS - Mill,True,1,684.00,684.00,1484.00,41
7048,6343795,completed,E17110370,1,BUS BAR 28 POS GND-NEUT,manufactured,Copper 101,MS - Mill,True,3,287.00,861.00,1661.00,41
7048,6343795,completed,E17110370,1,BUS BAR 28 POS GND-NEUT,manufactured,Copper 101,MS - Mill,True,26,111.00,2886.00,3686.00,43
7048,6344025,completed,E17220250,B,"FEED THRU, ELECTRIC, PIN 100 AMP",manufactured,Brass,MS - Lathe,True,1,977.00,977.00,1777.00,42
7048,6344025,completed,E17220250,B,"FEED THRU, ELECTRIC, PIN 100 AMP",manufactured,Brass,MS - Lathe,True,15,154.00,2310.00,3110.00,42
7048,6344025,completed,E17220250,B,"FEED THRU, ELECTRIC, PIN 100 AMP",manufactured,Brass,MS - Lathe,True,144,87.13,12546.72,12546.72,49
7048,6344087,no_quote,E17400390,,,manufactured,,,False,1,0.00,0.00,0.00,0
7048,6344087,no_quote,E17400390,,,manufactured,,,False,2,0.00,0.00,0.00,0
7048,6344087,no_quote,E17400390,,,manufactured,,,False,12,0.00,0.00,0.00,0
7048,6344261,completed,E17460220,A,"SH ELD, MAGNET FI ELD, REOOLV APERT",manufactured,Carbon Steel A1018,MS - Mill,True,1,1090.00,1090.00,1890.00,60
7048,6344261,completed,E17460220,A,"SH ELD, MAGNET FI ELD, REOOLV APERT",manufactured,Carbon Steel A1018,MS - Mill,True,2,589.00,1178.00,1978.00,60
7048,6344261,completed,E17460220,A,"SH ELD, MAGNET FI ELD, REOOLV APERT",manufactured,Carbon Steel A1018,MS - Mill,True,18,176.00,3168.00,3968.00,62
7048,6344286,completed,E17486320,C,"SPLIT CLAMP, RF COIL",manufactured,Copper 110,MS - Mill,True,1,822.00,822.00,1622.00,53
7048,6344286,completed,E17486320,C,"SPLIT CLAMP, RF COIL",manufactured,Copper 110,MS - Mill,True,8,130.00,1040.00,1840.00,53
7048,6344286,completed,E17486320,C,"SPLIT CLAMP, RF COIL",manufactured,Copper 110,MS - Mill,True,80,41.23,3298.40,3298.40,55
7048,6344309,completed,E17494990,2,BUS BAR,manufactured,Copper 110,MS - Mill,True,1,946.00,946.00,1746.00,57
7048,6344309,completed,E17494990,2,BUS BAR,manufactured,Copper 110,MS - Mill,True,3,357.00,1071.00,1871.00,57
7048,6344309,completed,E17494990,2,BUS BAR,manufactured,Copper 110,MS - Mill,True,26,112.00,2912.00,3712.00,59
7048,6344350,completed,E17987690,A,"BRACKET,FEEDTHRU,LAMP, VAPORIZER",manufactured,Copper 110,MS - Mill,True,1,608.00,608.00,1408.00,44
7048,6344350,completed,E17987690,A,"BRACKET,FEEDTHRU,LAMP, VAPORIZER",manufactured,Copper 110,MS - Mill,True,6,126.00,756.00,1556.00,44
7048,6344350,completed,E17987690,A,"BRACKET,FEEDTHRU,LAMP, VAPORIZER",manufactured,Copper 110,MS - Mill,True,52,40.06,2083.12,2083.12,46
7048,6344363,completed,E18300532,B,"BASE, FIXTURE, CALIBRATION, EPM",manufactured,Brass,MS - Mill Turn,True,1,1230.00,1230.00,2030.00,46
7048,6344363,completed,E18300532,B,"BASE, FIXTURE, CALIBRATION, EPM",manufactured,Brass,MS - Mill Turn,True,3,504.00,1512.00,2312.00,46
7048,6344363,completed,E18300532,B,"BASE, FIXTURE, CALIBRATION, EPM",manufactured,Brass,MS - Mill Turn,True,24,186.00,4464.00,5264.00,48
7048,6344455,completed,E11396470,A,HVSTACK CONNECTION ASSY,manufactured,,,False,1,0.00,0.00,0.00,0
7048,6344455,completed,E11396470,A,HVSTACK CONNECTION ASSY,manufactured,,,False,10,0.00,0.00,0.00,0
7048,6344471,no_quote,E170013700,A,"TOOL,APERTURE ASSY",manufactured,,NQ - Not a Core Competency,False,1,0.00,0.00,0.00,5
7048,6344471,no_quote,E170013700,A,"TOOL,APERTURE ASSY",manufactured,,NQ - Not a Core Competency,False,5,0.00,0.00,0.00,5
7048,6344471,no_quote,E170013700,A,"TOOL,APERTURE ASSY",manufactured,,NQ - Not a Core Competency,False,10,0.00,0.00,0.00,5
7048,6344471,no_quote,E170013700,A,"TOOL,APERTURE ASSY",manufactured,,NQ - Not a Core Competency,False,15,0.00,0.00,0.00,5
7048,6344471,no_quote,E170013700,A,"TOOL,APERTURE ASSY",manufactured,,NQ - Not a Core Competency,False,25,0.00,0.00,0.00,5
7048,6344471,no_quote,E170013700,A,"TOOL,APERTURE ASSY",manufactured,,NQ - Not a Core Competency,False,146,0.00,0.00,0.00,5
7048,6344753,no_quote,E170348920,A,"APERTURE,24 PIXEL, XP3",manufactured,,NQ - Tight Tolerances,False,1,0.00,0.00,0.00,5
7048,6344753,no_quote,E170348920,A,"APERTURE,24 PIXEL, XP3",manufactured,,NQ - Tight Tolerances,False,5,0.00,0.00,0.00,5
7048,6344753,no_quote,E170348920,A,"APERTURE,24 PIXEL, XP3",manufactured,,NQ - Tight Tolerances,False,8,0.00,0.00,0.00,5
7048,6344753,no_quote,E170348920,A,"APERTURE,24 PIXEL, XP3",manufactured,,NQ - Tight Tolerances,False,10,0.00,0.00,0.00,5
7048,6344753,no_quote,E170348920,A,"APERTURE,24 PIXEL, XP3",manufactured,,NQ - Tight Tolerances,False,25,0.00,0.00,0.00,5
7048,6344959,completed,E170373380,A,"PLATE,MOUNTING POWER SUPPLY LCS50US24",manufactured,Aluminum 5052-H32,SM - Piece,True,1,415.00,415.00,1015.00,45
7048,6344959,completed,E170373380,A,"PLATE,MOUNTING POWER SUPPLY LCS50US24",manufactured,Aluminum 5052-H32,SM - Piece,True,5,93.20,466.00,1066.00,45
7048,6344959,completed,E170373380,A,"PLATE,MOUNTING POWER SUPPLY LCS50US24",manufactured,Aluminum 5052-H32,SM - Piece,True,6,83.50,501.00,1101.00,45
7048,6344959,completed,E170373380,A,"PLATE,MOUNTING POWER SUPPLY LCS50US24",manufactured,Aluminum 5052-H32,SM - Piece,True,10,55.20,552.00,1152.00,45
7048,6344959,completed,E170373380,A,"PLATE,MOUNTING POWER SUPPLY LCS50US24",manufactured,Aluminum 5052-H32,SM - Piece,True,25,32.36,809.00,1409.00,46
7048,6344967,completed,E17055165,C,"STRAP,TPFG,ENTRANCE APERTURE",manufactured,Aluminum 5052-H32,SM - Piece,True,1,318.00,318.00,918.00,43
7048,6344967,completed,E17055165,C,"STRAP,TPFG,ENTRANCE APERTURE",manufactured,Aluminum 5052-H32,SM - Piece,True,5,72.00,360.00,960.00,43
7048,6344967,completed,E17055165,C,"STRAP,TPFG,ENTRANCE APERTURE",manufactured,Aluminum 5052-H32,SM - Piece,True,7,54.43,381.01,981.01,43
7048,6344967,completed,E17055165,C,"STRAP,TPFG,ENTRANCE APERTURE",manufactured,Aluminum 5052-H32,SM - Piece,True,10,41.20,412.00,1012.00,43
7048,6344967,completed,E17055165,C,"STRAP,TPFG,ENTRANCE APERTURE",manufactured,Aluminum 5052-H32,SM - Piece,True,25,22.76,569.00,1169.00,43
7048,6344967,completed,E17055165,C,"STRAP,TPFG,ENTRANCE APERTURE",manufactured,Aluminum 5052-H32,SM - Piece,True,64,15.30,979.20,979.20,43
7048,6344974,completed,E17304180,B,"WELDMENT,ERGOLIFT BRAC",manufactured,Aluminum 6061-T6,SM - Assy,True,1,1870.00,1870.00,1970.00,22
7048,6344974,completed,E17304180,B,"WELDMENT,ERGOLIFT BRAC",manufactured,Aluminum 6061-T6,SM - Assy,True,2,1050.00,2100.00,2200.00,22
7048,6344974,completed,E17304180,B,"WELDMENT,ERGOLIFT BRAC",manufactured,Aluminum 6061-T6,SM - Assy,True,5,560.00,2800.00,2900.00,22
7048,6344974,completed,E17304180,B,"WELDMENT,ERGOLIFT BRAC",manufactured,Aluminum 6061-T6,SM - Assy,True,10,397.00,3970.00,4070.00,23
7048,6344974,completed,E17304180,B,"WELDMENT,ERGOLIFT BRAC",manufactured,Aluminum 6061-T6,SM - Assy,True,18,324.00,5832.00,5932.00,24
7048,6344974,completed,E17304180,B,"WELDMENT,ERGOLIFT BRAC",manufactured,Aluminum 6061-T6,SM - Assy,True,25,299.00,7475.00,7575.00,25
7048,6345002,completed,E17454510,4,"BRACKET,MOUNTING,",assembled,Aluminum 6061-T6,SM - Assy,True,1,2640.00,2640.00,2840.00,35
7048,6345002,completed,E17454510,4,"BRACKET,MOUNTING,",assembled,Aluminum 6061-T6,SM - Assy,True,2,1640.00,3280.00,3480.00,36
7048,6345002,completed,E17454510,4,"BRACKET,MOUNTING,",assembled,Aluminum 6061-T6,SM - Assy,True,5,1030.00,5150.00,5350.00,37
7048,6345002,completed,E17454510,4,"BRACKET,MOUNTING,",assembled,Aluminum 6061-T6,SM - Assy,True,10,825.00,8250.00,8450.00,39
7048,6345002,completed,E17454510,4,"BRACKET,MOUNTING,",assembled,Aluminum 6061-T6,SM - Assy,True,18,744.00,13392.00,13592.00,41
7048,6345002,completed,E17454510,4,"BRACKET,MOUNTING,",assembled,Aluminum 6061-T6,SM - Assy,True,25,706.00,17650.00,17850.00,44
7048,6345028,completed,E17707391,A,"PLATE, COOLING HOSE MOUNT",manufactured,Stainless Steel 304L,MS - Mill,True,1,963.00,963.00,1763.00,44
7048,6345028,completed,E17707391,A,"PLATE, COOLING HOSE MOUNT",manufactured,Stainless Steel 304L,MS - Mill,True,4,362.00,1448.00,2248.00,44
7048,6345028,completed,E17707391,A,"PLATE, COOLING HOSE MOUNT",manufactured,Stainless Steel 304L,MS - Mill,True,5,322.00,1610.00,2410.00,44
7048,6345028,completed,E17707391,A,"PLATE, COOLING HOSE MOUNT",manufactured,Stainless Steel 304L,MS - Mill,True,10,242.00,2420.00,3220.00,45
7048,6345028,completed,E17707391,A,"PLATE, COOLING HOSE MOUNT",manufactured,Stainless Steel 304L,MS - Mill,True,25,194.00,4850.00,5650.00,46
7048,6345028,completed,E17707391,A,"PLATE, COOLING HOSE MOUNT",manufactured,Stainless Steel 304L,MS - Mill,True,34,186.00,6324.00,7124.00,47
7048,6345045,completed,E17990510,A,"HANDLE, RMS LIFT",manufactured,Aluminum 6061-T6,MS - Mill,True,1,836.00,836.00,1636.00,53
7048,6345045,completed,E17990510,A,"HANDLE, RMS LIFT",manufactured,Aluminum 6061-T6,MS - Mill,True,5,241.00,1205.00,2005.00,53
7048,6345045,completed,E17990510,A,"HANDLE, RMS LIFT",manufactured,Aluminum 6061-T6,MS - Mill,True,8,212.00,1696.00,2496.00,53
7048,6345045,completed,E17990510,A,"HANDLE, RMS LIFT",manufactured,Aluminum 6061-T6,MS - Mill,True,10,182.00,1820.00,2620.00,53
7048,6345045,completed,E17990510,A,"HANDLE, RMS LIFT",manufactured,Aluminum 6061-T6,MS - Mill,True,25,146.00,3650.00,4450.00,54
7048,6345083,completed,4124400,1,"FLANGE, COLUMN, H.E.",manufactured,Stainless Steel 304L,MS - Mill Turn,True,1,4080.00,4080.00,4880.00,52
7048,6345083,completed,4124400,1,"FLANGE, COLUMN, H.E.",manufactured,Stainless Steel 304L,MS - Mill Turn,True,4,3230.00,12920.00,13720.00,55
7048,6345122,completed,E17086470,2,"SPACER, BUS BAR",manufactured,Copper 110,MS - Mill,True,1,752.00,752.00,1552.00,60
7048,6345122,completed,E17086470,2,"SPACER, BUS BAR",manufactured,Copper 110,MS - Mill,True,5,166.00,830.00,1630.00,60
7048,6345122,completed,E17086470,2,"SPACER, BUS BAR",manufactured,Copper 110,MS - Mill,True,10,92.60,926.00,1726.00,60
7048,6345122,completed,E17086470,2,"SPACER, BUS BAR",manufactured,Copper 110,MS - Mill,True,25,48.60,1215.00,2015.00,60
7048,6345122,completed,E17086470,2,"SPACER, BUS BAR",manufactured,Copper 110,MS - Mill,True,50,35.58,1779.00,1779.00,61
7048,6345122,completed,E17086470,2,"SPACER, BUS BAR",manufactured,Copper 110,MS - Mill,True,100,29.60,2960.00,2960.00,62
7048,6345122,completed,E17086470,2,"SPACER, BUS BAR",manufactured,Copper 110,MS - Mill,True,200,26.49,5298.00,5298.00,64
7048,6345122,completed,E17086470,2,"SPACER, BUS BAR",manufactured,Copper 110,MS - Mill,True,670,24.29,16274.30,16274.30,75
7048,6345158,completed,E17524420,2,STRAP PLANTEN GROUND,manufactured,Stainless Steel 304,SM - Piece,True,1,365.00,365.00,965.00,44
7048,6345158,completed,E17524420,2,STRAP PLANTEN GROUND,manufactured,Stainless Steel 304,SM - Piece,True,5,78.60,393.00,993.00,44
7048,6345158,completed,E17524420,2,STRAP PLANTEN GROUND,manufactured,Stainless Steel 304,SM - Piece,True,10,42.90,429.00,1029.00,44
7048,6345158,completed,E17524420,2,STRAP PLANTEN GROUND,manufactured,Stainless Steel 304,SM - Piece,True,20,25.00,500.00,1100.00,44
7048,6345158,completed,E17524420,2,STRAP PLANTEN GROUND,manufactured,Stainless Steel 304,SM - Piece,True,96,10.84,1040.64,1040.64,45
7048,6345189,completed,E170038160,A,"BRACKET, RMS LIFT",manufactured,Aluminum 6061-T6,MS - Mill,True,1,1580.00,1580.00,2380.00,60
7048,6345189,completed,E170038160,A,"BRACKET, RMS LIFT",manufactured,Aluminum 6061-T6,MS - Mill,True,2,788.00,1576.00,2376.00,60
7048,6345189,completed,E170038160,A,"BRACKET, RMS LIFT",manufactured,Aluminum 6061-T6,MS - Mill,True,8,467.00,3736.00,4536.00,61
7048,6345229,no_quote,4125300,A,"RING, GIMBAL",manufactured,,NQ - Not a Core Competency,False,1,0.00,0.00,0.00,5
7048,6345229,no_quote,4125300,A,"RING, GIMBAL",manufactured,,NQ - Not a Core Competency,False,6,0.00,0.00,0.00,5
7048,6345243,completed,E17009150,3,,manufactured,Aluminum 6061-T6,MS - Lathe,False,1,717.00,717.00,1517.00,56
7048,6345243,completed,E17009150,3,,manufactured,Aluminum 6061-T6,MS - Lathe,False,2,370.00,740.00,1540.00,56
7048,6345243,completed,E17009150,3,,manufactured,Aluminum 6061-T6,MS - Lathe,False,12,79.83,957.96,1757.96,56
7048,6345259,completed,E17013040,A,,manufactured,Aluminum 6061-T6,MS - Mill Turn,False,1,1250.00,1250.00,2050.00,60
7048,6345259,completed,E17013040,A,,manufactured,Aluminum 6061-T6,MS - Mill Turn,False,6,292.00,1752.00,2552.00,61
7048,6345279,completed,E170160360,A,,manufactured,Aluminum 6061-T6,MS - Mill Turn,False,1,1250.00,1250.00,2050.00,60
7048,6345279,completed,E170160360,A,,manufactured,Aluminum 6061-T6,MS - Mill Turn,False,2,666.00,1332.00,2132.00,61
7048,6345279,completed,E170160360,A,,manufactured,Aluminum 6061-T6,MS - Mill Turn,False,20,145.00,2900.00,3700.00,62
7048,6345316,completed,E170239660,A,"ADAPTER,HARMONIC DRIVE,PRIMARY",manufactured,Aluminum 6061-T6,MS - Mill Turn,True,1,1360.00,1360.00,2160.00,56
7048,6345316,completed,E170239660,A,"ADAPTER,HARMONIC DRIVE,PRIMARY",manufactured,Aluminum 6061-T6,MS - Mill Turn,True,2,721.00,1442.00,2242.00,56
7048,6345316,completed,E170239660,A,"ADAPTER,HARMONIC DRIVE,PRIMARY",manufactured,Aluminum 6061-T6,MS - Mill Turn,True,20,154.00,3080.00,3880.00,57
7048,6345484,completed,E170322030,A,,manufactured,Aluminum 6061-T6,MS - Lathe,False,1,734.00,734.00,1534.00,56
7048,6345484,completed,E170322030,A,,manufactured,Aluminum 6061-T6,MS - Lathe,False,2,382.00,764.00,1564.00,56
7048,6345484,completed,E170322030,A,,manufactured,Aluminum 6061-T6,MS - Lathe,False,8,119.00,952.00,1752.00,56
7048,6345683,completed,E17186530,,,manufactured,Stainless Steel 304L,MS - Mill Turn,False,1,1190.00,1190.00,1990.00,51
7048,6345683,completed,E17186530,,,manufactured,Stainless Steel 304L,MS - Mill Turn,False,4,346.00,1384.00,2184.00,51
7048,6345683,completed,E17186530,,,manufactured,Stainless Steel 304L,MS - Mill Turn,False,32,102.00,3264.00,4064.00,53
7048,6345705,completed,E17199620,,PIN. CLEVIS,manufactured,Stainless Steel 304L,MS - Lathe,True,1,732.00,732.00,1532.00,51
7048,6345705,completed,E17199620,,PIN. CLEVIS,manufactured,Stainless Steel 304L,MS - Lathe,True,4,205.00,820.00,1620.00,51
7048,6345705,completed,E17199620,,PIN. CLEVIS,manufactured,Stainless Steel 304L,MS - Lathe,True,38,47.89,1819.82,2619.82,52
7048,6350245,completed,E17213270,A,,manufactured,Stainless Steel 304L,MS - Lathe,False,1,696.00,696.00,1496.00,51
7048,6350245,completed,E17213270,A,,manufactured,Stainless Steel 304L,MS - Lathe,False,2,359.00,718.00,1518.00,51
7048,6350245,completed,E17213270,A,,manufactured,Stainless Steel 304L,MS - Lathe,False,14,70.86,992.04,1792.04,51
7048,6345784,completed,E17271720,A,FLANGE ADAPTER ISO,manufactured,Aluminum 6061-T6,MS - Mill Turn,True,1,1500.00,1500.00,2600.00,56
7048,6345784,completed,E17271720,A,FLANGE ADAPTER ISO,manufactured,Aluminum 6061-T6,MS - Mill Turn,True,2,883.00,1766.00,2866.00,56
7048,6345784,completed,E17271720,A,FLANGE ADAPTER ISO,manufactured,Aluminum 6061-T6,MS - Mill Turn,True,16,350.00,5600.00,6700.00,58
7048,6396176,no_quote,E11103440-2,C,"E11103440-LIFTING FIXTURE ASSY,BUFFER FAN",manufactured,HRS,SM - Assy,True,1,415.00,415.00,415.00,0
7048,6441547,completed,E11103440-2,C,"E11103440-LIFTING FIXTURE ASSY,BUFFER FAN",manufactured,HRS,SM - Assy,True,1,415.00,415.00,415.00,0
7048,6396278,no_quote,E17519990,C,"E17519990-PLATE,STEEL",manufactured,,NQ - Tight Tolerances,False,5,0.00,0.00,0.00,5
7048,6396278,no_quote,E17519990,C,"E17519990-PLATE,STEEL",manufactured,,NQ - Tight Tolerances,False,10,0.00,0.00,0.00,5
7048,6396278,no_quote,E17519990,C,"E17519990-PLATE,STEEL",manufactured,,NQ - Tight Tolerances,False,25,0.00,0.00,0.00,5
7048,6396278,no_quote,E17519990,C,"E17519990-PLATE,STEEL",manufactured,,NQ - Tight Tolerances,False,34,0.00,0.00,0.00,5
7048,6396292,completed,C1188628,,"C1188628-ROD,WIRE,TABULATED,24 INCH",manufactured,Stainless Steel 304,SM - Piece,True,5,113.00,565.00,1065.00,40
7048,6396292,completed,C1188628,,"C1188628-ROD,WIRE,TABULATED,24 INCH",manufactured,Stainless Steel 304,SM - Piece,True,10,82.80,828.00,1328.00,40
7048,6396292,completed,C1188628,,"C1188628-ROD,WIRE,TABULATED,24 INCH",manufactured,Stainless Steel 304,SM - Piece,True,25,65.04,1626.00,2126.00,40
7048,6396292,completed,C1188628,,"C1188628-ROD,WIRE,TABULATED,24 INCH",manufactured,Stainless Steel 304,SM - Piece,True,50,59.14,2957.00,2957.00,40
7048,6413751,completed,e170292120,C,"ROD, SHORTING, 90 MODULE, HCV",manufactured,Aluminum 6061-T6,MS - Mill,True,6,154.00,924.00,1724.00,52
7048,6413781,completed,E170208470,A,THERMION PD CLAMP BACK,manufactured,Aluminum 6061-T6,MS - Mill,True,1,976.00,976.00,1776.00,50
7048,6413781,completed,E170208470,A,THERMION PD CLAMP BACK,manufactured,Aluminum 6061-T6,MS - Mill,True,5,241.00,1205.00,2005.00,50
7048,6413781,completed,E170208470,A,THERMION PD CLAMP BACK,manufactured,Aluminum 6061-T6,MS - Mill,True,6,220.00,1320.00,2120.00,51
7048,6413781,completed,E170208470,A,THERMION PD CLAMP BACK,manufactured,Aluminum 6061-T6,MS - Mill,True,10,149.00,1490.00,2290.00,51
7048,6413781,completed,E170208470,A,THERMION PD CLAMP BACK,manufactured,Aluminum 6061-T6,MS - Mill,True,15,119.00,1785.00,2585.00,51
7048,6413781,completed,E170208470,A,THERMION PD CLAMP BACK,manufactured,Aluminum 6061-T6,MS - Mill,True,30,87.57,2627.10,3427.10,52
7048,6413781,completed,E170208470,A,THERMION PD CLAMP BACK,manufactured,Aluminum 6061-T6,MS - Mill,True,40,79.90,3196.00,3996.00,52
7048,6433362,completed,E17519820,A,"STANDOFF, APERTURE, MPAL",manufactured,CRS,MS - Mill,True,1,1830.00,1830.00,2630.00,62
7048,6433362,completed,E17519820,A,"STANDOFF, APERTURE, MPAL",manufactured,CRS,MS - Mill,True,5,463.00,2315.00,3115.00,62
7048,6433362,completed,E17519820,A,"STANDOFF, APERTURE, MPAL",manufactured,CRS,MS - Mill,True,7,366.00,2562.00,3362.00,62
7048,6433362,completed,E17519820,A,"STANDOFF, APERTURE, MPAL",manufactured,CRS,MS - Mill,True,10,293.00,2930.00,3730.00,63
7048,6433362,completed,E17519820,A,"STANDOFF, APERTURE, MPAL",manufactured,CRS,MS - Mill,True,25,194.00,4850.00,5650.00,64
7048,6433362,completed,E17519820,A,"STANDOFF, APERTURE, MPAL",manufactured,CRS,MS - Mill,True,34,178.00,6052.00,6852.00,65
7048,6433467,completed,E170255070,A,"LEVELING PAD, FRAME, ACCEL",assembled,CRS,MS  - Assy,True,1,2090.00,2090.00,2890.00,49
7048,6433467,completed,E170255070,A,"LEVELING PAD, FRAME, ACCEL",assembled,CRS,MS  - Assy,True,5,657.00,3285.00,4085.00,50
7048,6433467,completed,E170255070,A,"LEVELING PAD, FRAME, ACCEL",assembled,CRS,MS  - Assy,True,10,478.00,4780.00,5580.00,50
7048,6433467,completed,E170255070,A,"LEVELING PAD, FRAME, ACCEL",assembled,CRS,MS  - Assy,True,25,370.00,9250.00,10050.00,51
7048,6433467,completed,E170255070,A,"LEVELING PAD, FRAME, ACCEL",assembled,CRS,MS  - Assy,True,46,338.00,15548.00,16348.00,52
7048,6433580,completed,E17846610,A,"SUPPORT,APERTURE,ENTRANCE
PC,PFG,WIDE,HC",manufactured,Aluminum 6061-T6,MS - Mill,True,1,618.00,618.00,1418.00,47
7048,6433580,completed,E17846610,A,"SUPPORT,APERTURE,ENTRANCE
PC,PFG,WIDE,HC",manufactured,Aluminum 6061-T6,MS - Mill,True,5,165.00,825.00,1625.00,47
7048,6433580,completed,E17846610,A,"SUPPORT,APERTURE,ENTRANCE
PC,PFG,WIDE,HC",manufactured,Aluminum 6061-T6,MS - Mill,True,10,109.00,1090.00,1890.00,47
7048,6433580,completed,E17846610,A,"SUPPORT,APERTURE,ENTRANCE
PC,PFG,WIDE,HC",manufactured,Aluminum 6061-T6,MS - Mill,True,25,74.16,1854.00,2654.00,48
7048,6433580,completed,E17846610,A,"SUPPORT,APERTURE,ENTRANCE
PC,PFG,WIDE,HC",manufactured,Aluminum 6061-T6,MS - Mill,True,100,57.69,5769.00,5769.00,51
7048,6433580,completed,E17846610,A,"SUPPORT,APERTURE,ENTRANCE
PC,PFG,WIDE,HC",manufactured,Aluminum 6061-T6,MS - Mill,True,528,53.07,28020.96,28020.96,72
7088,6392944,no_quote,212-070-413-001,F,SHAFT RAM AIR CONTROL ASSY,manufactured,,,False,30,0.00,0.00,0.00,0
7088,6392945,no_quote,212-070-413-002,F,SHAFT RAM AIR CONTROL ASSY,manufactured,,,False,30,0.00,0.00,0.00,0
7086,6392307,completed,0040-76555,02,TRAY STORAGE WAFER DUMMY WBLL CMF CENTUR,assembled,Aluminum 6061-T6,MS  - Assy,True,1,1650.00,1650.00,3450.00,52
7086,6392307,completed,0040-76555,02,TRAY STORAGE WAFER DUMMY WBLL CMF CENTUR,assembled,Aluminum 6061-T6,MS  - Assy,True,5,497.00,2485.00,4285.00,52
7086,6392307,completed,0040-76555,02,TRAY STORAGE WAFER DUMMY WBLL CMF CENTUR,assembled,Aluminum 6061-T6,MS  - Assy,True,10,359.00,3590.00,5390.00,52
7086,6468111,completed,0040-13128,02,TRAY STORAGE WAFER DUMMY WBLL CMF CENTUR,assembled,Aluminum 6061-T6,MS  - Assy,True,1,1780.00,1780.00,3580.00,59
7086,6468111,completed,0040-13128,02,TRAY STORAGE WAFER DUMMY WBLL CMF CENTUR,assembled,Aluminum 6061-T6,MS  - Assy,True,5,525.00,2625.00,4425.00,59
7086,6468111,completed,0040-13128,02,TRAY STORAGE WAFER DUMMY WBLL CMF CENTUR,assembled,Aluminum 6061-T6,MS  - Assy,True,10,370.00,3700.00,5500.00,59
7068,6365942,completed,0015-07471,06,PLATE FACE GENERATOR MOUNT,manufactured,Aluminum 5052-H32,MS - Mill,True,1,849.00,849.00,1649.00,54
7068,6365942,completed,0015-07471,06,PLATE FACE GENERATOR MOUNT,manufactured,Aluminum 5052-H32,MS - Mill,True,20,133.00,2660.00,3460.00,55
7068,6365942,completed,0015-07471,06,PLATE FACE GENERATOR MOUNT,manufactured,Aluminum 5052-H32,MS - Mill,True,50,110.00,5500.00,5500.00,56
7068,6365942,completed,0015-07471,06,PLATE FACE GENERATOR MOUNT,manufactured,Aluminum 5052-H32,MS - Mill,True,100,103.00,10300.00,10300.00,59
7068,6365942,completed,0015-07471,06,PLATE FACE GENERATOR MOUNT,manufactured,Aluminum 5052-H32,MS - Mill,True,200,99.16,19832.00,19832.00,63
7068,6365943,completed,0020-50009,06,"COVER PLATE, SHIPPING, BLUE, 300MM",manufactured,Carbon Steel A366/1008-CR,SM - Piece,True,1,804.00,804.00,1404.00,50
7068,6365943,completed,0020-50009,06,"COVER PLATE, SHIPPING, BLUE, 300MM",manufactured,Carbon Steel A366/1008-CR,SM - Piece,True,20,164.00,3280.00,3880.00,52
7068,6365943,completed,0020-50009,06,"COVER PLATE, SHIPPING, BLUE, 300MM",manufactured,Carbon Steel A366/1008-CR,SM - Piece,True,50,144.00,7200.00,7200.00,55
7068,6365943,completed,0020-50009,06,"COVER PLATE, SHIPPING, BLUE, 300MM",manufactured,Carbon Steel A366/1008-CR,SM - Piece,True,100,139.00,13900.00,13900.00,62
7068,6365943,completed,0020-50009,06,"COVER PLATE, SHIPPING, BLUE, 300MM",manufactured,Carbon Steel A366/1008-CR,SM - Piece,True,200,135.00,27000.00,27000.00,74
7068,6365944,completed,0022-34954,04,"COVER, PIB, CAP TUNING BOX 300MM",manufactured,Aluminum 6061-T6,MS - Mill,True,1,2020.00,2020.00,2820.00,65
7068,6365944,completed,0022-34954,04,"COVER, PIB, CAP TUNING BOX 300MM",manufactured,Aluminum 6061-T6,MS - Mill,True,20,244.00,4880.00,5680.00,67
7068,6365944,completed,0022-34954,04,"COVER, PIB, CAP TUNING BOX 300MM",manufactured,Aluminum 6061-T6,MS - Mill,True,50,174.00,8700.00,8700.00,70
7068,6365944,completed,0022-34954,04,"COVER, PIB, CAP TUNING BOX 300MM",manufactured,Aluminum 6061-T6,MS - Mill,True,100,155.00,15500.00,15500.00,76
7068,6365944,completed,0022-34954,04,"COVER, PIB, CAP TUNING BOX 300MM",manufactured,Aluminum 6061-T6,MS - Mill,True,200,145.00,29000.00,29000.00,87
7068,6365945,completed,0023-01589,03,"COVER, GROUNDED ADAPTER, EMAG, ACUTE SEC",manufactured,Aluminum 5052-H32,SM - Piece,True,1,835.00,835.00,1435.00,44
7068,6365945,completed,0023-01589,03,"COVER, GROUNDED ADAPTER, EMAG, ACUTE SEC",manufactured,Aluminum 5052-H32,SM - Piece,True,20,82.50,1650.00,2250.00,45
7068,6365945,completed,0023-01589,03,"COVER, GROUNDED ADAPTER, EMAG, ACUTE SEC",manufactured,Aluminum 5052-H32,SM - Piece,True,50,58.72,2936.00,2936.00,47
7068,6365945,completed,0023-01589,03,"COVER, GROUNDED ADAPTER, EMAG, ACUTE SEC",manufactured,Aluminum 5052-H32,SM - Piece,True,100,51.22,5122.00,5122.00,49
7068,6365945,completed,0023-01589,03,"COVER, GROUNDED ADAPTER, EMAG, ACUTE SEC",manufactured,Aluminum 5052-H32,SM - Piece,True,200,47.25,9450.00,9450.00,54
7068,6365946,completed,0041-41225,07,FEED THRU COVER,assembled,Aluminum 6061-T6,MS - Mill,True,1,2630.00,2630.00,3430.00,48
7068,6365946,completed,0041-41225,07,FEED THRU COVER,assembled,Aluminum 6061-T6,MS - Mill,True,20,394.00,7880.00,8680.00,51
7068,6365946,completed,0041-41225,07,FEED THRU COVER,assembled,Aluminum 6061-T6,MS - Mill,True,50,327.00,16350.00,17150.00,57
7068,6365946,completed,0041-41225,07,FEED THRU COVER,assembled,Aluminum 6061-T6,MS - Mill,True,100,302.00,30200.00,30200.00,67
7068,6365946,completed,0041-41225,07,FEED THRU COVER,assembled,Aluminum 6061-T6,MS - Mill,True,200,284.00,56800.00,56800.00,85
7068,6365947,completed,0042-76016,02,"DRIP TRAY,AL,SH, 300MM PVD",assembled,Aluminum 5052-H32,SM - Piece,True,1,1375.00,1375.00,1875.00,52
7068,6365947,completed,0042-76016,02,"DRIP TRAY,AL,SH, 300MM PVD",assembled,Aluminum 5052-H32,SM - Piece,True,20,274.00,5480.00,5980.00,56
7068,6365947,completed,0042-76016,02,"DRIP TRAY,AL,SH, 300MM PVD",assembled,Aluminum 5052-H32,SM - Piece,True,50,243.00,12150.00,12650.00,62
7068,6365947,completed,0042-76016,02,"DRIP TRAY,AL,SH, 300MM PVD",assembled,Aluminum 5052-H32,SM - Piece,True,100,232.00,23200.00,23200.00,73
7068,6365947,completed,0042-76016,02,"DRIP TRAY,AL,SH, 300MM PVD",assembled,Aluminum 5052-H32,SM - Piece,True,200,227.00,45400.00,45400.00,93
7068,6365948,completed,0042-77973,03,"COVER, GROUNDED ADAPTER, EMAG, OBTUSE SE",assembled,,,False,1,914.00,914.00,1314.00,60
7068,6365948,completed,0042-77973,03,"COVER, GROUNDED ADAPTER, EMAG, OBTUSE SE",assembled,,,False,20,92.17,1843.40,2243.40,60
7068,6365948,completed,0042-77973,03,"COVER, GROUNDED ADAPTER, EMAG, OBTUSE SE",assembled,,,False,50,69.07,3453.50,3453.50,60
7068,6365948,completed,0042-77973,03,"COVER, GROUNDED ADAPTER, EMAG, OBTUSE SE",assembled,,,False,100,61.37,6137.00,6137.00,60
7068,6365948,completed,0042-77973,03,"COVER, GROUNDED ADAPTER, EMAG, OBTUSE SE",assembled,,,False,200,57.52,11504.00,11504.00,60
7068,6365949,completed,0042-78011,04,"COVER, MIDDLE EMAG, OBTUSE SECTION, 300M",assembled,,,False,1,915.00,915.00,1315.00,60
7068,6365949,completed,0042-78011,04,"COVER, MIDDLE EMAG, OBTUSE SECTION, 300M",assembled,,,False,20,92.17,1843.40,2243.40,60
7068,6365949,completed,0042-78011,04,"COVER, MIDDLE EMAG, OBTUSE SECTION, 300M",assembled,,,False,50,69.07,3453.50,3453.50,60
7068,6365949,completed,0042-78011,04,"COVER, MIDDLE EMAG, OBTUSE SECTION, 300M",assembled,,,False,100,61.37,6137.00,6137.00,60
7068,6365949,completed,0042-78011,04,"COVER, MIDDLE EMAG, OBTUSE SECTION, 300M",assembled,,,False,200,57.52,11504.00,11504.00,60
7068,6365950,completed,0042-78064,03,"COVER, TB, E-MAG, 300MM PVD",assembled,Aluminum 5052-H32,SM - Piece,True,1,1038.00,1038.00,1538.00,52
7068,6365950,completed,0042-78064,03,"COVER, TB, E-MAG, 300MM PVD",assembled,Aluminum 5052-H32,SM - Piece,True,20,117.00,2340.00,2840.00,52
7068,6365950,completed,0042-78064,03,"COVER, TB, E-MAG, 300MM PVD",assembled,Aluminum 5052-H32,SM - Piece,True,50,96.72,4836.00,5336.00,53
7068,6365950,completed,0042-78064,03,"COVER, TB, E-MAG, 300MM PVD",assembled,Aluminum 5052-H32,SM - Piece,True,100,92.82,9282.00,9282.00,53
7068,6365950,completed,0042-78064,03,"COVER, TB, E-MAG, 300MM PVD",assembled,Aluminum 5052-H32,SM - Piece,True,200,90.82,18164.00,18164.00,54
7068,6365951,completed,0020-70924,04,"BRACKET, OVERTEMP SWITCH, 300MM ENCORE T",manufactured,Aluminum 5052-H32,SM - Piece,True,1,434.00,434.00,834.00,52
7068,6365951,completed,0020-70924,04,"BRACKET, OVERTEMP SWITCH, 300MM ENCORE T",manufactured,Aluminum 5052-H32,SM - Piece,True,20,32.10,642.00,1042.00,52
7068,6365951,completed,0020-70924,04,"BRACKET, OVERTEMP SWITCH, 300MM ENCORE T",manufactured,Aluminum 5052-H32,SM - Piece,True,50,19.44,972.00,972.00,52
7068,6365951,completed,0020-70924,04,"BRACKET, OVERTEMP SWITCH, 300MM ENCORE T",manufactured,Aluminum 5052-H32,SM - Piece,True,100,15.32,1532.00,1532.00,53
7068,6365951,completed,0020-70924,04,"BRACKET, OVERTEMP SWITCH, 300MM ENCORE T",manufactured,Aluminum 5052-H32,SM - Piece,True,200,13.20,2640.00,2640.00,54
7068,6365952,completed,0022-08191,04,"BRACKET, E-MAG BIAS CABLES",manufactured,Aluminum 6061-T6,MS - Mill,True,1,1257.00,1257.00,2057.00,47
7068,6365952,completed,0022-08191,04,"BRACKET, E-MAG BIAS CABLES",manufactured,Aluminum 6061-T6,MS - Mill,True,20,129.00,2580.00,3380.00,49
7068,6365952,completed,0022-08191,04,"BRACKET, E-MAG BIAS CABLES",manufactured,Aluminum 6061-T6,MS - Mill,True,50,96.64,4832.00,4832.00,50
7068,6365952,completed,0022-08191,04,"BRACKET, E-MAG BIAS CABLES",manufactured,Aluminum 6061-T6,MS - Mill,True,100,86.25,8625.00,8625.00,54
7068,6365952,completed,0022-08191,04,"BRACKET, E-MAG BIAS CABLES",manufactured,Aluminum 6061-T6,MS - Mill,True,200,80.91,16182.00,16182.00,61
7068,6365953,completed,0022-08221,03,"BRACKET, E-MAG BIAS CABLES",manufactured,Aluminum 6061-T6,MS - Mill,True,1,1175.00,1175.00,1975.00,47
7068,6365953,completed,0022-08221,03,"BRACKET, E-MAG BIAS CABLES",manufactured,Aluminum 6061-T6,MS - Mill,True,20,118.00,2360.00,3160.00,48
7068,6365953,completed,0022-08221,03,"BRACKET, E-MAG BIAS CABLES",manufactured,Aluminum 6061-T6,MS - Mill,True,50,88.35,4417.50,4417.50,50
7068,6365953,completed,0022-08221,03,"BRACKET, E-MAG BIAS CABLES",manufactured,Aluminum 6061-T6,MS - Mill,True,100,78.70,7870.00,7870.00,53
7068,6365953,completed,0022-08221,03,"BRACKET, E-MAG BIAS CABLES",manufactured,Aluminum 6061-T6,MS - Mill,True,200,73.87,14774.00,14774.00,59
7068,6365954,completed,0022-37843,05,"BRACKET, ANTI LIFT, DTESC",manufactured,Aluminum 6061-T6,MS - Mill,True,1,1219.00,1219.00,2019.00,59
7068,6365954,completed,0022-37843,05,"BRACKET, ANTI LIFT, DTESC",manufactured,Aluminum 6061-T6,MS - Mill,True,20,101.00,2020.00,2820.00,60
7068,6365954,completed,0022-37843,05,"BRACKET, ANTI LIFT, DTESC",manufactured,Aluminum 6061-T6,MS - Mill,True,50,64.15,3207.50,3207.50,61
7068,6365954,completed,0022-37843,05,"BRACKET, ANTI LIFT, DTESC",manufactured,Aluminum 6061-T6,MS - Mill,True,100,54.01,5401.00,5401.00,63
7068,6365954,completed,0022-37843,05,"BRACKET, ANTI LIFT, DTESC",manufactured,Aluminum 6061-T6,MS - Mill,True,200,48.95,9790.00,9790.00,67
7068,6365955,completed,0023-25981,02,"EXTENSION PLATE,CRYO, HYBRID COOLING",manufactured,Aluminum 5052-H32,SM - Piece,True,1,503.00,503.00,1103.00,47
7068,6365955,completed,0023-25981,02,"EXTENSION PLATE,CRYO, HYBRID COOLING",manufactured,Aluminum 5052-H32,SM - Piece,True,20,32.25,645.00,1245.00,47
7068,6365955,completed,0023-25981,02,"EXTENSION PLATE,CRYO, HYBRID COOLING",manufactured,Aluminum 5052-H32,SM - Piece,True,50,17.42,871.00,871.00,48
7068,6365955,completed,0023-25981,02,"EXTENSION PLATE,CRYO, HYBRID COOLING",manufactured,Aluminum 5052-H32,SM - Piece,True,100,12.54,1254.00,1254.00,48
7068,6365955,completed,0023-25981,02,"EXTENSION PLATE,CRYO, HYBRID COOLING",manufactured,Aluminum 5052-H32,SM - Piece,True,200,10.06,2012.00,2012.00,49
7068,6365956,completed,0042-77707,03,BRACKET DIN RAIL MOUNT SORENSEN 6U ECAT,assembled,,,False,1,658.00,658.00,1258.00,50
7068,6365956,completed,0042-77707,03,BRACKET DIN RAIL MOUNT SORENSEN 6U ECAT,assembled,,,False,20,40.01,800.20,1400.20,50
7068,6365956,completed,0042-77707,03,BRACKET DIN RAIL MOUNT SORENSEN 6U ECAT,assembled,,,False,50,21.48,1074.00,1074.00,50
7068,6365956,completed,0042-77707,03,BRACKET DIN RAIL MOUNT SORENSEN 6U ECAT,assembled,,,False,100,15.99,1599.00,1599.00,50
7068,6365956,completed,0042-77707,03,BRACKET DIN RAIL MOUNT SORENSEN 6U ECAT,assembled,,,False,200,13.27,2654.00,2654.00,50
7068,6365957,completed,0042-82260,03,"BRACKET, HEATER/BAKEOUT DRIVER, PVD, ECA",assembled,,,False,1,721.00,721.00,1321.00,60
7068,6365957,completed,0042-82260,03,"BRACKET, HEATER/BAKEOUT DRIVER, PVD, ECA",assembled,,,False,20,50.62,1012.40,1612.40,60
7068,6365957,completed,0042-82260,03,"BRACKET, HEATER/BAKEOUT DRIVER, PVD, ECA",assembled,,,False,50,33.61,1680.50,1680.50,60
7068,6365957,completed,0042-82260,03,"BRACKET, HEATER/BAKEOUT DRIVER, PVD, ECA",assembled,,,False,100,28.24,2824.00,2824.00,60
7068,6365957,completed,0042-82260,03,"BRACKET, HEATER/BAKEOUT DRIVER, PVD, ECA",assembled,,,False,200,25.56,5112.00,5112.00,60
7068,6365958,completed,0041-92105,07,ENCLOSURE WATERBOX MANIFOLD,assembled,Aluminum 5052-H32,SM - Assy,True,1,1432.00,1432.00,2032.00,45
7068,6365958,completed,0041-92105,07,ENCLOSURE WATERBOX MANIFOLD,assembled,Aluminum 5052-H32,SM - Assy,True,20,186.00,3720.00,4320.00,48
7068,6365958,completed,0041-92105,07,ENCLOSURE WATERBOX MANIFOLD,assembled,Aluminum 5052-H32,SM - Assy,True,50,162.00,8100.00,8700.00,52
7068,6365958,completed,0041-92105,07,ENCLOSURE WATERBOX MANIFOLD,assembled,Aluminum 5052-H32,SM - Assy,True,100,154.00,15400.00,15400.00,58
7068,6365958,completed,0041-92105,07,ENCLOSURE WATERBOX MANIFOLD,assembled,Aluminum 5052-H32,SM - Assy,True,200,150.00,30000.00,30000.00,72
7068,6365959,completed,0042-77927,04,"ENCLOSURE, DC FILTER BOX, 300MM PVD",assembled,Aluminum 5052-H32,SM - Assy,True,1,1956.00,1956.00,2556.00,60
7068,6365959,completed,0042-77927,04,"ENCLOSURE, DC FILTER BOX, 300MM PVD",assembled,Aluminum 5052-H32,SM - Assy,True,20,428.00,8560.00,9160.00,61
7068,6365959,completed,0042-77927,04,"ENCLOSURE, DC FILTER BOX, 300MM PVD",assembled,Aluminum 5052-H32,SM - Assy,True,50,392.00,19600.00,20200.00,62
7068,6365959,completed,0042-77927,04,"ENCLOSURE, DC FILTER BOX, 300MM PVD",assembled,Aluminum 5052-H32,SM - Assy,True,100,380.00,38000.00,38000.00,65
7068,6365959,completed,0042-77927,04,"ENCLOSURE, DC FILTER BOX, 300MM PVD",assembled,Aluminum 5052-H32,SM - Assy,True,200,373.00,74600.00,74600.00,71
7068,6365960,completed,0042-89226,02,"ENCLOSURE, TB, EMAG, 300MM PVD",manufactured,Aluminum 5052-H32,SM - Piece,True,1,1542.00,1542.00,2142.00,50
7068,6365960,completed,0042-89226,02,"ENCLOSURE, TB, EMAG, 300MM PVD",manufactured,Aluminum 5052-H32,SM - Piece,True,20,331.00,6620.00,7220.00,51
7068,6365960,completed,0042-89226,02,"ENCLOSURE, TB, EMAG, 300MM PVD",manufactured,Aluminum 5052-H32,SM - Piece,True,50,301.00,15050.00,15050.00,52
7068,6365960,completed,0042-89226,02,"ENCLOSURE, TB, EMAG, 300MM PVD",manufactured,Aluminum 5052-H32,SM - Piece,True,100,292.00,29200.00,29200.00,54
7068,6365960,completed,0042-89226,02,"ENCLOSURE, TB, EMAG, 300MM PVD",manufactured,Aluminum 5052-H32,SM - Piece,True,200,285.00,57000.00,57000.00,57
7068,6365961,no_quote,0042-93730,03,"COVER, MIDDLE EMAG, ACUTE 65C SECTION, 3",assembled,,,False,1,0.00,0.00,0.00,0
7068,6365961,no_quote,0042-93730,03,"COVER, MIDDLE EMAG, ACUTE 65C SECTION, 3",assembled,,,False,20,0.00,0.00,0.00,0
7068,6365961,no_quote,0042-93730,03,"COVER, MIDDLE EMAG, ACUTE 65C SECTION, 3",assembled,,,False,50,0.00,0.00,0.00,0
7068,6365961,no_quote,0042-93730,03,"COVER, MIDDLE EMAG, ACUTE 65C SECTION, 3",assembled,,,False,100,0.00,0.00,0.00,0
7068,6365961,no_quote,0042-93730,03,"COVER, MIDDLE EMAG, ACUTE 65C SECTION, 3",assembled,,,False,200,0.00,0.00,0.00,0
7068,6365962,completed,0041-64753,04,EMO CONTROLLER BOX ADAPTER ASSEMBLY,assembled,Stainless Steel 304,SM - Piece,True,1,1070.00,1070.00,1570.00,42
7068,6365962,completed,0041-64753,04,EMO CONTROLLER BOX ADAPTER ASSEMBLY,assembled,Stainless Steel 304,SM - Piece,True,20,230.00,4600.00,5100.00,42
7068,6365962,completed,0041-64753,04,EMO CONTROLLER BOX ADAPTER ASSEMBLY,assembled,Stainless Steel 304,SM - Piece,True,50,204.00,10200.00,10700.00,43
7068,6365962,completed,0041-64753,04,EMO CONTROLLER BOX ADAPTER ASSEMBLY,assembled,Stainless Steel 304,SM - Piece,True,100,197.00,19700.00,19700.00,44
7068,6365962,completed,0041-64753,04,EMO CONTROLLER BOX ADAPTER ASSEMBLY,assembled,Stainless Steel 304,SM - Piece,True,200,192.00,38400.00,38400.00,46
7068,6365963,no_quote,0015-04592,03,"SOCKET B20N, MODIFIED, CAP TUNING BOX PI",manufactured,,,False,1,0.00,0.00,0.00,0
7068,6365963,no_quote,0015-04592,03,"SOCKET B20N, MODIFIED, CAP TUNING BOX PI",manufactured,,,False,20,0.00,0.00,0.00,0
7068,6365963,no_quote,0015-04592,03,"SOCKET B20N, MODIFIED, CAP TUNING BOX PI",manufactured,,,False,50,0.00,0.00,0.00,0
7068,6365963,no_quote,0015-04592,03,"SOCKET B20N, MODIFIED, CAP TUNING BOX PI",manufactured,,,False,100,0.00,0.00,0.00,0
7068,6365963,no_quote,0015-04592,03,"SOCKET B20N, MODIFIED, CAP TUNING BOX PI",manufactured,,,False,200,0.00,0.00,0.00,0
7068,6365964,completed,0015-16803,04,"ALUMINUM TUBE, COVER, MIDDLE EMAG, 300MM",manufactured,Aluminum 2024-T3,MS - Lathe,True,1,546.00,546.00,876.00,43
7068,6365964,completed,0015-16803,04,"ALUMINUM TUBE, COVER, MIDDLE EMAG, 300MM",manufactured,Aluminum 2024-T3,MS - Lathe,True,20,37.60,752.00,1082.00,43
7068,6365964,completed,0015-16803,04,"ALUMINUM TUBE, COVER, MIDDLE EMAG, 300MM",manufactured,Aluminum 2024-T3,MS - Lathe,True,50,20.22,1011.00,1011.00,43
7068,6365964,completed,0015-16803,04,"ALUMINUM TUBE, COVER, MIDDLE EMAG, 300MM",manufactured,Aluminum 2024-T3,MS - Lathe,True,100,15.13,1513.00,1513.00,44
7068,6365964,completed,0015-16803,04,"ALUMINUM TUBE, COVER, MIDDLE EMAG, 300MM",manufactured,Aluminum 2024-T3,MS - Lathe,True,200,12.54,2508.00,2508.00,44
7068,6365965,completed,0022-67014,02,"BRACKET, HOLDER, PARTICLE RING, REFLOW",manufactured,Stainless Steel 304,SM - Piece,True,1,1275.00,1275.00,1875.00,62
7068,6365965,completed,0022-67014,02,"BRACKET, HOLDER, PARTICLE RING, REFLOW",manufactured,Stainless Steel 304,SM - Piece,True,20,76.47,1529.40,2129.40,62
7068,6365965,completed,0022-67014,02,"BRACKET, HOLDER, PARTICLE RING, REFLOW",manufactured,Stainless Steel 304,SM - Piece,True,50,42.80,2140.00,2140.00,62
7068,6365965,completed,0022-67014,02,"BRACKET, HOLDER, PARTICLE RING, REFLOW",manufactured,Stainless Steel 304,SM - Piece,True,100,34.21,3421.00,3421.00,63
7068,6365965,completed,0022-67014,02,"BRACKET, HOLDER, PARTICLE RING, REFLOW",manufactured,Stainless Steel 304,SM - Piece,True,200,31.44,6288.00,6288.00,65
7068,6365966,no_quote,0022-73975,02,"BRACKET, ENCLOSURE FINGER, 3-AXIS MAGNET",assembled,,,False,1,0.00,0.00,0.00,0
7068,6365966,no_quote,0022-73975,02,"BRACKET, ENCLOSURE FINGER, 3-AXIS MAGNET",assembled,,,False,20,0.00,0.00,0.00,0
7068,6365966,no_quote,0022-73975,02,"BRACKET, ENCLOSURE FINGER, 3-AXIS MAGNET",assembled,,,False,50,0.00,0.00,0.00,0
7068,6365966,no_quote,0022-73975,02,"BRACKET, ENCLOSURE FINGER, 3-AXIS MAGNET",assembled,,,False,100,0.00,0.00,0.00,0
7068,6365966,no_quote,0022-73975,02,"BRACKET, ENCLOSURE FINGER, 3-AXIS MAGNET",assembled,,,False,200,0.00,0.00,0.00,0
7068,6365967,completed,0041-58246,02,BRACKET CONNECTOR MOUNT COAX ESC,assembled,Aluminum 6061-T6,MS  - Assy,True,1,2026.00,2026.00,2726.00,50
7068,6365967,completed,0041-58246,02,BRACKET CONNECTOR MOUNT COAX ESC,assembled,Aluminum 6061-T6,MS  - Assy,True,20,201.00,4020.00,4720.00,50
7068,6365967,completed,0041-58246,02,BRACKET CONNECTOR MOUNT COAX ESC,assembled,Aluminum 6061-T6,MS  - Assy,True,50,159.00,7950.00,8650.00,50
7068,6365967,completed,0041-58246,02,BRACKET CONNECTOR MOUNT COAX ESC,assembled,Aluminum 6061-T6,MS  - Assy,True,100,145.00,14500.00,14500.00,50
7068,6365967,completed,0041-58246,02,BRACKET CONNECTOR MOUNT COAX ESC,assembled,Aluminum 6061-T6,MS  - Assy,True,200,136.00,27200.00,27200.00,50
7068,6365968,completed,0041-94925,05,"BRACKET, ADAPTER, MIDDLE, 600MM",assembled,Aluminum 6061-T6,MS  - Assy,True,1,2670.00,2670.00,3370.00,50
7068,6365968,completed,0041-94925,05,"BRACKET, ADAPTER, MIDDLE, 600MM",assembled,Aluminum 6061-T6,MS  - Assy,True,20,380.00,7600.00,8300.00,50
7068,6365968,completed,0041-94925,05,"BRACKET, ADAPTER, MIDDLE, 600MM",assembled,Aluminum 6061-T6,MS  - Assy,True,50,313.00,15650.00,16350.00,50
7068,6365968,completed,0041-94925,05,"BRACKET, ADAPTER, MIDDLE, 600MM",assembled,Aluminum 6061-T6,MS  - Assy,True,100,292.00,29200.00,29200.00,50
7068,6365968,completed,0041-94925,05,"BRACKET, ADAPTER, MIDDLE, 600MM",assembled,Aluminum 6061-T6,MS  - Assy,True,200,275.00,55000.00,55000.00,50
7068,6416426,completed,0041-97580,06,"LID, PIB, CAP TUNING
BOX 300MM",manufactured,Aluminum 6061-T6,MS - Mill,True,1,3800.00,3800.00,4600.00,64
7068,6416426,completed,0041-97580,06,"LID, PIB, CAP TUNING
BOX 300MM",manufactured,Aluminum 6061-T6,MS - Mill,True,20,784.00,15680.00,16480.00,73
7068,6416426,completed,0041-97580,06,"LID, PIB, CAP TUNING
BOX 300MM",manufactured,Aluminum 6061-T6,MS - Mill,True,50,742.00,37100.00,37900.00,88
7068,6416426,completed,0041-97580,06,"LID, PIB, CAP TUNING
BOX 300MM",manufactured,Aluminum 6061-T6,MS - Mill,True,100,643.00,64300.00,64300.00,111
7068,6416426,completed,0041-97580,06,"LID, PIB, CAP TUNING
BOX 300MM",manufactured,Aluminum 6061-T6,MS - Mill,True,200,622.00,124400.00,124400.00,159
7068,6365970,completed,0042-91224,02,"BRACKET, LAMP DRIVER MOUNTING TRAY",manufactured,Steel (Galvanized),SM - Piece,True,1,817.00,817.00,1417.00,58
7068,6365970,completed,0042-91224,02,"BRACKET, LAMP DRIVER MOUNTING TRAY",manufactured,Steel (Galvanized),SM - Piece,True,20,146.00,2920.00,3520.00,61
7068,6365970,completed,0042-91224,02,"BRACKET, LAMP DRIVER MOUNTING TRAY",manufactured,Steel (Galvanized),SM - Piece,True,50,125.00,6250.00,6250.00,64
7068,6365970,completed,0042-91224,02,"BRACKET, LAMP DRIVER MOUNTING TRAY",manufactured,Steel (Galvanized),SM - Piece,True,100,119.00,11900.00,11900.00,70
7068,6365970,completed,0042-91224,02,"BRACKET, LAMP DRIVER MOUNTING TRAY",manufactured,Steel (Galvanized),SM - Piece,True,200,115.00,23000.00,23000.00,82
7090,6395198,completed,512-010-146-101,-,WEIGHT,manufactured,Other,Sub-Contract,True,782,151.00,118082.00,118082.00,100
7078,6382026,completed,449-075-216-105,D,CHASSIS ASSY,manufactured,,,False,1,3718.00,3718.00,3718.00,80
7078,6382026,completed,449-075-216-105,D,CHASSIS ASSY,manufactured,,,False,5,1804.00,9020.00,9020.00,80
7078,6382026,completed,449-075-216-105,D,CHASSIS ASSY,manufactured,,,False,10,1762.00,17620.00,17620.00,80
7078,6382027,completed,449-075-243-101,C,BUS BAR,manufactured,Copper 110,SM - Piece (combo),True,1,1448.00,1448.00,1448.00,80
7078,6382027,completed,449-075-243-101,C,BUS BAR,manufactured,Copper 110,SM - Piece (combo),True,5,349.00,1745.00,1745.00,80
7078,6382027,completed,449-075-243-101,C,BUS BAR,manufactured,Copper 110,SM - Piece (combo),True,10,229.00,2290.00,2290.00,80
7078,6382028,completed,449-075-243-105,C,BUS BAR,manufactured,Copper 110,SM - Piece (combo),True,1,1419.00,1419.00,1419.00,80
7078,6382028,completed,449-075-243-105,C,BUS BAR,manufactured,Copper 110,SM - Piece (combo),True,5,320.00,1600.00,1600.00,80
7078,6382028,completed,449-075-243-105,C,BUS BAR,manufactured,Copper 110,SM - Piece (combo),True,10,198.00,1980.00,1980.00,80
7078,6382029,completed,449-075-243-107,C,BUS BAR,manufactured,Copper 110,SM - Piece (combo),True,1,1419.00,1419.00,1419.00,80
7078,6382029,completed,449-075-243-107,C,BUS BAR,manufactured,Copper 110,SM - Piece (combo),True,5,320.00,1600.00,1600.00,80
7078,6382029,completed,449-075-243-107,C,BUS BAR,manufactured,Copper 110,SM - Piece (combo),True,10,198.00,1980.00,1980.00,80
7078,6382030,completed,449-075-243-109,C,BUS BAR,manufactured,Copper 110,SM - Piece (combo),True,1,1423.00,1423.00,1423.00,80
7078,6382030,completed,449-075-243-109,C,BUS BAR,manufactured,Copper 110,SM - Piece (combo),True,5,324.00,1620.00,1620.00,80
7078,6382030,completed,449-075-243-109,C,BUS BAR,manufactured,Copper 110,SM - Piece (combo),True,10,203.00,2030.00,2030.00,80
7078,6382031,completed,449-075-243-111,C,BUS BAR,manufactured,Copper 110,SM - Piece (combo),True,1,1453.00,1453.00,1453.00,80
7078,6382031,completed,449-075-243-111,C,BUS BAR,manufactured,Copper 110,SM - Piece (combo),True,5,354.00,1770.00,1770.00,80
7078,6382031,completed,449-075-243-111,C,BUS BAR,manufactured,Copper 110,SM - Piece (combo),True,10,235.00,2350.00,2350.00,80
7078,6382032,completed,449-075-243-113,C,BUS BAR,manufactured,Copper 110,SM - Piece (combo),True,1,1412.00,1412.00,1412.00,80
7078,6382032,completed,449-075-243-113,C,BUS BAR,manufactured,Copper 110,SM - Piece (combo),True,5,313.00,1565.00,1565.00,80
7078,6382032,completed,449-075-243-113,C,BUS BAR,manufactured,Copper 110,SM - Piece (combo),True,10,190.00,1900.00,1900.00,80
7078,6382033,completed,449-075-243-115,C,BUS BAR,manufactured,Copper 110,SM - Piece (combo),True,1,1526.00,1526.00,1526.00,80
7078,6382033,completed,449-075-243-115,C,BUS BAR,manufactured,Copper 110,SM - Piece (combo),True,5,368.00,1840.00,1840.00,80
7078,6382033,completed,449-075-243-115,C,BUS BAR,manufactured,Copper 110,SM - Piece (combo),True,10,242.00,2420.00,2420.00,80
7078,6382034,completed,449-075-243-117,C,BUS BAR,manufactured,Copper 110,SM - Piece (combo),True,1,1453.00,1453.00,1453.00,80
7078,6382034,completed,449-075-243-117,C,BUS BAR,manufactured,Copper 110,SM - Piece (combo),True,5,354.00,1770.00,1770.00,80
7078,6382034,completed,449-075-243-117,C,BUS BAR,manufactured,Copper 110,SM - Piece (combo),True,10,235.00,2350.00,2350.00,80
7078,6382035,completed,449-075-243-119,C,BUS BAR,manufactured,Copper 110,SM - Piece (combo),True,1,1518.00,1518.00,1518.00,80
7078,6382035,completed,449-075-243-119,C,BUS BAR,manufactured,Copper 110,SM - Piece (combo),True,5,361.00,1805.00,1805.00,80
7078,6382035,completed,449-075-243-119,C,BUS BAR,manufactured,Copper 110,SM - Piece (combo),True,10,234.00,2340.00,2340.00,80
7078,6382036,completed,449-075-243-121,C,BUS BAR,manufactured,Copper 110,SM - Piece (combo),True,1,1413.00,1413.00,1413.00,80
7078,6382036,completed,449-075-243-121,C,BUS BAR,manufactured,Copper 110,SM - Piece (combo),True,5,314.00,1570.00,1570.00,80
7078,6382036,completed,449-075-243-121,C,BUS BAR,manufactured,Copper 110,SM - Piece (combo),True,10,192.00,1920.00,1920.00,80
7078,6382037,completed,449-075-243-125,C,BUS BAR,manufactured,Copper 110,SM - Piece (combo),True,1,1556.00,1556.00,1556.00,80
7078,6382037,completed,449-075-243-125,C,BUS BAR,manufactured,Copper 110,SM - Piece (combo),True,5,398.00,1990.00,1990.00,80
7078,6382037,completed,449-075-243-125,C,BUS BAR,manufactured,Copper 110,SM - Piece (combo),True,10,275.00,2750.00,2750.00,80
7078,6382038,completed,449-075-243-127,C,BUS BAR,manufactured,Copper 110,SM - Piece (combo),True,1,1437.00,1437.00,1437.00,80
7078,6382038,completed,449-075-243-127,C,BUS BAR,manufactured,Copper 110,SM - Piece (combo),True,5,338.00,1690.00,1690.00,80
7078,6382038,completed,449-075-243-127,C,BUS BAR,manufactured,Copper 110,SM - Piece (combo),True,10,217.00,2170.00,2170.00,80
7078,6382039,completed,449-075-376-101,A,BRACKET ASSY,manufactured,Aluminum 6013-T4,SM - Piece (combo),True,1,1485.00,1485.00,1485.00,80
7078,6382039,completed,449-075-376-101,A,BRACKET ASSY,manufactured,Aluminum 6013-T4,SM - Piece (combo),True,5,343.00,1715.00,1715.00,80
7078,6382039,completed,449-075-376-101,A,BRACKET ASSY,manufactured,Aluminum 6013-T4,SM - Piece (combo),True,10,184.00,1840.00,1840.00,80
7078,6382040,completed,449-075-376-103,A,BRACKET ASSY,manufactured,Aluminum 6013-T4,SM - Piece (combo),True,1,1487.00,1487.00,1487.00,80
7078,6382040,completed,449-075-376-103,A,BRACKET ASSY,manufactured,Aluminum 6013-T4,SM - Piece (combo),True,5,346.00,1730.00,1730.00,80
7078,6382040,completed,449-075-376-103,A,BRACKET ASSY,manufactured,Aluminum 6013-T4,SM - Piece (combo),True,10,187.00,1870.00,1870.00,80
7095,6397067,no_quote,35-28105-1,A,REWORK INSTL KIT,manufactured,,,False,24,0.00,0.00,0.00,0
7091,6395391,completed,E17236420,D,"E17236420-GROUND BAR, GAS BOX",manufactured,Copper 101,MS - Mill,True,1,1280.00,1280.00,2080.00,63
7091,6395391,completed,E17236420,D,"E17236420-GROUND BAR, GAS BOX",manufactured,Copper 101,MS - Mill,True,5,722.00,3610.00,4410.00,64
7091,6395391,completed,E17236420,D,"E17236420-GROUND BAR, GAS BOX",manufactured,Copper 101,MS - Mill,True,10,539.00,5390.00,6190.00,65
7091,6395391,completed,E17236420,D,"E17236420-GROUND BAR, GAS BOX",manufactured,Copper 101,MS - Mill,True,15,481.00,7215.00,8015.00,66
7091,6395391,completed,E17236420,D,"E17236420-GROUND BAR, GAS BOX",manufactured,Copper 101,MS - Mill,True,350,343.00,120050.00,120050.00,124
7091,6395392,no_quote,E17189020,A,"E17189020-RESTRICTOR, WAFER GAS",manufactured,,No Quote,False,5,0.00,0.00,0.00,5
7091,6395392,no_quote,E17189020,A,"E17189020-RESTRICTOR, WAFER GAS",manufactured,,No Quote,False,10,0.00,0.00,0.00,5
7091,6395392,no_quote,E17189020,A,"E17189020-RESTRICTOR, WAFER GAS",manufactured,,No Quote,False,15,0.00,0.00,0.00,5
7091,6395392,no_quote,E17189020,A,"E17189020-RESTRICTOR, WAFER GAS",manufactured,,No Quote,False,190,0.00,0.00,0.00,5
7091,6395393,no_quote,E17464760,A,E17464760-ADAPTOR 40kV,manufactured,,NQ - Not a Core Competency,False,5,0.00,0.00,0.00,5
7091,6395393,no_quote,E17464760,A,E17464760-ADAPTOR 40kV,manufactured,,NQ - Not a Core Competency,False,10,0.00,0.00,0.00,5
7091,6395393,no_quote,E17464760,A,E17464760-ADAPTOR 40kV,manufactured,,NQ - Not a Core Competency,False,15,0.00,0.00,0.00,5
7093,6396807,no_quote,70P866931-1001,001,ASSY; DOOR; FUZE ACCESS-MK-82 PJDAM,assembled,,,False,7,56.60,396.20,396.20,0
7087,6392608,completed,0041-05861,03,"LEFT BRACKET, SHIPPING FRAME, CPI CVD PR",assembled,HRS,SM - Assy,True,1,1150.00,1150.00,1750.00,50
7087,6392608,completed,0041-05861,03,"LEFT BRACKET, SHIPPING FRAME, CPI CVD PR",assembled,HRS,SM - Assy,True,5,354.00,1770.00,2370.00,50
7087,6392608,completed,0041-05861,03,"LEFT BRACKET, SHIPPING FRAME, CPI CVD PR",assembled,HRS,SM - Assy,True,10,256.00,2560.00,3160.00,50
7087,6392608,completed,0041-05861,03,"LEFT BRACKET, SHIPPING FRAME, CPI CVD PR",assembled,HRS,SM - Assy,True,25,196.00,4900.00,5500.00,50
7087,6392617,completed,0041-05862,04,"RIGHT BRACKET, SHIPPING FRAME, CPI CVD P",assembled,HRS,SM - Assy,True,1,1140.00,1140.00,1740.00,50
7087,6392617,completed,0041-05862,04,"RIGHT BRACKET, SHIPPING FRAME, CPI CVD P",assembled,HRS,SM - Assy,True,5,352.00,1760.00,2360.00,50
7087,6392617,completed,0041-05862,04,"RIGHT BRACKET, SHIPPING FRAME, CPI CVD P",assembled,HRS,SM - Assy,True,10,253.00,2530.00,3130.00,50
7087,6392617,completed,0041-05862,04,"RIGHT BRACKET, SHIPPING FRAME, CPI CVD P",assembled,HRS,SM - Assy,True,25,194.00,4850.00,5450.00,50
7098,6412962,no_quote,512-069-311-131,-,WELD ASSY-FIREWALL-FIXED-RH,manufactured,,,False,23,0.00,0.00,0.00,0
7099,6413258,no_quote,212-030-245-137,-,BALLAST,manufactured,,,False,2,0.00,0.00,0.00,0
7094,6396924,no_quote,914AD82S39-201,001,"TORSION BAR, WING, CAP/CAN",assembled,,,False,60,0.00,0.00,0.00,0
7094,6396924,no_quote,914AD82S39-201,001,"TORSION BAR, WING, CAP/CAN",assembled,,,False,72,0.00,0.00,0.00,0
7094,6396924,no_quote,914AD82S39-201,001,"TORSION BAR, WING, CAP/CAN",assembled,,,False,112,0.00,0.00,0.00,0
7094,6396924,no_quote,914AD82S39-201,001,"TORSION BAR, WING, CAP/CAN",assembled,,,False,120,0.00,0.00,0.00,0
7094,6396924,no_quote,914AD82S39-201,001,"TORSION BAR, WING, CAP/CAN",assembled,,,False,124,0.00,0.00,0.00,0
7094,6396924,no_quote,914AD82S39-201,001,"TORSION BAR, WING, CAP/CAN",assembled,,,False,132,0.00,0.00,0.00,0
7094,6396924,no_quote,914AD82S39-201,001,"TORSION BAR, WING, CAP/CAN",assembled,,,False,144,0.00,0.00,0.00,0
7094,6396924,no_quote,914AD82S39-201,001,"TORSION BAR, WING, CAP/CAN",assembled,,,False,168,0.00,0.00,0.00,0
7094,6396925,no_quote,914AD83S16-201,001,"TORSION BAR, BOOSTER FIN, CAP/CAN",assembled,,,False,60,0.00,0.00,0.00,0
7094,6396925,no_quote,914AD83S16-201,001,"TORSION BAR, BOOSTER FIN, CAP/CAN",assembled,,,False,72,0.00,0.00,0.00,0
7094,6396925,no_quote,914AD83S16-201,001,"TORSION BAR, BOOSTER FIN, CAP/CAN",assembled,,,False,112,0.00,0.00,0.00,0
7094,6396925,no_quote,914AD83S16-201,001,"TORSION BAR, BOOSTER FIN, CAP/CAN",assembled,,,False,120,0.00,0.00,0.00,0
7094,6396925,no_quote,914AD83S16-201,001,"TORSION BAR, BOOSTER FIN, CAP/CAN",assembled,,,False,124,0.00,0.00,0.00,0
7094,6396925,no_quote,914AD83S16-201,001,"TORSION BAR, BOOSTER FIN, CAP/CAN",assembled,,,False,132,0.00,0.00,0.00,0
7094,6396925,no_quote,914AD83S16-201,001,"TORSION BAR, BOOSTER FIN, CAP/CAN",assembled,,,False,144,0.00,0.00,0.00,0
7094,6396925,no_quote,914AD83S16-201,001,"TORSION BAR, BOOSTER FIN, CAP/CAN",assembled,,,False,168,0.00,0.00,0.00,0
7097,6412926,completed,512-030-101-487,-,Bracket Assy Support,manufactured,Aluminum 6013-T4,SM - Piece (combo),True,33,104.00,3432.00,3432.00,53
7096,6412850,completed,512-000-200-143,-,BRACKET ASSY,assembled,Aluminum 6013-T4,Aerospace Assembly,True,77,155.00,11935.00,11935.00,60
7089,6392769,completed,0020-83528,03,"NUT SECTOR, WAFER LIFT, 300MM ENDURA",manufactured,Nitronic 60,MS - Mill,True,1,1120.00,1120.00,1920.00,56
7089,6392769,completed,0020-83528,03,"NUT SECTOR, WAFER LIFT, 300MM ENDURA",manufactured,Nitronic 60,MS - Mill,True,5,283.00,1415.00,2215.00,56
7089,6392769,completed,0020-83528,03,"NUT SECTOR, WAFER LIFT, 300MM ENDURA",manufactured,Nitronic 60,MS - Mill,True,10,179.00,1790.00,2590.00,57
7089,6392769,completed,0020-83528,03,"NUT SECTOR, WAFER LIFT, 300MM ENDURA",manufactured,Nitronic 60,MS - Mill,True,43,113.00,4859.00,5659.00,59
7089,6392769,completed,0020-83528,03,"NUT SECTOR, WAFER LIFT, 300MM ENDURA",manufactured,Nitronic 60,MS - Mill,True,426,92.13,39247.38,39247.38,81
7089,6484736,completed,0020-91609,02,"PLATE, NUT, CH. SHIELD, 300MM ENCORE TA(N) 11",manufactured,Nitronic 60,MS - Mill,True,1,820.00,820.00,1620.00,54
7089,6484736,completed,0020-91609,02,"PLATE, NUT, CH. SHIELD, 300MM ENCORE TA(N) 11",manufactured,Nitronic 60,MS - Mill,True,5,191.00,955.00,1755.00,55
7089,6484736,completed,0020-91609,02,"PLATE, NUT, CH. SHIELD, 300MM ENCORE TA(N) 11",manufactured,Nitronic 60,MS - Mill,True,10,113.00,1130.00,1930.00,55
7089,6484736,completed,0020-91609,02,"PLATE, NUT, CH. SHIELD, 300MM ENCORE TA(N) 11",manufactured,Nitronic 60,MS - Mill,True,170,51.53,8760.10,8760.10,60
7089,6484736,completed,0020-91609,02,"PLATE, NUT, CH. SHIELD, 300MM ENCORE TA(N) 11",manufactured,Nitronic 60,MS - Mill,True,1682,47.47,79844.54,79844.54,107
7089,6392771,completed,0021-28902,03,"NUTPLATE, SHIELD W LINER, STD PVD, 300MM",manufactured,Stainless Steel 304L,MS - Mill,True,1,1300.00,1300.00,2100.00,55
7089,6392771,completed,0021-28902,03,"NUTPLATE, SHIELD W LINER, STD PVD, 300MM",manufactured,Stainless Steel 304L,MS - Mill,True,5,366.00,1830.00,2630.00,55
7089,6392771,completed,0021-28902,03,"NUTPLATE, SHIELD W LINER, STD PVD, 300MM",manufactured,Stainless Steel 304L,MS - Mill,True,10,257.00,2570.00,3370.00,55
7089,6392771,completed,0021-28902,03,"NUTPLATE, SHIELD W LINER, STD PVD, 300MM",manufactured,Stainless Steel 304L,MS - Mill,True,123,189.00,23247.00,23247.00,65
7089,6392771,completed,0021-28902,03,"NUTPLATE, SHIELD W LINER, STD PVD, 300MM",manufactured,Stainless Steel 304L,MS - Mill,True,1229,180.00,221220.00,221220.00,162
7089,6392772,completed,0021-31341,01,"RING, NUT SECTOR PC",manufactured,Nitronic 60,MS - Mill,True,1,1060.00,1060.00,1860.00,54
7089,6392772,completed,0021-31341,01,"RING, NUT SECTOR PC",manufactured,Nitronic 60,MS - Mill,True,5,291.00,1455.00,2255.00,55
7089,6392772,completed,0021-31341,01,"RING, NUT SECTOR PC",manufactured,Nitronic 60,MS - Mill,True,10,202.00,2020.00,2820.00,55
7089,6392772,completed,0021-31341,01,"RING, NUT SECTOR PC",manufactured,Nitronic 60,MS - Mill,True,14,192.00,2688.00,3488.00,55
7089,6392772,completed,0021-31341,01,"RING, NUT SECTOR PC",manufactured,Nitronic 60,MS - Mill,True,135,145.00,19575.00,19575.00,63
7089,6392773,completed,0021-33842,03,"NUT PLATE, EQUIPOTENTIAL, XESC",manufactured,Nitronic 60,MS - Mill,True,1,889.00,889.00,1689.00,54
7089,6392773,completed,0021-33842,03,"NUT PLATE, EQUIPOTENTIAL, XESC",manufactured,Nitronic 60,MS - Mill,True,5,208.00,1040.00,1840.00,55
7089,6392773,completed,0021-33842,03,"NUT PLATE, EQUIPOTENTIAL, XESC",manufactured,Nitronic 60,MS - Mill,True,10,123.00,1230.00,2030.00,55
7089,6392773,completed,0021-33842,03,"NUT PLATE, EQUIPOTENTIAL, XESC",manufactured,Nitronic 60,MS - Mill,True,41,72.20,2960.20,3760.20,56
7089,6392773,completed,0021-33842,03,"NUT PLATE, EQUIPOTENTIAL, XESC",manufactured,Nitronic 60,MS - Mill,True,409,53.47,21869.23,21869.23,71
7089,6392774,completed,0021-82352,04,"PLATE, NUT SECTOR, NITRONIC 60, ADAPTER",manufactured,Nitronic 60,MS - Mill,True,1,825.00,825.00,1625.00,54
7089,6392774,completed,0021-82352,04,"PLATE, NUT SECTOR, NITRONIC 60, ADAPTER",manufactured,Nitronic 60,MS - Mill,True,5,203.00,1015.00,1815.00,55
7089,6392774,completed,0021-82352,04,"PLATE, NUT SECTOR, NITRONIC 60, ADAPTER",manufactured,Nitronic 60,MS - Mill,True,10,132.00,1320.00,2120.00,55
7089,6392774,completed,0021-82352,04,"PLATE, NUT SECTOR, NITRONIC 60, ADAPTER",manufactured,Nitronic 60,MS - Mill,True,103,83.45,8595.35,8595.35,59
7089,6392774,completed,0021-82352,04,"PLATE, NUT SECTOR, NITRONIC 60, ADAPTER",manufactured,Nitronic 60,MS - Mill,True,1022,76.44,78121.68,78121.68,102
7089,6392775,completed,0021-91756,03,NUT PLATE,manufactured,Nitronic 60,MS - Mill,True,1,773.00,773.00,1573.00,54
7089,6392775,completed,0021-91756,03,NUT PLATE,manufactured,Nitronic 60,MS - Mill,True,5,180.00,900.00,1700.00,54
7089,6392775,completed,0021-91756,03,NUT PLATE,manufactured,Nitronic 60,MS - Mill,True,10,105.00,1050.00,1850.00,55
7089,6392775,completed,0021-91756,03,NUT PLATE,manufactured,Nitronic 60,MS - Mill,True,68,53.59,3644.12,3644.12,57
7089,6392775,completed,0021-91756,03,NUT PLATE,manufactured,Nitronic 60,MS - Mill,True,676,44.09,29804.84,29804.84,78
7089,6392776,completed,0022-06646,03,"PLATE, NUT SECTOR, BIAS ADAPTER",manufactured,Nitronic 60,MS - Mill,True,1,1120.00,1120.00,1920.00,55
7089,6392776,completed,0022-06646,03,"PLATE, NUT SECTOR, BIAS ADAPTER",manufactured,Nitronic 60,MS - Mill,True,5,350.00,1750.00,2550.00,55
7089,6392776,completed,0022-06646,03,"PLATE, NUT SECTOR, BIAS ADAPTER",manufactured,Nitronic 60,MS - Mill,True,10,262.00,2620.00,3420.00,56
7089,6392776,completed,0022-06646,03,"PLATE, NUT SECTOR, BIAS ADAPTER",manufactured,Nitronic 60,MS - Mill,True,158,216.00,34128.00,34128.00,73
7089,6392776,completed,0022-06646,03,"PLATE, NUT SECTOR, BIAS ADAPTER",manufactured,Nitronic 60,MS - Mill,True,1575,211.00,332325.00,332325.00,244
7089,6392777,completed,0022-28562,05,"PLATE, NUT, SHIELD, ADAPTER, 600MM",manufactured,Nitronic 60,MS - Mill,True,1,887.00,887.00,1687.00,54
7089,6392777,completed,0022-28562,05,"PLATE, NUT, SHIELD, ADAPTER, 600MM",manufactured,Nitronic 60,MS - Mill,True,5,256.00,1280.00,2080.00,55
7089,6392777,completed,0022-28562,05,"PLATE, NUT, SHIELD, ADAPTER, 600MM",manufactured,Nitronic 60,MS - Mill,True,10,185.00,1850.00,2650.00,55
7089,6392777,completed,0022-28562,05,"PLATE, NUT, SHIELD, ADAPTER, 600MM",manufactured,Nitronic 60,MS - Mill,True,130,144.00,18720.00,18720.00,66
7089,6392777,completed,0022-28562,05,"PLATE, NUT, SHIELD, ADAPTER, 600MM",manufactured,Nitronic 60,MS - Mill,True,1290,138.00,178020.00,178020.00,166
7089,6392778,completed,0022-41052,02,"NUT SECTOR, HT MCXT, E2, 300MM",manufactured,Nitronic 60,MS - Mill,True,1,984.00,984.00,1784.00,54
7089,6392778,completed,0022-41052,02,"NUT SECTOR, HT MCXT, E2, 300MM",manufactured,Nitronic 60,MS - Mill,True,5,314.00,1570.00,2370.00,55
7089,6392778,completed,0022-41052,02,"NUT SECTOR, HT MCXT, E2, 300MM",manufactured,Nitronic 60,MS - Mill,True,10,231.00,2310.00,3110.00,55
7089,6392778,completed,0022-41052,02,"NUT SECTOR, HT MCXT, E2, 300MM",manufactured,Nitronic 60,MS - Mill,True,96,189.00,18144.00,18144.00,62
7100,6413517,no_quote,145W5420-32,-,"STIFFENER, ASSY",manufactured,,,False,1,0.00,0.00,0.00,0
7100,6413517,no_quote,145W5420-32,-,"STIFFENER, ASSY",manufactured,,,False,3,0.00,0.00,0.00,0
7100,6413517,no_quote,145W5420-32,-,"STIFFENER, ASSY",manufactured,,,False,7,0.00,0.00,0.00,0
7100,6413518,no_quote,145W5420-33,-,"STIFFENER, ASSY",manufactured,,,False,1,0.00,0.00,0.00,0
7100,6413518,no_quote,145W5420-33,-,"STIFFENER, ASSY",manufactured,,,False,3,0.00,0.00,0.00,0
7100,6413518,no_quote,145W5420-33,-,"STIFFENER, ASSY",manufactured,,,False,7,0.00,0.00,0.00,0
7100,6413519,no_quote,145W5420-37,-,"STIFFENER, ASSY",manufactured,,,False,1,0.00,0.00,0.00,0
7100,6413519,no_quote,145W5420-37,-,"STIFFENER, ASSY",manufactured,,,False,3,0.00,0.00,0.00,0
7100,6413519,no_quote,145W5420-37,-,"STIFFENER, ASSY",manufactured,,,False,7,0.00,0.00,0.00,0
7100,6413520,no_quote,145W5420-38,-,"STIFFENER, ASSY",manufactured,,,False,1,0.00,0.00,0.00,0
7100,6413520,no_quote,145W5420-38,-,"STIFFENER, ASSY",manufactured,,,False,3,0.00,0.00,0.00,0
7100,6413520,no_quote,145W5420-38,-,"STIFFENER, ASSY",manufactured,,,False,7,0.00,0.00,0.00,0
7103,6468695,completed,ESP0031,A,"PANEL, DIBORANE GP",manufactured,CRS,SM - Piece W/HDWE,True,2,705.00,1410.00,2010.00,53
7102,6414116,completed,0040-64454,07,"BRACKET, REAR CHBR SUPPORT, RPG CHBR, 30",assembled,,Historical Part Requote,False,10,108.43,1084.30,1084.30,50
7102,6414116,completed,0040-64454,07,"BRACKET, REAR CHBR SUPPORT, RPG CHBR, 30",assembled,,Historical Part Requote,False,20,103.50,2070.00,2070.00,50
7102,6414116,completed,0040-64454,07,"BRACKET, REAR CHBR SUPPORT, RPG CHBR, 30",assembled,,Historical Part Requote,False,30,101.86,3055.80,3055.80,50
7102,6414116,completed,0040-64454,07,"BRACKET, REAR CHBR SUPPORT, RPG CHBR, 30",assembled,,Historical Part Requote,False,400,99.80,39920.00,39920.00,50
7102,6414117,completed,0041-03386,04,"BRACKET, REAR CHBR SUPPORT,SPUTTER/CLEAN",assembled,,Historical Part Requote,False,10,108.43,1084.30,1084.30,50
7102,6414117,completed,0041-03386,04,"BRACKET, REAR CHBR SUPPORT,SPUTTER/CLEAN",assembled,,Historical Part Requote,False,20,103.50,2070.00,2070.00,50
7102,6414117,completed,0041-03386,04,"BRACKET, REAR CHBR SUPPORT,SPUTTER/CLEAN",assembled,,Historical Part Requote,False,30,101.86,3055.80,3055.80,50
7102,6414117,completed,0041-03386,04,"BRACKET, REAR CHBR SUPPORT,SPUTTER/CLEAN",assembled,,Historical Part Requote,False,100,100.54,10054.00,10054.00,50
7080,6389323,not_started,0010-86666,05,"ASSEMBLY,PELTIER COOLER, DUAL POSITIONS,",assembled,,SM - Assy,False,1,3045.00,3045.00,7745.00,80
7080,6389323,not_started,0010-86666,05,"ASSEMBLY,PELTIER COOLER, DUAL POSITIONS,",assembled,,SM - Assy,False,20,3045.00,60900.00,65600.00,80
7080,6389323,not_started,0010-86666,05,"ASSEMBLY,PELTIER COOLER, DUAL POSITIONS,",assembled,,SM - Assy,False,200,3045.00,609000.00,609000.00,260
7080,6389362,not_started,0010-86666,06,,assembled,,,False,1,2051.01,2051.01,2051.01,0
7080,6389897,not_started,0022-06884,04,AL COOLER P2,manufactured,Aluminum 6061-T6,MS - Mill Turn,True,1,1108.04,1108.04,1108.04,35
7080,6389897,not_started,0022-06884,04,AL COOLER P2,manufactured,Aluminum 6061-T6,MS - Mill Turn,True,3,469.50,1408.50,1408.50,35
7080,6389897,not_started,0022-06884,04,AL COOLER P2,manufactured,Aluminum 6061-T6,MS - Mill Turn,True,5,344.80,1724.00,1724.00,35
7080,6389897,not_started,0022-06884,04,AL COOLER P2,manufactured,Aluminum 6061-T6,MS - Mill Turn,True,10,255.02,2550.20,2550.20,36
7080,6389897,not_started,0022-06884,04,AL COOLER P2,manufactured,Aluminum 6061-T6,MS - Mill Turn,True,20,210.13,4202.60,4202.60,38
7080,6389877,completed,0022-06886,03,TC HOLDING ADAPTER,manufactured,Delrin POM-H (HOMOPOLYMER) - Natural,MS - Lathe,True,1,416.82,416.82,416.82,16
7080,6389877,completed,0022-06886,03,TC HOLDING ADAPTER,manufactured,Delrin POM-H (HOMOPOLYMER) - Natural,MS - Lathe,True,20,41.08,821.60,821.60,17
7080,6389877,completed,0022-06886,03,TC HOLDING ADAPTER,manufactured,Delrin POM-H (HOMOPOLYMER) - Natural,MS - Lathe,True,200,23.50,4700.00,4700.00,22
7080,6389907,completed,0041-57722,05,"DUCT, BLOWER, AMPOULE
COOLER, ALD/CVD",manufactured,Aluminum 5052-H32,SM - Piece W/HDWE,True,2,242.00,484.00,484.00,30
7080,6393604,not_started,0042-25189,04,AL COOLER P1,manufactured,Aluminum 6061-T6,MS - Mill Turn,True,1,1288.05,1288.05,1288.05,39
7080,6393604,not_started,0042-25189,04,AL COOLER P1,manufactured,Aluminum 6061-T6,MS - Mill Turn,True,20,399.20,7984.00,7984.00,45
7080,6393604,not_started,0042-25189,04,AL COOLER P1,manufactured,Aluminum 6061-T6,MS - Mill Turn,True,200,359.22,71844.00,71844.00,109
7075,6701647,completed,0010-99394,01,"ASSY, CHAMBER CONTROL UNIT, MINI CLF",assembled,CRS,SM - Assy,True,1,27500.00,27500.00,30500.00,60
7075,6701647,completed,0010-99394,01,"ASSY, CHAMBER CONTROL UNIT, MINI CLF",assembled,CRS,SM - Assy,True,5,15800.00,79000.00,82000.00,60
7075,6701647,completed,0010-99394,01,"ASSY, CHAMBER CONTROL UNIT, MINI CLF",assembled,CRS,SM - Assy,True,10,13950.00,139500.00,142500.00,60
7075,6701647,completed,0010-99394,01,"ASSY, CHAMBER CONTROL UNIT, MINI CLF",assembled,CRS,SM - Assy,True,25,13950.00,348750.00,351750.00,60
7075,6701647,completed,0010-99394,01,"ASSY, CHAMBER CONTROL UNIT, MINI CLF",assembled,CRS,SM - Assy,True,50,13950.00,697500.00,700500.00,60
7104,6414618,completed,0010-73407,03,"WATER BULKHEAD, EQUIPMENT RACK",assembled,,SM - Assy,False,1,890.00,890.00,1590.00,46
7104,6414618,completed,0010-73407,03,"WATER BULKHEAD, EQUIPMENT RACK",assembled,,SM - Assy,False,2,546.00,1092.00,1792.00,46
7104,6414618,completed,0010-73407,03,"WATER BULKHEAD, EQUIPMENT RACK",assembled,,SM - Assy,False,3,431.00,1293.00,1993.00,46
7104,6414618,completed,0010-73407,03,"WATER BULKHEAD, EQUIPMENT RACK",assembled,,SM - Assy,False,5,340.00,1700.00,2400.00,46
7104,6414618,completed,0010-73407,03,"WATER BULKHEAD, EQUIPMENT RACK",assembled,,SM - Assy,False,10,282.00,2820.00,3520.00,46
7104,6414618,completed,0010-73407,03,"WATER BULKHEAD, EQUIPMENT RACK",assembled,,SM - Assy,False,15,262.00,3930.00,4630.00,46
7106,6468726,completed,0043-01144,01,"LATE, LID ADAPTER, J-
CLEAN, 300MM",manufactured,Aluminum 6061-T6,MS - Mill Turn,True,1,3030.00,3030.00,5130.00,66
7106,6468726,completed,0043-01144,01,"LATE, LID ADAPTER, J-
CLEAN, 300MM",manufactured,Aluminum 6061-T6,MS - Mill Turn,True,2,2190.00,4380.00,6480.00,67
7106,6468726,completed,0043-01144,01,"LATE, LID ADAPTER, J-
CLEAN, 300MM",manufactured,Aluminum 6061-T6,MS - Mill Turn,True,3,1910.00,5730.00,7830.00,68
7106,6468726,completed,0043-01144,01,"LATE, LID ADAPTER, J-
CLEAN, 300MM",manufactured,Aluminum 6061-T6,MS - Mill Turn,True,5,1680.00,8400.00,10500.00,69
7107,6414881,no_quote,0022-16027,02,"PLUG COVER, LEFT, POWER CABLE, DUAL ZONE",manufactured,,NQ - Not a Core Competency,False,1,0.00,0.00,0.00,5
7107,6414881,no_quote,0022-16027,02,"PLUG COVER, LEFT, POWER CABLE, DUAL ZONE",manufactured,,NQ - Not a Core Competency,False,2,0.00,0.00,0.00,5
7107,6414881,no_quote,0022-16027,02,"PLUG COVER, LEFT, POWER CABLE, DUAL ZONE",manufactured,,NQ - Not a Core Competency,False,3,0.00,0.00,0.00,5
7107,6414881,no_quote,0022-16027,02,"PLUG COVER, LEFT, POWER CABLE, DUAL ZONE",manufactured,,NQ - Not a Core Competency,False,5,0.00,0.00,0.00,5
7110,6417891,completed,0021-17300,04,"GROMMET, 1/4 SLD WELDMENT INLET, 1 DIA",manufactured,,Historical Part Requote,False,100,4.00,400.00,400.00,20
7110,6417891,completed,0021-17300,04,"GROMMET, 1/4 SLD WELDMENT INLET, 1 DIA",manufactured,,Historical Part Requote,False,250,4.00,1000.00,1000.00,20
7110,6417891,completed,0021-17300,04,"GROMMET, 1/4 SLD WELDMENT INLET, 1 DIA",manufactured,,Historical Part Requote,False,500,4.00,2000.00,2000.00,40
7110,6417891,completed,0021-17300,04,"GROMMET, 1/4 SLD WELDMENT INLET, 1 DIA",manufactured,,Historical Part Requote,False,1000,4.00,4000.00,4000.00,40
7111,6425531,no_quote,0041-80149,02,"PLUG COVER, RIGHT, POWER CABLE, DUAL ZON",assembled,,NQ - Not a Core Competency,False,1,0.00,0.00,0.00,5
7111,6425531,no_quote,0041-80149,02,"PLUG COVER, RIGHT, POWER CABLE, DUAL ZON",assembled,,NQ - Not a Core Competency,False,5,0.00,0.00,0.00,5
7111,6425531,no_quote,0041-80149,02,"PLUG COVER, RIGHT, POWER CABLE, DUAL ZON",assembled,,NQ - Not a Core Competency,False,10,0.00,0.00,0.00,5
7109,6900153,completed,0041-77789,04,"BOTTOM COVER, TEMP
CONDITIONING BOX",manufactured,Aluminum 5052-H32,SM - Piece W/HDWE,True,1,651.00,651.00,1351.00,53
7109,6900153,completed,0041-77789,04,"BOTTOM COVER, TEMP
CONDITIONING BOX",manufactured,Aluminum 5052-H32,SM - Piece W/HDWE,True,2,340.00,680.00,1380.00,53
7109,6900153,completed,0041-77789,04,"BOTTOM COVER, TEMP
CONDITIONING BOX",manufactured,Aluminum 5052-H32,SM - Piece W/HDWE,True,3,237.00,711.00,1411.00,53
7109,6900153,completed,0041-77789,04,"BOTTOM COVER, TEMP
CONDITIONING BOX",manufactured,Aluminum 5052-H32,SM - Piece W/HDWE,True,5,154.00,770.00,1470.00,53
7073,6376978,on_hold,0090-16270,02,"KF9, RF RACK, 3CH, ASSEMBLY, HDPCVD",assembled,,,False,1,6615.18,6615.18,6615.18,41
7073,6376978,on_hold,0090-16270,02,"KF9, RF RACK, 3CH, ASSEMBLY, HDPCVD",assembled,,,False,2,5764.40,11528.80,11528.80,41
7073,6376978,on_hold,0090-16270,02,"KF9, RF RACK, 3CH, ASSEMBLY, HDPCVD",assembled,,,False,4,5339.01,21356.04,21356.04,41
7073,6376978,on_hold,0090-16270,02,"KF9, RF RACK, 3CH, ASSEMBLY, HDPCVD",assembled,,,False,6,5197.21,31183.26,31183.26,41
7073,6376978,on_hold,0090-16270,02,"KF9, RF RACK, 3CH, ASSEMBLY, HDPCVD",assembled,,,False,8,5126.31,41010.48,41010.48,41
7073,6376978,on_hold,0090-16270,02,"KF9, RF RACK, 3CH, ASSEMBLY, HDPCVD",assembled,,,False,10,5083.77,50837.70,50837.70,41
7073,6376979,on_hold,0090-16356,03,"KF9, RF RACK, 1CH, ASSEMBLY, HDPCVD",assembled,,,False,1,550.54,550.54,550.54,13
7073,6376979,on_hold,0090-16356,03,"KF9, RF RACK, 1CH, ASSEMBLY, HDPCVD",assembled,,,False,2,306.65,613.30,613.30,13
7073,6376979,on_hold,0090-16356,03,"KF9, RF RACK, 1CH, ASSEMBLY, HDPCVD",assembled,,,False,4,184.71,738.84,738.84,13
7073,6376979,on_hold,0090-16356,03,"KF9, RF RACK, 1CH, ASSEMBLY, HDPCVD",assembled,,,False,6,144.06,864.36,864.36,14
7073,6376979,on_hold,0090-16356,03,"KF9, RF RACK, 1CH, ASSEMBLY, HDPCVD",assembled,,,False,8,123.74,989.92,989.92,14
7073,6376979,on_hold,0090-16356,03,"KF9, RF RACK, 1CH, ASSEMBLY, HDPCVD",assembled,,,False,10,111.54,1115.40,1115.40,14
7073,6461871,on_hold,0090-15688,01,"ELECTROMECHANICAL ASSEMBLY, COMMON RACK,",assembled,,MS  - Assy,False,1,27000.00,27000.00,27700.00,105
7073,6461871,on_hold,0090-15688,01,"ELECTROMECHANICAL ASSEMBLY, COMMON RACK,",assembled,,MS  - Assy,False,2,21300.00,42600.00,43300.00,110
7073,6461871,on_hold,0090-15688,01,"ELECTROMECHANICAL ASSEMBLY, COMMON RACK,",assembled,,MS  - Assy,False,3,19300.00,57900.00,58600.00,115
7073,6461871,on_hold,0090-15688,01,"ELECTROMECHANICAL ASSEMBLY, COMMON RACK,",assembled,,MS  - Assy,False,4,18400.00,73600.00,74300.00,120
7073,6461871,on_hold,0090-15688,01,"ELECTROMECHANICAL ASSEMBLY, COMMON RACK,",assembled,,MS  - Assy,False,5,17800.00,89000.00,89700.00,125
7073,6461871,on_hold,0090-15688,01,"ELECTROMECHANICAL ASSEMBLY, COMMON RACK,",assembled,,MS  - Assy,False,10,16600.00,166000.00,166700.00,150
7073,6461871,on_hold,0090-15688,01,"ELECTROMECHANICAL ASSEMBLY, COMMON RACK,",assembled,,MS  - Assy,False,25,15900.00,397500.00,398200.00,224
7073,6461871,on_hold,0090-15688,01,"ELECTROMECHANICAL ASSEMBLY, COMMON RACK,",assembled,,MS  - Assy,False,100,15600.00,1560000.00,1560000.00,670
7073,6535251,on_hold,0248-07735,,,assembled,,Kit - Assy,False,1,4730.00,4730.00,4730.00,57
7073,6535251,on_hold,0248-07735,,,assembled,,Kit - Assy,False,2,4470.00,8940.00,8940.00,57
7073,6535251,on_hold,0248-07735,,,assembled,,Kit - Assy,False,3,4390.00,13170.00,13170.00,57
7073,6535251,on_hold,0248-07735,,,assembled,,Kit - Assy,False,4,4350.00,17400.00,17400.00,57
7073,6535251,on_hold,0248-07735,,,assembled,,Kit - Assy,False,5,4320.00,21600.00,21600.00,57
7073,6535251,on_hold,0248-07735,,,assembled,,Kit - Assy,False,10,4270.00,42700.00,42700.00,57
7073,6535251,on_hold,0248-07735,,,assembled,,Kit - Assy,False,25,4240.00,106000.00,106000.00,57
7073,6535251,on_hold,0248-07735,,,assembled,,Kit - Assy,False,100,4220.00,422000.00,422000.00,58
7108,6899153,completed,0042-58702,01,"NO VALVES MOUNTING
BRKT-CDA",manufactured,CRS,SM - Piece W/HDWE,True,1,772.00,772.00,1372.00,60
7108,6899153,completed,0042-58702,01,"NO VALVES MOUNTING
BRKT-CDA",manufactured,CRS,SM - Piece W/HDWE,True,2,423.00,846.00,1446.00,60
7108,6899153,completed,0042-58702,01,"NO VALVES MOUNTING
BRKT-CDA",manufactured,CRS,SM - Piece W/HDWE,True,5,213.00,1065.00,1665.00,60
7108,6899153,completed,0042-58702,01,"NO VALVES MOUNTING
BRKT-CDA",manufactured,CRS,SM - Piece W/HDWE,True,10,149.00,1490.00,2090.00,60
7108,6899153,completed,0042-58702,01,"NO VALVES MOUNTING
BRKT-CDA",manufactured,CRS,SM - Piece W/HDWE,True,20,119.00,2380.00,2980.00,60
7108,6899153,completed,0042-58702,01,"NO VALVES MOUNTING
BRKT-CDA",manufactured,CRS,SM - Piece W/HDWE,True,40,103.00,4120.00,4720.00,60
7108,6898806,completed,0042-58784,02,SPRT BRKT ASSY-CDA,manufactured,CRS,SM - Piece W/HDWE,True,1,706.00,706.00,1306.00,60
7108,6898806,completed,0042-58784,02,SPRT BRKT ASSY-CDA,manufactured,CRS,SM - Piece W/HDWE,True,2,363.00,726.00,1326.00,60
7108,6898806,completed,0042-58784,02,SPRT BRKT ASSY-CDA,manufactured,CRS,SM - Piece W/HDWE,True,5,157.00,785.00,1385.00,60
7108,6898806,completed,0042-58784,02,SPRT BRKT ASSY-CDA,manufactured,CRS,SM - Piece W/HDWE,True,10,87.80,878.00,1478.00,60
7108,6898806,completed,0042-58784,02,SPRT BRKT ASSY-CDA,manufactured,CRS,SM - Piece W/HDWE,True,20,53.50,1070.00,1670.00,60
7108,6898806,completed,0042-58784,02,SPRT BRKT ASSY-CDA,manufactured,CRS,SM - Piece W/HDWE,True,40,36.77,1470.80,2070.80,60
7108,6415128,completed,0023-28254,01,Pilot Valve Mounting Bracket,manufactured,CRS,SM - Piece,True,1,671.00,671.00,1271.00,60
7108,6415128,completed,0023-28254,01,Pilot Valve Mounting Bracket,manufactured,CRS,SM - Piece,True,2,342.00,684.00,1284.00,60
7108,6415128,completed,0023-28254,01,Pilot Valve Mounting Bracket,manufactured,CRS,SM - Piece,True,5,144.00,720.00,1320.00,60
7108,6415128,completed,0023-28254,01,Pilot Valve Mounting Bracket,manufactured,CRS,SM - Piece,True,10,77.40,774.00,1374.00,60
7108,6415128,completed,0023-28254,01,Pilot Valve Mounting Bracket,manufactured,CRS,SM - Piece,True,20,44.45,889.00,1489.00,60
7108,6415128,completed,0023-28254,01,Pilot Valve Mounting Bracket,manufactured,CRS,SM - Piece,True,40,27.93,1117.20,1717.20,60
7114,6425879,no_quote,A0615524,01,"TEST CONTACTS, NEW BEND LENGTH STAINLESS",manufactured,,NQ - Not a Core Competency,False,3,0.00,0.00,0.00,5
7112,6637323,completed,0041-77797,04,"TOP COVER, TEMP
CONDITIONING BOX",manufactured,Aluminum 5052-H32,SM - Piece W/HDWE,True,1,793.00,793.00,1393.00,60
7112,6637323,completed,0041-77797,04,"TOP COVER, TEMP
CONDITIONING BOX",manufactured,Aluminum 5052-H32,SM - Piece W/HDWE,True,5,257.00,1285.00,1885.00,61
7112,6637323,completed,0041-77797,04,"TOP COVER, TEMP
CONDITIONING BOX",manufactured,Aluminum 5052-H32,SM - Piece W/HDWE,True,10,189.00,1890.00,2490.00,61
7116,6429313,completed,901-077-150-103,B,CHASSIS,manufactured,,Aerospace Assembly,False,4,2348.00,9392.00,10112.00,80
7116,6429316,completed,901-077-151-103,B,Chassis,manufactured,Aluminum 6061,Aerospace Assembly,True,4,2348.00,9392.00,9392.00,80
7120,6435940,no_quote,512-030-310-415,-,ANGLE-INLET PLENUM-OUTBD-LH,manufactured,,,False,20,0.00,0.00,0.00,0
7120,6435961,no_quote,512-030-310-416,-,ANGLE-INLET PLENUM-OUTBD-RH,manufactured,,,False,20,0.00,0.00,0.00,0
7119,6435863,completed,512-061-260-101,C,HINGE FITTING ASSY,manufactured,,,False,20,841.00,16820.00,16820.00,70
7117,6429349,completed,449-375-226-101,A,,manufactured,Aluminum 5052-H32,SM - Piece,False,36,818.00,29448.00,29448.00,80
7117,6429353,completed,449-075-372-101,-,COVER,manufactured,Aluminum 6013-T4,SM - Piece,True,36,106.00,3816.00,3816.00,70
7118,6435790,completed,512-030-300-455,B,Bracket assy,assembled,Aluminum 6013-T4,SM - Piece (combo),True,28,358.00,10024.00,10024.00,70
7113,6425651,completed,0023-16255,5,"NOISE COVER, 47U GEN RACK",manufactured,Polycarbonate / PC (Transparent),SM - Piece,True,1,618.00,618.00,1218.00,48
7113,6425651,completed,0023-16255,5,"NOISE COVER, 47U GEN RACK",manufactured,Polycarbonate / PC (Transparent),SM - Piece,True,5,195.00,975.00,1575.00,48
7113,6425651,completed,0023-16255,5,"NOISE COVER, 47U GEN RACK",manufactured,Polycarbonate / PC (Transparent),SM - Piece,True,10,142.00,1420.00,2020.00,48
7113,6425651,completed,0023-16255,5,"NOISE COVER, 47U GEN RACK",manufactured,Polycarbonate / PC (Transparent),SM - Piece,True,15,124.00,1860.00,2460.00,48
7113,6425651,completed,0023-16255,5,"NOISE COVER, 47U GEN RACK",manufactured,Polycarbonate / PC (Transparent),SM - Piece,True,20,115.00,2300.00,2900.00,49
7113,6425652,completed,0015-18439,2,DINRAIL ETHERCAT,manufactured,CRS,SM - Piece,True,1,254.00,254.00,854.00,38
7113,6425652,completed,0015-18439,2,DINRAIL ETHERCAT,manufactured,CRS,SM - Piece,True,5,55.80,279.00,879.00,38
7113,6425652,completed,0015-18439,2,DINRAIL ETHERCAT,manufactured,CRS,SM - Piece,True,10,31.10,311.00,911.00,38
7113,6425652,completed,0015-18439,2,DINRAIL ETHERCAT,manufactured,CRS,SM - Piece,True,15,22.87,343.05,943.05,38
7113,6425652,completed,0015-18439,2,DINRAIL ETHERCAT,manufactured,CRS,SM - Piece,True,20,18.75,375.00,975.00,39
7113,6532544,completed,0023-15273,03,,manufactured,,Historical Part Requote,False,1,11.12,11.12,11.12,50
7113,6532544,completed,0023-15273,03,,manufactured,,Historical Part Requote,False,5,11.12,55.60,55.60,50
7113,6532544,completed,0023-15273,03,,manufactured,,Historical Part Requote,False,10,11.12,111.20,111.20,50
7113,6532544,completed,0023-15273,03,,manufactured,,Historical Part Requote,False,15,11.12,166.80,166.80,50
7113,6532544,completed,0023-15273,03,,manufactured,,Historical Part Requote,False,20,11.12,222.40,222.40,50
7113,6532581,completed,0042-92039,02,"DRIP TRAY, HALF RACK GEN",assembled,,Historical Part Requote,False,1,117.27,117.27,117.27,50
7113,6532581,completed,0042-92039,02,"DRIP TRAY, HALF RACK GEN",assembled,,Historical Part Requote,False,5,117.27,586.35,586.35,50
7113,6532581,completed,0042-92039,02,"DRIP TRAY, HALF RACK GEN",assembled,,Historical Part Requote,False,10,117.27,1172.70,1172.70,50
7113,6532581,completed,0042-92039,02,"DRIP TRAY, HALF RACK GEN",assembled,,Historical Part Requote,False,15,117.27,1759.05,1759.05,50
7113,6532581,completed,0042-92039,02,"DRIP TRAY, HALF RACK GEN",assembled,,Historical Part Requote,False,20,117.27,2345.40,2345.40,50
7113,6533230,completed,0042-92041,02,"DRIP TRAY, HALF RACK GEN",assembled,,Historical Part Requote,False,1,134.40,134.40,134.40,50
7113,6533230,completed,0042-92041,02,"DRIP TRAY, HALF RACK GEN",assembled,,Historical Part Requote,False,5,134.40,672.00,672.00,50
7113,6533230,completed,0042-92041,02,"DRIP TRAY, HALF RACK GEN",assembled,,Historical Part Requote,False,10,134.40,1344.00,1344.00,50
7113,6533230,completed,0042-92041,02,"DRIP TRAY, HALF RACK GEN",assembled,,Historical Part Requote,False,15,134.40,2016.00,2016.00,50
7113,6533230,completed,0042-92041,02,"DRIP TRAY, HALF RACK GEN",assembled,,Historical Part Requote,False,20,134.40,2688.00,2688.00,50
7113,6532527,completed,0042-92044,02,"SUPPORT BRACKET, DIP
TRAY,RF GEN",manufactured,,Historical Part Requote,False,1,20.84,20.84,20.84,50
7113,6532527,completed,0042-92044,02,"SUPPORT BRACKET, DIP
TRAY,RF GEN",manufactured,,Historical Part Requote,False,5,20.84,104.20,104.20,50
7113,6532527,completed,0042-92044,02,"SUPPORT BRACKET, DIP
TRAY,RF GEN",manufactured,,Historical Part Requote,False,10,20.84,208.40,208.40,50
7113,6532527,completed,0042-92044,02,"SUPPORT BRACKET, DIP
TRAY,RF GEN",manufactured,,Historical Part Requote,False,15,20.84,312.60,312.60,50
7113,6532527,completed,0042-92044,02,"SUPPORT BRACKET, DIP
TRAY,RF GEN",manufactured,,Historical Part Requote,False,20,20.84,416.80,416.80,50
7113,6532514,completed,0042-92054,01,"SUPPORT BRACKET 2, ELE
CABLES ,RF GEN",manufactured,,Historical Part Requote,False,1,32.10,32.10,32.10,50
7113,6532514,completed,0042-92054,01,"SUPPORT BRACKET 2, ELE
CABLES ,RF GEN",manufactured,,Historical Part Requote,False,5,32.10,160.50,160.50,50
7113,6532514,completed,0042-92054,01,"SUPPORT BRACKET 2, ELE
CABLES ,RF GEN",manufactured,,Historical Part Requote,False,10,32.10,321.00,321.00,50
7113,6532514,completed,0042-92054,01,"SUPPORT BRACKET 2, ELE
CABLES ,RF GEN",manufactured,,Historical Part Requote,False,15,32.10,481.50,481.50,50
7113,6532514,completed,0042-92054,01,"SUPPORT BRACKET 2, ELE
CABLES ,RF GEN",manufactured,,Historical Part Requote,False,20,32.10,642.00,642.00,50
7113,6532501,completed,0042-92096,01,"SUPPORT BRACKET 1, ELE
CABLES ,RF GEN",manufactured,,Historical Part Requote,False,1,42.24,42.24,42.24,50
7113,6532501,completed,0042-92096,01,"SUPPORT BRACKET 1, ELE
CABLES ,RF GEN",manufactured,,Historical Part Requote,False,5,42.24,211.20,211.20,50
7113,6532501,completed,0042-92096,01,"SUPPORT BRACKET 1, ELE
CABLES ,RF GEN",manufactured,,Historical Part Requote,False,10,42.24,422.40,422.40,50
7113,6532501,completed,0042-92096,01,"SUPPORT BRACKET 1, ELE
CABLES ,RF GEN",manufactured,,Historical Part Requote,False,15,42.24,633.60,633.60,50
7113,6532501,completed,0042-92096,01,"SUPPORT BRACKET 1, ELE
CABLES ,RF GEN",manufactured,,Historical Part Requote,False,20,42.24,844.80,844.80,50
7113,6532110,completed,0042-92035,02,"DRIP TRAY, RF GEN COOLING LINES",assembled,,Historical Part Requote,False,1,172.00,172.00,172.00,50
7113,6532110,completed,0042-92035,02,"DRIP TRAY, RF GEN COOLING LINES",assembled,,Historical Part Requote,False,5,172.00,860.00,860.00,50
7113,6532110,completed,0042-92035,02,"DRIP TRAY, RF GEN COOLING LINES",assembled,,Historical Part Requote,False,10,172.00,1720.00,1720.00,50
7113,6532110,completed,0042-92035,02,"DRIP TRAY, RF GEN COOLING LINES",assembled,,Historical Part Requote,False,15,172.00,2580.00,2580.00,50
7113,6532110,completed,0042-92035,02,"DRIP TRAY, RF GEN COOLING LINES",assembled,,Historical Part Requote,False,20,172.00,3440.00,3440.00,50
7113,6532102,completed,0042-94473,04,"BRACKET 1, BULKHEAD,
RF GEN",manufactured,,Historical Part Requote,False,1,41.16,41.16,41.16,50
7113,6532102,completed,0042-94473,04,"BRACKET 1, BULKHEAD,
RF GEN",manufactured,,Historical Part Requote,False,5,41.16,205.80,205.80,50
7113,6532102,completed,0042-94473,04,"BRACKET 1, BULKHEAD,
RF GEN",manufactured,,Historical Part Requote,False,10,41.16,411.60,411.60,50
7113,6532102,completed,0042-94473,04,"BRACKET 1, BULKHEAD,
RF GEN",manufactured,,Historical Part Requote,False,15,41.16,617.40,617.40,50
7113,6532102,completed,0042-94473,04,"BRACKET 1, BULKHEAD,
RF GEN",manufactured,,Historical Part Requote,False,20,41.16,823.20,823.20,50
7113,6532025,completed,0023-36713,05,"BRACKET,BULKHEAD PLATE, BIAS ASSY, PANEL ETCH, TOPAZ",manufactured,Aluminum 5052-H32,SM - Piece,True,1,674.00,674.00,1274.00,52
7113,6532025,completed,0023-36713,05,"BRACKET,BULKHEAD PLATE, BIAS ASSY, PANEL ETCH, TOPAZ",manufactured,Aluminum 5052-H32,SM - Piece,True,5,155.00,775.00,1375.00,60
7113,6532025,completed,0023-36713,05,"BRACKET,BULKHEAD PLATE, BIAS ASSY, PANEL ETCH, TOPAZ",manufactured,Aluminum 5052-H32,SM - Piece,True,10,90.00,900.00,1500.00,60
7113,6532025,completed,0023-36713,05,"BRACKET,BULKHEAD PLATE, BIAS ASSY, PANEL ETCH, TOPAZ",manufactured,Aluminum 5052-H32,SM - Piece,True,15,68.33,1024.95,1624.95,60
7113,6532025,completed,0023-36713,05,"BRACKET,BULKHEAD PLATE, BIAS ASSY, PANEL ETCH, TOPAZ",manufactured,Aluminum 5052-H32,SM - Piece,True,20,57.50,1150.00,1750.00,60
7113,6425662,completed,0023-33719,1,"BRACKET, A/C TO CHAMBER FRAME",manufactured,Aluminum 5052-H32,SM - Piece,True,1,519.00,519.00,1119.00,49
7113,6425662,completed,0023-33719,1,"BRACKET, A/C TO CHAMBER FRAME",manufactured,Aluminum 5052-H32,SM - Piece,True,5,117.00,585.00,1185.00,49
7113,6425662,completed,0023-33719,1,"BRACKET, A/C TO CHAMBER FRAME",manufactured,Aluminum 5052-H32,SM - Piece,True,10,65.90,659.00,1259.00,49
7113,6425662,completed,0023-33719,1,"BRACKET, A/C TO CHAMBER FRAME",manufactured,Aluminum 5052-H32,SM - Piece,True,15,49.13,736.95,1336.95,49
7113,6425662,completed,0023-33719,1,"BRACKET, A/C TO CHAMBER FRAME",manufactured,Aluminum 5052-H32,SM - Piece,True,20,40.75,815.00,1415.00,49
7113,6425663,completed,0023-33715,1,"BRKT, AC/C TO CHAMBER BODY",manufactured,Aluminum 5052-H32,SM - Piece,True,1,570.00,570.00,1170.00,51
7113,6425663,completed,0023-33715,1,"BRKT, AC/C TO CHAMBER BODY",manufactured,Aluminum 5052-H32,SM - Piece,True,5,128.00,640.00,1240.00,51
7113,6425663,completed,0023-33715,1,"BRKT, AC/C TO CHAMBER BODY",manufactured,Aluminum 5052-H32,SM - Piece,True,10,72.60,726.00,1326.00,51
7113,6425663,completed,0023-33715,1,"BRKT, AC/C TO CHAMBER BODY",manufactured,Aluminum 5052-H32,SM - Piece,True,15,54.13,811.95,1411.95,51
7113,6425663,completed,0023-33715,1,"BRKT, AC/C TO CHAMBER BODY",manufactured,Aluminum 5052-H32,SM - Piece,True,20,44.95,899.00,1499.00,51
7113,6529923,completed,0042-86524,01,"BRKT, AC BOX, MOUNTING,
VALOR",manufactured,Aluminum 5052-H32,SM - Piece W/HDWE,True,1,612.00,612.00,1212.00,53
7113,6529923,completed,0042-86524,01,"BRKT, AC BOX, MOUNTING,
VALOR",manufactured,Aluminum 5052-H32,SM - Piece W/HDWE,True,5,177.00,885.00,1485.00,53
7113,6529923,completed,0042-86524,01,"BRKT, AC BOX, MOUNTING,
VALOR",manufactured,Aluminum 5052-H32,SM - Piece W/HDWE,True,10,123.00,1230.00,1830.00,53
7113,6529923,completed,0042-86524,01,"BRKT, AC BOX, MOUNTING,
VALOR",manufactured,Aluminum 5052-H32,SM - Piece W/HDWE,True,15,104.00,1560.00,2160.00,53
7113,6529923,completed,0042-86524,01,"BRKT, AC BOX, MOUNTING,
VALOR",manufactured,Aluminum 5052-H32,SM - Piece W/HDWE,True,20,94.90,1898.00,2498.00,54
7115,6425992,completed,0041-88721,02,"FRAME, MOUNTING, HOT
CAN & HEATER, ANZA-L,
300MM",assembled,Stainless Steel 304,SM - Assy,True,1,1850.00,1850.00,2850.00,54
7115,6425992,completed,0041-88721,02,"FRAME, MOUNTING, HOT
CAN & HEATER, ANZA-L,
300MM",assembled,Stainless Steel 304,SM - Assy,True,5,741.00,3705.00,4705.00,55
7115,6425992,completed,0041-88721,02,"FRAME, MOUNTING, HOT
CAN & HEATER, ANZA-L,
300MM",assembled,Stainless Steel 304,SM - Assy,True,10,609.00,6090.00,7090.00,57
7115,6425992,completed,0041-88721,02,"FRAME, MOUNTING, HOT
CAN & HEATER, ANZA-L,
300MM",assembled,Stainless Steel 304,SM - Assy,True,15,566.00,8490.00,9490.00,58
7115,6425992,completed,0041-88721,02,"FRAME, MOUNTING, HOT
CAN & HEATER, ANZA-L,
300MM",assembled,Stainless Steel 304,SM - Assy,True,25,531.00,13275.00,14275.00,61
7115,6425992,completed,0041-88721,02,"FRAME, MOUNTING, HOT
CAN & HEATER, ANZA-L,
300MM",assembled,Stainless Steel 304,SM - Assy,True,50,505.00,25250.00,26250.00,69
7115,6425992,completed,0041-88721,02,"FRAME, MOUNTING, HOT
CAN & HEATER, ANZA-L,
300MM",assembled,Stainless Steel 304,SM - Assy,True,75,496.00,37200.00,37200.00,77
7115,6425992,completed,0041-88721,02,"FRAME, MOUNTING, HOT
CAN & HEATER, ANZA-L,
300MM",assembled,Stainless Steel 304,SM - Assy,True,100,493.00,49300.00,49300.00,85
7121,6436117,completed,512-045-308-101,A,TUBE TRANSFER - IGB,manufactured,Aluminum 2024-T351,MS - Lathe,True,45,96.11,4324.95,5284.95,65
7092,6395520,completed,E17531090,D,"E17531090-LINER SHELL, ANGLE CONTROL",manufactured,Aluminum 5052-H32,SM - Piece W/HDWE,True,1,441.00,441.00,1041.00,54
7092,6395520,completed,E17531090,D,"E17531090-LINER SHELL, ANGLE CONTROL",manufactured,Aluminum 5052-H32,SM - Piece W/HDWE,True,5,108.00,540.00,1140.00,54
7092,6395520,completed,E17531090,D,"E17531090-LINER SHELL, ANGLE CONTROL",manufactured,Aluminum 5052-H32,SM - Piece W/HDWE,True,10,63.60,636.00,1236.00,54
7092,6395520,completed,E17531090,D,"E17531090-LINER SHELL, ANGLE CONTROL",manufactured,Aluminum 5052-H32,SM - Piece W/HDWE,True,16,47.06,752.96,1352.96,54
7092,6395521,no_quote,E17003770,A,"E17003770-RING,MULTI BACKUP",manufactured,,NQ - Not a Core Competency,False,5,0.00,0.00,0.00,5
7092,6395521,no_quote,E17003770,A,"E17003770-RING,MULTI BACKUP",manufactured,,NQ - Not a Core Competency,False,10,0.00,0.00,0.00,5
7092,6395521,no_quote,E17003770,A,"E17003770-RING,MULTI BACKUP",manufactured,,NQ - Not a Core Competency,False,38,0.00,0.00,0.00,5
7092,6395522,no_quote,E11719680,A,"E11719680-ASSY,COVER, SHIPPING, REAR, EPM 1.5, XP2",manufactured,,No Quote,False,5,0.00,0.00,0.00,5
7092,6395522,no_quote,E11719680,A,"E11719680-ASSY,COVER, SHIPPING, REAR, EPM 1.5, XP2",manufactured,,No Quote,False,6,0.00,0.00,0.00,5
7092,6395522,no_quote,E11719680,A,"E11719680-ASSY,COVER, SHIPPING, REAR, EPM 1.5, XP2",manufactured,,No Quote,False,10,0.00,0.00,0.00,5
7092,6395523,no_quote,E17029420,05,"E17029420-SPRING,DOOR BONDING",assembled,,NQ - Not a Core Competency,False,5,0.00,0.00,0.00,5
7092,6395523,no_quote,E17029420,05,"E17029420-SPRING,DOOR BONDING",assembled,,NQ - Not a Core Competency,False,10,0.00,0.00,0.00,5
7092,6395523,no_quote,E17029420,05,"E17029420-SPRING,DOOR BONDING",assembled,,NQ - Not a Core Competency,False,52,0.00,0.00,0.00,5
7092,6395524,completed,E170375060,A,"E170375060-PANEL, SHORTER CONNECTION PLATE",manufactured,Aluminum 6061-T6,SM - Piece,True,1,388.00,388.00,988.00,45
7092,6395524,completed,E170375060,A,"E170375060-PANEL, SHORTER CONNECTION PLATE",manufactured,Aluminum 6061-T6,SM - Piece,True,5,85.40,427.00,1027.00,45
7092,6395524,completed,E170375060,A,"E170375060-PANEL, SHORTER CONNECTION PLATE",manufactured,Aluminum 6061-T6,SM - Piece,True,10,47.70,477.00,1077.00,45
7092,6395524,completed,E170375060,A,"E170375060-PANEL, SHORTER CONNECTION PLATE",manufactured,Aluminum 6061-T6,SM - Piece,True,18,30.83,554.94,1154.94,45
7092,6395525,completed,E170471420,A,"E170471420-BRACKET, FACILITIES, BL TO TERM",manufactured,Aluminum 5052-H32,SM - Piece,True,1,466.00,466.00,1066.00,45
7092,6395525,completed,E170471420,A,"E170471420-BRACKET, FACILITIES, BL TO TERM",manufactured,Aluminum 5052-H32,SM - Piece,True,5,104.00,520.00,1120.00,46
7092,6395525,completed,E170471420,A,"E170471420-BRACKET, FACILITIES, BL TO TERM",manufactured,Aluminum 5052-H32,SM - Piece,True,6,88.67,532.02,1132.02,46
7092,6395525,completed,E170471420,A,"E170471420-BRACKET, FACILITIES, BL TO TERM",manufactured,Aluminum 5052-H32,SM - Piece,True,10,58.50,585.00,1185.00,46
7092,6395526,completed,E170292120,C,"E170292120-ROD, SHORTING, 90 MODULE, HCV",manufactured,,,False,5,0.00,0.00,0.00,0
7092,6395526,completed,E170292120,C,"E170292120-ROD, SHORTING, 90 MODULE, HCV",manufactured,,,False,6,0.00,0.00,0.00,0
7092,6395526,completed,E170292120,C,"E170292120-ROD, SHORTING, 90 MODULE, HCV",manufactured,,,False,10,0.00,0.00,0.00,0
7092,6430288,completed,E17200520,A,,manufactured,Aluminum 6061-T6,MS - Lathe,False,1,474.00,474.00,1274.00,55
7092,6430288,completed,E17200520,A,,manufactured,Aluminum 6061-T6,MS - Lathe,False,5,114.00,570.00,1370.00,55
7092,6430288,completed,E17200520,A,,manufactured,Aluminum 6061-T6,MS - Lathe,False,8,80.12,640.96,1440.96,56
7092,6430288,completed,E17200520,A,,manufactured,Aluminum 6061-T6,MS - Lathe,False,10,68.80,688.00,1488.00,56
7092,6430288,completed,E17200520,A,,manufactured,Aluminum 6061-T6,MS - Lathe,False,15,53.80,807.00,1607.00,56
7092,6430288,completed,E17200520,A,,manufactured,Aluminum 6061-T6,MS - Lathe,False,30,38.77,1163.10,1963.10,56
7092,6430288,completed,E17200520,A,,manufactured,Aluminum 6061-T6,MS - Lathe,False,40,35.02,1400.80,2200.80,56
7092,6430297,completed,E12011660,B,,manufactured,Stainless Steel 316L,MS - Lathe,False,1,654.00,654.00,1454.00,43
7092,6430297,completed,E12011660,B,,manufactured,Stainless Steel 316L,MS - Lathe,False,2,338.00,676.00,1476.00,43
7092,6430336,completed,E18332590,A,"SPACER, PROFILER FIXTURE TABLE",manufactured,Aluminum 6061-T6,MS - Lathe,True,1,653.00,653.00,1453.00,48
7092,6430336,completed,E18332590,A,"SPACER, PROFILER FIXTURE TABLE",manufactured,Aluminum 6061-T6,MS - Lathe,True,5,147.00,735.00,1535.00,48
7092,6430336,completed,E18332590,A,"SPACER, PROFILER FIXTURE TABLE",manufactured,Aluminum 6061-T6,MS - Lathe,True,6,126.00,756.00,1556.00,48
7092,6430336,completed,E18332590,A,"SPACER, PROFILER FIXTURE TABLE",manufactured,Aluminum 6061-T6,MS - Lathe,True,10,83.70,837.00,1637.00,48
7092,6430336,completed,E18332590,A,"SPACER, PROFILER FIXTURE TABLE",manufactured,Aluminum 6061-T6,MS - Lathe,True,15,62.60,939.00,1739.00,48
7092,6430336,completed,E18332590,A,"SPACER, PROFILER FIXTURE TABLE",manufactured,Aluminum 6061-T6,MS - Lathe,True,30,41.50,1245.00,2045.00,49
7092,6430336,completed,E18332590,A,"SPACER, PROFILER FIXTURE TABLE",manufactured,Aluminum 6061-T6,MS - Lathe,True,40,36.22,1448.80,2248.80,49
7092,6430353,no_quote,C1188631,-,,manufactured,,NQ - Not a Core Competency,False,1,0.00,0.00,0.00,5
7092,6430353,no_quote,C1188631,-,,manufactured,,NQ - Not a Core Competency,False,2,0.00,0.00,0.00,5
7092,6430353,no_quote,C1188631,-,,manufactured,,NQ - Not a Core Competency,False,24,0.00,0.00,0.00,5
7092,6430367,completed,E18282560,A,,manufactured,Stainless Steel 304L,MS - Lathe,False,1,676.00,676.00,1476.00,43
7092,6430367,completed,E18282560,A,,manufactured,Stainless Steel 304L,MS - Lathe,False,6,140.00,840.00,1640.00,43
7092,6430444,completed,E17417680,A,,manufactured,Stainless Steel 304L,MS - Lathe,False,1,1160.00,1160.00,1960.00,43
7092,6430444,completed,E17417680,A,,manufactured,Stainless Steel 304L,MS - Lathe,False,2,713.00,1426.00,2226.00,43
7092,6430444,completed,E17417680,A,,manufactured,Stainless Steel 304L,MS - Lathe,False,20,316.00,6320.00,7120.00,45
7092,6430461,completed,E12116250,D,,manufactured,CRS,MS - Lathe,False,1,760.00,760.00,1560.00,45
7092,6430461,completed,E12116250,D,,manufactured,CRS,MS - Lathe,False,5,184.00,920.00,1720.00,45
7092,6430461,completed,E12116250,D,,manufactured,CRS,MS - Lathe,False,10,112.00,1120.00,1920.00,45
7092,6430461,completed,E12116250,D,,manufactured,CRS,MS - Lathe,False,12,99.25,1191.00,1991.00,45
7092,6430461,completed,E12116250,D,,manufactured,CRS,MS - Lathe,False,15,87.27,1309.05,2109.05,45
7092,6430461,completed,E12116250,D,,manufactured,CRS,MS - Lathe,False,30,63.27,1898.10,2698.10,46
7092,6430461,completed,E12116250,D,,manufactured,CRS,MS - Lathe,False,40,57.25,2290.00,3090.00,46
7092,6430470,completed,E17863620,A,,manufactured,Stainless Steel 304L,MS - Lathe,False,1,719.00,719.00,1519.00,51
7092,6430470,completed,E17863620,A,,manufactured,Stainless Steel 304L,MS - Lathe,False,17,63.82,1084.94,1884.94,51
7092,6430470,completed,E17863620,A,,manufactured,Stainless Steel 304L,MS - Lathe,False,170,27.14,4613.80,4613.80,55
7092,6430516,completed,E17414460,C,,manufactured,Stainless Steel 304L,MS - Lathe,False,1,1090.00,1090.00,1890.00,51
7092,6430516,completed,E17414460,C,,manufactured,Stainless Steel 304L,MS - Lathe,False,10,294.00,2940.00,3740.00,51
7092,6430521,completed,E17769430,B,,manufactured,Aluminum 6061-T6,MS - Mill Turn,False,1,1080.00,1080.00,1880.00,48
7092,6430521,completed,E17769430,B,,manufactured,Aluminum 6061-T6,MS - Mill Turn,False,7,229.00,1603.00,2403.00,48
7092,6430521,completed,E17769430,B,,manufactured,Aluminum 6061-T6,MS - Mill Turn,False,68,102.00,6936.00,6936.00,52
7092,6430752,completed,E17775960,A,,manufactured,Aluminum 6061-T6,MS - Mill Turn,False,1,1160.00,1160.00,1960.00,59
7092,6430752,completed,E17775960,A,,manufactured,Aluminum 6061-T6,MS - Mill Turn,False,2,624.00,1248.00,2048.00,59
7092,6430752,completed,E17775960,A,,manufactured,Aluminum 6061-T6,MS - Mill Turn,False,20,149.00,2980.00,3780.00,60
7092,6430837,completed,E17420540,,,manufactured,CRS,MS - Mill Turn,False,1,1610.00,1610.00,2410.00,63
7092,6430837,completed,E17420540,,,manufactured,CRS,MS - Mill Turn,False,2,912.00,1824.00,2624.00,63
7092,6430837,completed,E17420540,,,manufactured,CRS,MS - Mill Turn,False,10,386.00,3860.00,4660.00,64
7092,6430841,completed,E17752461,A,,manufactured,Stainless Steel 303,MS - Lathe,False,1,759.00,759.00,1559.00,51
7092,6430841,completed,E17752461,A,,manufactured,Stainless Steel 303,MS - Lathe,False,4,223.00,892.00,1692.00,51
7092,6430841,completed,E17752461,A,,manufactured,Stainless Steel 303,MS - Lathe,False,34,64.21,2183.14,2983.14,52
7092,6430845,completed,E18010620,A,,manufactured,Stainless Steel 304L,MS - Mill Turn,False,1,1360.00,1360.00,2160.00,51
7092,6430845,completed,E18010620,A,,manufactured,Stainless Steel 304L,MS - Mill Turn,False,2,717.00,1434.00,2234.00,51
7092,6430845,completed,E18010620,A,,manufactured,Stainless Steel 304L,MS - Mill Turn,False,8,235.00,1880.00,2680.00,51
7092,6430915,completed,E17293270,,,manufactured,Stainless Steel 303,MS - Lathe,False,1,803.00,803.00,1603.00,51
7092,6430915,completed,E17293270,,,manufactured,Stainless Steel 303,MS - Lathe,False,5,213.00,1065.00,1865.00,51
7092,6430915,completed,E17293270,,,manufactured,Stainless Steel 303,MS - Lathe,False,10,139.00,1390.00,2190.00,51
7092,6430915,completed,E17293270,,,manufactured,Stainless Steel 303,MS - Lathe,False,15,114.00,1710.00,2510.00,52
7092,6430915,completed,E17293270,,,manufactured,Stainless Steel 303,MS - Lathe,False,30,89.43,2682.90,3482.90,52
7092,6430915,completed,E17293270,,,manufactured,Stainless Steel 303,MS - Lathe,False,32,87.87,2811.84,3611.84,52
7092,6430915,completed,E17293270,,,manufactured,Stainless Steel 303,MS - Lathe,False,40,83.28,3331.20,4131.20,53
7092,6430917,completed,E17278700,B,,manufactured,Aluminum 6061-T6,MS - Lathe,False,1,726.00,726.00,1526.00,56
7092,6430917,completed,E17278700,B,,manufactured,Aluminum 6061-T6,MS - Lathe,False,5,167.00,835.00,1635.00,56
7092,6430917,completed,E17278700,B,,manufactured,Aluminum 6061-T6,MS - Lathe,False,10,96.70,967.00,1767.00,56
7092,6430917,completed,E17278700,B,,manufactured,Aluminum 6061-T6,MS - Lathe,False,15,73.33,1099.95,1899.95,56
7092,6430917,completed,E17278700,B,,manufactured,Aluminum 6061-T6,MS - Lathe,False,30,50.03,1500.90,2300.90,56
7092,6430917,completed,E17278700,B,,manufactured,Aluminum 6061-T6,MS - Lathe,False,40,44.20,1768.00,2568.00,57
7092,6430917,completed,E17278700,B,,manufactured,Aluminum 6061-T6,MS - Lathe,False,168,31.04,5214.72,5214.72,60
7092,6430919,completed,E170213490,A,,manufactured,Stainless Steel 304L,MS - Mill Turn,False,1,1240.00,1240.00,2040.00,50
7092,6430919,completed,E170213490,A,,manufactured,Stainless Steel 304L,MS - Mill Turn,False,5,337.00,1685.00,2485.00,51
7092,6430919,completed,E170213490,A,,manufactured,Stainless Steel 304L,MS - Mill Turn,False,10,225.00,2250.00,3050.00,51
7092,6430919,completed,E170213490,A,,manufactured,Stainless Steel 304L,MS - Mill Turn,False,12,206.00,2472.00,3272.00,51
7092,6430919,completed,E170213490,A,,manufactured,Stainless Steel 304L,MS - Mill Turn,False,15,188.00,2820.00,3620.00,52
7092,6430919,completed,E170213490,A,,manufactured,Stainless Steel 304L,MS - Mill Turn,False,30,150.00,4500.00,5300.00,53
7092,6430919,completed,E170213490,A,,manufactured,Stainless Steel 304L,MS - Mill Turn,False,40,141.00,5640.00,6440.00,54
7092,6430926,completed,E170130120,A,,manufactured,Copper 110,MS - Mill,False,1,1640.00,1640.00,2440.00,62
7092,6430926,completed,E170130120,A,,manufactured,Copper 110,MS - Mill,False,2,1010.00,2020.00,2820.00,62
7092,6430926,completed,E170130120,A,,manufactured,Copper 110,MS - Mill,False,16,421.00,6736.00,7536.00,64
7092,6430934,completed,E17403120,,,manufactured,Aluminum 6061-T6,MS - Mill Turn,False,1,1210.00,1210.00,2010.00,56
7092,6430934,completed,E17403120,,,manufactured,Aluminum 6061-T6,MS - Mill Turn,False,2,645.00,1290.00,2090.00,56
7092,6430934,completed,E17403120,,,manufactured,Aluminum 6061-T6,MS - Mill Turn,False,18,150.00,2700.00,3500.00,57
7092,6430944,completed,E17491510,A,,manufactured,Aluminum 6061-T6,MS - Mill Turn,False,1,1310.00,1310.00,2110.00,56
7092,6430944,completed,E17491510,A,,manufactured,Aluminum 6061-T6,MS - Mill Turn,False,2,722.00,1444.00,2244.00,56
7092,6430944,completed,E17491510,A,,manufactured,Aluminum 6061-T6,MS - Mill Turn,False,10,256.00,2560.00,3360.00,56
7092,6430945,completed,E17076370,3,,manufactured,Stainless Steel 304L,MS - Mill Turn,False,1,1170.00,1170.00,1970.00,50
7092,6430945,completed,E17076370,3,,manufactured,Stainless Steel 304L,MS - Mill Turn,False,5,312.00,1560.00,2360.00,51
7092,6430945,completed,E17076370,3,,manufactured,Stainless Steel 304L,MS - Mill Turn,False,6,277.00,1662.00,2462.00,51
7092,6430945,completed,E17076370,3,,manufactured,Stainless Steel 304L,MS - Mill Turn,False,10,206.00,2060.00,2860.00,51
7092,6430945,completed,E17076370,3,,manufactured,Stainless Steel 304L,MS - Mill Turn,False,15,170.00,2550.00,3350.00,52
7092,6430945,completed,E17076370,3,,manufactured,Stainless Steel 304L,MS - Mill Turn,False,30,135.00,4050.00,4850.00,53
7092,6430945,completed,E17076370,3,,manufactured,Stainless Steel 304L,MS - Mill Turn,False,40,126.00,5040.00,5840.00,54
7092,6430946,completed,E170462570,A,,manufactured,Aluminum 6061-T6,MS - Mill Turn,False,1,1460.00,1460.00,2260.00,56
7092,6430946,completed,E170462570,A,,manufactured,Aluminum 6061-T6,MS - Mill Turn,False,5,457.00,2285.00,3085.00,56
7092,6430946,completed,E170462570,A,,manufactured,Aluminum 6061-T6,MS - Mill Turn,False,6,415.00,2490.00,3290.00,57
7092,6430946,completed,E170462570,A,,manufactured,Aluminum 6061-T6,MS - Mill Turn,False,10,332.00,3320.00,4120.00,57
7092,6430946,completed,E170462570,A,,manufactured,Aluminum 6061-T6,MS - Mill Turn,False,15,290.00,4350.00,5150.00,58
7092,6430946,completed,E170462570,A,,manufactured,Aluminum 6061-T6,MS - Mill Turn,False,30,248.00,7440.00,8240.00,61
7092,6430946,completed,E170462570,A,,manufactured,Aluminum 6061-T6,MS - Mill Turn,False,40,238.00,9520.00,10320.00,62
7092,6430954,completed,E170223770,A,,manufactured,Aluminum 6061-T6,MS - Lathe,False,1,764.00,764.00,1564.00,56
7092,6430954,completed,E170223770,A,,manufactured,Aluminum 6061-T6,MS - Lathe,False,5,190.00,950.00,1750.00,56
7092,6430954,completed,E170223770,A,,manufactured,Aluminum 6061-T6,MS - Lathe,False,10,118.00,1180.00,1980.00,56
7092,6430954,completed,E170223770,A,,manufactured,Aluminum 6061-T6,MS - Lathe,False,15,93.67,1405.05,2205.05,56
7092,6430954,completed,E170223770,A,,manufactured,Aluminum 6061-T6,MS - Lathe,False,30,69.70,2091.00,2891.00,57
7092,6430954,completed,E170223770,A,,manufactured,Aluminum 6061-T6,MS - Lathe,False,32,68.22,2183.04,2983.04,57
7092,6430954,completed,E170223770,A,,manufactured,Aluminum 6061-T6,MS - Lathe,False,40,63.72,2548.80,3348.80,57
7092,6430973,completed,E170123031,A,,manufactured,Stainless Steel 303,MS - Mill Turn,False,1,1440.00,1440.00,2240.00,51
7092,6430973,completed,E170123031,A,,manufactured,Stainless Steel 303,MS - Mill Turn,False,5,358.00,1790.00,2590.00,51
7092,6430973,completed,E170123031,A,,manufactured,Stainless Steel 303,MS - Mill Turn,False,10,224.00,2240.00,3040.00,52
7092,6430973,completed,E170123031,A,,manufactured,Stainless Steel 303,MS - Mill Turn,False,12,202.00,2424.00,3224.00,52
7092,6430973,completed,E170123031,A,,manufactured,Stainless Steel 303,MS - Mill Turn,False,15,179.00,2685.00,3485.00,52
7092,6430973,completed,E170123031,A,,manufactured,Stainless Steel 303,MS - Mill Turn,False,30,135.00,4050.00,4850.00,53
7092,6430973,completed,E170123031,A,,manufactured,Stainless Steel 303,MS - Mill Turn,False,40,123.00,4920.00,5720.00,54
7092,6430977,completed,E17398740,A,,manufactured,Aluminum 6061-T6,MS - Lathe,False,1,764.00,764.00,1564.00,59
7092,6430977,completed,E17398740,A,,manufactured,Aluminum 6061-T6,MS - Lathe,False,5,184.00,920.00,1720.00,59
7092,6430977,completed,E17398740,A,,manufactured,Aluminum 6061-T6,MS - Lathe,False,10,108.00,1080.00,1880.00,59
7092,6430977,completed,E17398740,A,,manufactured,Aluminum 6061-T6,MS - Lathe,False,15,84.40,1266.00,2066.00,59
7092,6430977,completed,E17398740,A,,manufactured,Aluminum 6061-T6,MS - Lathe,False,30,61.53,1845.90,2645.90,60
7092,6430977,completed,E17398740,A,,manufactured,Aluminum 6061-T6,MS - Lathe,False,40,55.82,2232.80,3032.80,60
7092,6430977,completed,E17398740,A,,manufactured,Aluminum 6061-T6,MS - Lathe,False,136,44.26,6019.36,6019.36,64
7092,6430979,completed,E18311412,A,,manufactured,Stainless Steel 303,MS - Mill Turn,False,1,1190.00,1190.00,1990.00,51
7092,6430979,completed,E18311412,A,,manufactured,Stainless Steel 303,MS - Mill Turn,False,2,625.00,1250.00,2050.00,51
7092,6430979,completed,E18311412,A,,manufactured,Stainless Steel 303,MS - Mill Turn,False,14,148.00,2072.00,2872.00,51
7092,6430981,completed,E170210740,A,,manufactured,Stainless Steel 304L,MS - Mill Turn,False,1,1200.00,1200.00,2000.00,51
7092,6430981,completed,E170210740,A,,manufactured,Stainless Steel 304L,MS - Mill Turn,False,5,280.00,1400.00,2200.00,51
7092,6430981,completed,E170210740,A,,manufactured,Stainless Steel 304L,MS - Mill Turn,False,10,166.00,1660.00,2460.00,51
7092,6430981,completed,E170210740,A,,manufactured,Stainless Steel 304L,MS - Mill Turn,False,15,128.00,1920.00,2720.00,51
7092,6430981,completed,E170210740,A,,manufactured,Stainless Steel 304L,MS - Mill Turn,False,30,89.53,2685.90,3485.90,52
7092,6430981,completed,E170210740,A,,manufactured,Stainless Steel 304L,MS - Mill Turn,False,36,83.19,2994.84,3794.84,52
7092,6430981,completed,E170210740,A,,manufactured,Stainless Steel 304L,MS - Mill Turn,False,40,80.05,3202.00,4002.00,53
7092,6430983,completed,E17358490,B,,manufactured,Aluminum 6061-T6,MS - Mill Turn,False,1,1430.00,1430.00,2230.00,56
7092,6430983,completed,E17358490,B,,manufactured,Aluminum 6061-T6,MS - Mill Turn,False,10,258.00,2580.00,3380.00,57
7092,6430984,completed,E18306600,A,,manufactured,Stainless Steel 303,MS - Mill Turn,False,1,1030.00,1030.00,1830.00,50
7092,6430984,completed,E18306600,A,,manufactured,Stainless Steel 303,MS - Mill Turn,False,4,287.00,1148.00,1948.00,50
7092,6430984,completed,E18306600,A,,manufactured,Stainless Steel 303,MS - Mill Turn,False,40,64.67,2586.80,3386.80,52
7092,6430986,completed,E170123040,A,,manufactured,Stainless Steel 303,MS - Lathe,False,1,1260.00,1260.00,2060.00,53
7092,6430986,completed,E170123040,A,,manufactured,Stainless Steel 303,MS - Lathe,False,5,334.00,1670.00,2470.00,54
7092,6430986,completed,E170123040,A,,manufactured,Stainless Steel 303,MS - Lathe,False,10,220.00,2200.00,3000.00,54
7092,6430986,completed,E170123040,A,,manufactured,Stainless Steel 303,MS - Lathe,False,15,181.00,2715.00,3515.00,55
7092,6430986,completed,E170123040,A,,manufactured,Stainless Steel 303,MS - Lathe,False,24,153.00,3672.00,4472.00,56
7092,6430986,completed,E170123040,A,,manufactured,Stainless Steel 303,MS - Lathe,False,30,143.00,4290.00,5090.00,56
7092,6430986,completed,E170123040,A,,manufactured,Stainless Steel 303,MS - Lathe,False,40,134.00,5360.00,6160.00,57
7092,6430987,completed,E18314067,A,,manufactured,Stainless Steel 304L,MS - Mill Turn,False,1,1190.00,1190.00,1990.00,50
7092,6430987,completed,E18314067,A,,manufactured,Stainless Steel 304L,MS - Mill Turn,False,5,302.00,1510.00,2310.00,51
7092,6430987,completed,E18314067,A,,manufactured,Stainless Steel 304L,MS - Mill Turn,False,10,191.00,1910.00,2710.00,51
7092,6430987,completed,E18314067,A,,manufactured,Stainless Steel 304L,MS - Mill Turn,False,15,154.00,2310.00,3110.00,52
7092,6430987,completed,E18314067,A,,manufactured,Stainless Steel 304L,MS - Mill Turn,False,16,150.00,2400.00,3200.00,52
7092,6430987,completed,E18314067,A,,manufactured,Stainless Steel 304L,MS - Mill Turn,False,30,117.00,3510.00,4310.00,53
7092,6430987,completed,E18314067,A,,manufactured,Stainless Steel 304L,MS - Mill Turn,False,40,108.00,4320.00,5120.00,53
7092,6430988,completed,E170237070,A,,manufactured,Aluminum 6061-T6,MS - Lathe,False,1,739.00,739.00,1539.00,56
7092,6430988,completed,E170237070,A,,manufactured,Aluminum 6061-T6,MS - Lathe,False,5,175.00,875.00,1675.00,56
7092,6430988,completed,E170237070,A,,manufactured,Aluminum 6061-T6,MS - Lathe,False,10,104.00,1040.00,1840.00,56
7092,6430988,completed,E170237070,A,,manufactured,Aluminum 6061-T6,MS - Lathe,False,15,80.13,1201.95,2001.95,56
7092,6430988,completed,E170237070,A,,manufactured,Aluminum 6061-T6,MS - Lathe,False,30,56.60,1698.00,2498.00,57
7092,6430988,completed,E170237070,A,,manufactured,Aluminum 6061-T6,MS - Lathe,False,36,52.67,1896.12,2696.12,57
7092,6430988,completed,E170237070,A,,manufactured,Aluminum 6061-T6,MS - Lathe,False,40,50.72,2028.80,2828.80,57
7092,6430990,completed,E17298630,A,,manufactured,Aluminum 6061-T6,MS - Lathe,False,1,739.00,739.00,1539.00,56
7092,6430990,completed,E17298630,A,,manufactured,Aluminum 6061-T6,MS - Lathe,False,5,175.00,875.00,1675.00,56
7092,6430990,completed,E17298630,A,,manufactured,Aluminum 6061-T6,MS - Lathe,False,10,104.00,1040.00,1840.00,56
7092,6430990,completed,E17298630,A,,manufactured,Aluminum 6061-T6,MS - Lathe,False,15,80.20,1203.00,2003.00,56
7092,6430990,completed,E17298630,A,,manufactured,Aluminum 6061-T6,MS - Lathe,False,30,56.63,1698.90,2498.90,57
7092,6430990,completed,E17298630,A,,manufactured,Aluminum 6061-T6,MS - Lathe,False,40,50.75,2030.00,2830.00,57
7092,6430992,completed,E170121890,A,,manufactured,Aluminum 6061-T6,MS - Lathe,False,1,739.00,739.00,1539.00,56
7092,6430992,completed,E170121890,A,,manufactured,Aluminum 6061-T6,MS - Lathe,False,5,174.00,870.00,1670.00,56
7092,6430992,completed,E170121890,A,,manufactured,Aluminum 6061-T6,MS - Lathe,False,10,104.00,1040.00,1840.00,56
7092,6430992,completed,E170121890,A,,manufactured,Aluminum 6061-T6,MS - Lathe,False,15,79.87,1198.05,1998.05,56
7092,6430992,completed,E170121890,A,,manufactured,Aluminum 6061-T6,MS - Lathe,False,30,56.33,1689.90,2489.90,57
7092,6430992,completed,E170121890,A,,manufactured,Aluminum 6061-T6,MS - Lathe,False,40,50.45,2018.00,2818.00,57
7092,6430992,completed,E170121890,A,,manufactured,Aluminum 6061-T6,MS - Lathe,False,50,46.92,2346.00,2346.00,57
7092,6430993,completed,E170160750,A,,manufactured,Stainless Steel 303,MS - Lathe,False,1,768.00,768.00,1568.00,51
7092,6430993,completed,E170160750,A,,manufactured,Stainless Steel 303,MS - Lathe,False,5,192.00,960.00,1760.00,51
7092,6430993,completed,E170160750,A,,manufactured,Stainless Steel 303,MS - Lathe,False,10,120.00,1200.00,2000.00,51
7092,6430993,completed,E170160750,A,,manufactured,Stainless Steel 303,MS - Lathe,False,15,95.80,1437.00,2237.00,51
7092,6430993,completed,E170160750,A,,manufactured,Stainless Steel 303,MS - Lathe,False,20,83.75,1675.00,2475.00,52
7092,6430993,completed,E170160750,A,,manufactured,Stainless Steel 303,MS - Lathe,False,30,71.73,2151.90,2951.90,52
7092,6430993,completed,E170160750,A,,manufactured,Stainless Steel 303,MS - Lathe,False,40,65.75,2630.00,3430.00,53
7092,6430994,completed,112775001,,,manufactured,Aluminum 6061-T6,MS - Mill Turn,False,1,1040.00,1040.00,1840.00,55
7092,6430994,completed,112775001,,,manufactured,Aluminum 6061-T6,MS - Mill Turn,False,5,245.00,1225.00,2025.00,56
7092,6430994,completed,112775001,,,manufactured,Aluminum 6061-T6,MS - Mill Turn,False,10,146.00,1460.00,2260.00,56
7092,6430994,completed,112775001,,,manufactured,Aluminum 6061-T6,MS - Mill Turn,False,15,113.00,1695.00,2495.00,56
7092,6430994,completed,112775001,,,manufactured,Aluminum 6061-T6,MS - Mill Turn,False,30,79.77,2393.10,3193.10,57
7092,6430994,completed,112775001,,,manufactured,Aluminum 6061-T6,MS - Mill Turn,False,40,71.52,2860.80,3660.80,57
7092,6430995,completed,E170207800,A,,manufactured,Stainless Steel 316L,MS - Lathe,False,1,1160.00,1160.00,1960.00,53
7092,6430995,completed,E170207800,A,,manufactured,Stainless Steel 316L,MS - Lathe,False,2,606.00,1212.00,2012.00,53
7092,6430995,completed,E170207800,A,,manufactured,Stainless Steel 316L,MS - Lathe,False,5,276.00,1380.00,2180.00,53
7092,6430995,completed,E170207800,A,,manufactured,Stainless Steel 316L,MS - Lathe,False,10,167.00,1670.00,2470.00,54
7092,6430995,completed,E170207800,A,,manufactured,Stainless Steel 316L,MS - Lathe,False,15,130.00,1950.00,2750.00,54
7092,6430995,completed,E170207800,A,,manufactured,Stainless Steel 316L,MS - Lathe,False,18,118.00,2124.00,2924.00,54
7092,6430995,completed,E170207800,A,,manufactured,Stainless Steel 316L,MS - Lathe,False,30,93.00,2790.00,3590.00,55
7092,6430995,completed,E170207800,A,,manufactured,Stainless Steel 316L,MS - Lathe,False,40,83.83,3353.20,4153.20,55
7092,6430996,completed,E17359040,A,,manufactured,Stainless Steel 304L,MS - Mill Turn,False,1,997.00,997.00,1797.00,50
7092,6430996,completed,E17359040,A,,manufactured,Stainless Steel 304L,MS - Mill Turn,False,11,143.00,1573.00,2373.00,51
7092,6430996,completed,E17359040,A,,manufactured,Stainless Steel 304L,MS - Mill Turn,False,102,66.46,6778.92,6778.92,56
7092,6430997,completed,E170239980,A,,manufactured,Aluminum 6061-T6,MS - Lathe,False,1,846.00,846.00,1646.00,55
7092,6430997,completed,E170239980,A,,manufactured,Aluminum 6061-T6,MS - Lathe,False,5,192.00,960.00,1760.00,55
7092,6430997,completed,E170239980,A,,manufactured,Aluminum 6061-T6,MS - Lathe,False,10,110.00,1100.00,1900.00,56
7092,6430997,completed,E170239980,A,,manufactured,Aluminum 6061-T6,MS - Lathe,False,14,86.07,1204.98,2004.98,56
7092,6430997,completed,E170239980,A,,manufactured,Aluminum 6061-T6,MS - Lathe,False,15,82.20,1233.00,2033.00,56
7092,6430997,completed,E170239980,A,,manufactured,Aluminum 6061-T6,MS - Lathe,False,30,54.93,1647.90,2447.90,56
7092,6430997,completed,E170239980,A,,manufactured,Aluminum 6061-T6,MS - Lathe,False,40,48.10,1924.00,2724.00,56
7092,6430998,completed,E17072400,1,,manufactured,Stainless Steel 416,MS - Lathe,False,1,987.00,987.00,1787.00,61
7092,6430998,completed,E17072400,1,,manufactured,Stainless Steel 416,MS - Lathe,False,5,225.00,1125.00,1925.00,61
7092,6430998,completed,E17072400,1,,manufactured,Stainless Steel 416,MS - Lathe,False,6,193.00,1158.00,1958.00,61
7092,6430998,completed,E17072400,1,,manufactured,Stainless Steel 416,MS - Lathe,False,10,130.00,1300.00,2100.00,61
7092,6430998,completed,E17072400,1,,manufactured,Stainless Steel 416,MS - Lathe,False,15,97.33,1459.95,2259.95,61
7092,6430998,completed,E17072400,1,,manufactured,Stainless Steel 416,MS - Lathe,False,30,65.57,1967.10,2767.10,62
7092,6430998,completed,E17072400,1,,manufactured,Stainless Steel 416,MS - Lathe,False,40,57.62,2304.80,3104.80,62
7092,6430999,completed,E17075900,1,,manufactured,Aluminum 6061-T6,MS - Mill Turn,False,1,1170.00,1170.00,1970.00,55
7092,6430999,completed,E17075900,1,,manufactured,Aluminum 6061-T6,MS - Mill Turn,False,5,320.00,1600.00,2400.00,56
7092,6430999,completed,E17075900,1,,manufactured,Aluminum 6061-T6,MS - Mill Turn,False,6,285.00,1710.00,2510.00,56
7092,6430999,completed,E17075900,1,,manufactured,Aluminum 6061-T6,MS - Mill Turn,False,10,214.00,2140.00,2940.00,56
7092,6430999,completed,E17075900,1,,manufactured,Aluminum 6061-T6,MS - Mill Turn,False,15,179.00,2685.00,3485.00,57
7092,6430999,completed,E17075900,1,,manufactured,Aluminum 6061-T6,MS - Mill Turn,False,30,144.00,4320.00,5120.00,58
7092,6430999,completed,E17075900,1,,manufactured,Aluminum 6061-T6,MS - Mill Turn,False,40,135.00,5400.00,6200.00,59
7092,6431000,completed,E17570270,A,,manufactured,Stainless Steel 303,MS - Lathe,False,1,729.00,729.00,1529.00,51
7092,6431000,completed,E17570270,A,,manufactured,Stainless Steel 303,MS - Lathe,False,2,379.00,758.00,1558.00,51
7092,6431000,completed,E17570270,A,,manufactured,Stainless Steel 303,MS - Lathe,False,12,86.33,1035.96,1835.96,51
7092,6431001,completed,E17899800,A,,manufactured,Aluminum 6061-T6,MS - Lathe,False,1,794.00,794.00,1594.00,56
7092,6431001,completed,E17899800,A,,manufactured,Aluminum 6061-T6,MS - Lathe,False,5,208.00,1040.00,1840.00,56
7092,6431001,completed,E17899800,A,,manufactured,Aluminum 6061-T6,MS - Lathe,False,10,134.00,1340.00,2140.00,56
7092,6431001,completed,E17899800,A,,manufactured,Aluminum 6061-T6,MS - Lathe,False,15,110.00,1650.00,2450.00,56
7092,6431001,completed,E17899800,A,,manufactured,Aluminum 6061-T6,MS - Lathe,False,16,107.00,1712.00,2512.00,56
7092,6431001,completed,E17899800,A,,manufactured,Aluminum 6061-T6,MS - Lathe,False,30,84.87,2546.10,3346.10,57
7092,6431001,completed,E17899800,A,,manufactured,Aluminum 6061-T6,MS - Lathe,False,40,78.75,3150.00,3950.00,57
7092,6431002,completed,E18334050,A,,manufactured,Aluminum 6061-T6,MS - Lathe,False,1,731.00,731.00,1531.00,56
7092,6431002,completed,E18334050,A,,manufactured,Aluminum 6061-T6,MS - Lathe,False,5,170.00,850.00,1650.00,56
7092,6431002,completed,E18334050,A,,manufactured,Aluminum 6061-T6,MS - Lathe,False,10,99.10,991.00,1791.00,56
7092,6431002,completed,E18334050,A,,manufactured,Aluminum 6061-T6,MS - Lathe,False,15,75.67,1135.05,1935.05,56
7092,6431002,completed,E18334050,A,,manufactured,Aluminum 6061-T6,MS - Lathe,False,30,52.27,1568.10,2368.10,57
7092,6431002,completed,E18334050,A,,manufactured,Aluminum 6061-T6,MS - Lathe,False,40,46.43,1857.20,2657.20,57
7092,6431002,completed,E18334050,A,,manufactured,Aluminum 6061-T6,MS - Lathe,False,44,44.84,1972.96,2772.96,57
7092,6431006,completed,E17032270,1,,manufactured,Stainless Steel 304L,MS - Lathe,False,1,731.00,731.00,1531.00,51
7092,6431006,completed,E17032270,1,,manufactured,Stainless Steel 304L,MS - Lathe,False,5,170.00,850.00,1650.00,51
7092,6431006,completed,E17032270,1,,manufactured,Stainless Steel 304L,MS - Lathe,False,8,117.00,936.00,1736.00,51
7092,6431006,completed,E17032270,1,,manufactured,Stainless Steel 304L,MS - Lathe,False,10,99.20,992.00,1792.00,51
7092,6431006,completed,E17032270,1,,manufactured,Stainless Steel 304L,MS - Lathe,False,15,75.73,1135.95,1935.95,51
7092,6431006,completed,E17032270,1,,manufactured,Stainless Steel 304L,MS - Lathe,False,30,52.37,1571.10,2371.10,52
7092,6431006,completed,E17032270,1,,manufactured,Stainless Steel 304L,MS - Lathe,False,40,46.50,1860.00,2660.00,52
7092,6431013,completed,E170273970,A,,manufactured,Aluminum 6061-T6,MS - Lathe,False,1,740.00,740.00,1540.00,56
7092,6431013,completed,E170273970,A,,manufactured,Aluminum 6061-T6,MS - Lathe,False,5,175.00,875.00,1675.00,56
7092,6431013,completed,E170273970,A,,manufactured,Aluminum 6061-T6,MS - Lathe,False,6,152.00,912.00,1712.00,56
7092,6431013,completed,E170273970,A,,manufactured,Aluminum 6061-T6,MS - Lathe,False,10,105.00,1050.00,1850.00,56
7092,6431013,completed,E170273970,A,,manufactured,Aluminum 6061-T6,MS - Lathe,False,15,80.80,1212.00,2012.00,56
7092,6431013,completed,E170273970,A,,manufactured,Aluminum 6061-T6,MS - Lathe,False,30,57.20,1716.00,2516.00,57
7092,6431013,completed,E170273970,A,,manufactured,Aluminum 6061-T6,MS - Lathe,False,40,51.33,2053.20,2853.20,57
7092,6431015,completed,E17002860,A,,manufactured,Stainless Steel 303,MS - Lathe,False,1,740.00,740.00,1540.00,51
7092,6431015,completed,E17002860,A,,manufactured,Stainless Steel 303,MS - Lathe,False,5,175.00,875.00,1675.00,51
7092,6431015,completed,E17002860,A,,manufactured,Stainless Steel 303,MS - Lathe,False,10,105.00,1050.00,1850.00,51
7092,6431015,completed,E17002860,A,,manufactured,Stainless Steel 303,MS - Lathe,False,15,80.60,1209.00,2009.00,51
7092,6431015,completed,E17002860,A,,manufactured,Stainless Steel 303,MS - Lathe,False,30,57.03,1710.90,2510.90,52
7092,6431015,completed,E17002860,A,,manufactured,Stainless Steel 303,MS - Lathe,False,40,51.15,2046.00,2846.00,52
7092,6431015,completed,E17002860,A,,manufactured,Stainless Steel 303,MS - Lathe,False,42,50.31,2113.02,2913.02,52
7092,6431016,completed,E17013060,A,,manufactured,Stainless Steel 304L,MS - Lathe,False,1,762.00,762.00,1562.00,51
7092,6431016,completed,E17013060,A,,manufactured,Stainless Steel 304L,MS - Lathe,False,5,189.00,945.00,1745.00,51
7092,6431016,completed,E17013060,A,,manufactured,Stainless Steel 304L,MS - Lathe,False,6,165.00,990.00,1790.00,51
7092,6431016,completed,E17013060,A,,manufactured,Stainless Steel 304L,MS - Lathe,False,10,117.00,1170.00,1970.00,51
7092,6431016,completed,E17013060,A,,manufactured,Stainless Steel 304L,MS - Lathe,False,15,92.53,1387.95,2187.95,51
7092,6431016,completed,E17013060,A,,manufactured,Stainless Steel 304L,MS - Lathe,False,30,68.60,2058.00,2858.00,52
7092,6431016,completed,E17013060,A,,manufactured,Stainless Steel 304L,MS - Lathe,False,40,62.63,2505.20,3305.20,52
7092,6431036,no_quote,E17788950,,,manufactured,Carbon Steel 1144,MS - Mill Turn,False,1,1290.00,1290.00,2090.00,51
7092,6431036,no_quote,E17788950,,,manufactured,Carbon Steel 1144,MS - Mill Turn,False,4,386.00,1544.00,2344.00,51
7092,6431036,no_quote,E17788950,,,manufactured,Carbon Steel 1144,MS - Mill Turn,False,40,117.00,4680.00,5480.00,53
7101,6413907,completed,M00022546,,"WLDMT: Frame, PM Common, MDS-300",assembled,CRS,SM - Assy,True,1,19300.00,19300.00,25900.00,56
7101,6413907,completed,M00022546,,"WLDMT: Frame, PM Common, MDS-300",assembled,CRS,SM - Assy,True,2,12600.00,25200.00,31800.00,60
7101,6413907,completed,M00022546,,"WLDMT: Frame, PM Common, MDS-300",assembled,CRS,SM - Assy,True,3,10400.00,31200.00,37800.00,64
7101,6413907,completed,M00022546,,"WLDMT: Frame, PM Common, MDS-300",assembled,CRS,SM - Assy,True,5,8530.00,42650.00,49250.00,72
7101,6413907,completed,M00022546,,"WLDMT: Frame, PM Common, MDS-300",assembled,CRS,SM - Assy,True,7,7760.00,54320.00,60920.00,80
7101,6413907,completed,M00022546,,"WLDMT: Frame, PM Common, MDS-300",assembled,CRS,SM - Assy,True,14,6800.00,95200.00,101800.00,107
7105,6415152,completed,0022-44224,03,"FRAME,TOP, SM ELEC MT, PIONEER 2.0",manufactured,HRS,SM - Piece,True,1,560.00,560.00,1160.00,50
7105,6415152,completed,0022-44224,03,"FRAME,TOP, SM ELEC MT, PIONEER 2.0",manufactured,HRS,SM - Piece,True,2,294.00,588.00,1188.00,50
7105,6415152,completed,0022-44224,03,"FRAME,TOP, SM ELEC MT, PIONEER 2.0",manufactured,HRS,SM - Piece,True,5,135.00,675.00,1275.00,50
7105,6415152,completed,0022-44224,03,"FRAME,TOP, SM ELEC MT, PIONEER 2.0",manufactured,HRS,SM - Piece,True,10,81.70,817.00,1417.00,50
7105,6415152,completed,0022-44224,03,"FRAME,TOP, SM ELEC MT, PIONEER 2.0",manufactured,HRS,SM - Piece,True,20,55.15,1103.00,1703.00,50
7105,6415152,completed,0022-44224,03,"FRAME,TOP, SM ELEC MT, PIONEER 2.0",manufactured,HRS,SM - Piece,True,40,41.87,1674.80,2274.80,50
7105,6415153,completed,0023-05241,02,"COVER BEARING UNIT, UNIFORMITY PIONEER 2",manufactured,Aluminum 5052,SM - Piece,True,1,564.00,564.00,1164.00,50
7105,6415153,completed,0023-05241,02,"COVER BEARING UNIT, UNIFORMITY PIONEER 2",manufactured,Aluminum 5052,SM - Piece,True,2,290.00,580.00,1180.00,50
7105,6415153,completed,0023-05241,02,"COVER BEARING UNIT, UNIFORMITY PIONEER 2",manufactured,Aluminum 5052,SM - Piece,True,5,125.00,625.00,1225.00,50
7105,6415153,completed,0023-05241,02,"COVER BEARING UNIT, UNIFORMITY PIONEER 2",manufactured,Aluminum 5052,SM - Piece,True,10,69.50,695.00,1295.00,50
7105,6415153,completed,0023-05241,02,"COVER BEARING UNIT, UNIFORMITY PIONEER 2",manufactured,Aluminum 5052,SM - Piece,True,20,41.95,839.00,1439.00,50
7105,6415153,completed,0023-05241,02,"COVER BEARING UNIT, UNIFORMITY PIONEER 2",manufactured,Aluminum 5052,SM - Piece,True,40,28.22,1128.80,1728.80,50
7105,6415154,completed,0042-25653,08,"FRNT TOP COVER, PIONEER 2.0",assembled,Aluminum 5052-H32,SM - Assy,True,1,1670.00,1670.00,1870.00,50
7105,6415154,completed,0042-25653,08,"FRNT TOP COVER, PIONEER 2.0",assembled,Aluminum 5052-H32,SM - Assy,True,2,1010.00,2020.00,2220.00,50
7105,6415154,completed,0042-25653,08,"FRNT TOP COVER, PIONEER 2.0",assembled,Aluminum 5052-H32,SM - Assy,True,5,618.00,3090.00,3290.00,50
7105,6415154,completed,0042-25653,08,"FRNT TOP COVER, PIONEER 2.0",assembled,Aluminum 5052-H32,SM - Assy,True,10,487.00,4870.00,5070.00,50
7105,6415154,completed,0042-25653,08,"FRNT TOP COVER, PIONEER 2.0",assembled,Aluminum 5052-H32,SM - Assy,True,20,420.00,8400.00,8600.00,50
7105,6415154,completed,0042-25653,08,"FRNT TOP COVER, PIONEER 2.0",assembled,Aluminum 5052-H32,SM - Assy,True,40,387.00,15480.00,15680.00,50
7105,6415157,completed,0042-25676,06,"FRONT BTM COVER, PIONEER 2.0",assembled,Aluminum 5052-H32,SM - Assy,True,1,1190.00,1190.00,1790.00,50
7105,6415157,completed,0042-25676,06,"FRONT BTM COVER, PIONEER 2.0",assembled,Aluminum 5052-H32,SM - Assy,True,2,702.00,1404.00,2004.00,50
7105,6415157,completed,0042-25676,06,"FRONT BTM COVER, PIONEER 2.0",assembled,Aluminum 5052-H32,SM - Assy,True,5,409.00,2045.00,2645.00,50
7105,6415157,completed,0042-25676,06,"FRONT BTM COVER, PIONEER 2.0",assembled,Aluminum 5052-H32,SM - Assy,True,10,311.00,3110.00,3710.00,50
7105,6415157,completed,0042-25676,06,"FRONT BTM COVER, PIONEER 2.0",assembled,Aluminum 5052-H32,SM - Assy,True,20,262.00,5240.00,5840.00,50
7105,6415157,completed,0042-25676,06,"FRONT BTM COVER, PIONEER 2.0",assembled,Aluminum 5052-H32,SM - Assy,True,40,238.00,9520.00,10120.00,50
7105,6415158,completed,0042-26044,03,,manufactured,Aluminum 5052-H32,SM - Piece,False,1,662.00,662.00,1162.00,50
7105,6415158,completed,0042-26044,03,,manufactured,Aluminum 5052-H32,SM - Piece,False,2,389.00,778.00,1278.00,50
7105,6415158,completed,0042-26044,03,,manufactured,Aluminum 5052-H32,SM - Piece,False,5,226.00,1130.00,1630.00,50
7105,6415158,completed,0042-26044,03,,manufactured,Aluminum 5052-H32,SM - Piece,False,10,172.00,1720.00,2220.00,50
7105,6415158,completed,0042-26044,03,,manufactured,Aluminum 5052-H32,SM - Piece,False,20,145.00,2900.00,3400.00,50
7105,6415158,completed,0042-26044,03,,manufactured,Aluminum 5052-H32,SM - Piece,False,40,131.00,5240.00,5740.00,50
7105,6415161,completed,0042-26046,02,"SIDE COVER 2, UPPER FRAME, PIONEER 2",manufactured,Aluminum 5052-H32,SM - Piece W/HDWE,True,1,760.00,760.00,1360.00,50
7105,6415161,completed,0042-26046,02,"SIDE COVER 2, UPPER FRAME, PIONEER 2",manufactured,Aluminum 5052-H32,SM - Piece W/HDWE,True,2,488.00,976.00,1576.00,50
7105,6415161,completed,0042-26046,02,"SIDE COVER 2, UPPER FRAME, PIONEER 2",manufactured,Aluminum 5052-H32,SM - Piece W/HDWE,True,5,325.00,1625.00,2225.00,50
7105,6415161,completed,0042-26046,02,"SIDE COVER 2, UPPER FRAME, PIONEER 2",manufactured,Aluminum 5052-H32,SM - Piece W/HDWE,True,10,270.00,2700.00,3300.00,50
7105,6415161,completed,0042-26046,02,"SIDE COVER 2, UPPER FRAME, PIONEER 2",manufactured,Aluminum 5052-H32,SM - Piece W/HDWE,True,20,243.00,4860.00,5460.00,50
7105,6415161,completed,0042-26046,02,"SIDE COVER 2, UPPER FRAME, PIONEER 2",manufactured,Aluminum 5052-H32,SM - Piece W/HDWE,True,40,229.00,9160.00,9760.00,50
7105,6415163,completed,0042-27350,03,,manufactured,Aluminum 5052-H32,SM - Piece W/HDWE,False,1,622.00,622.00,1022.00,50
7105,6415163,completed,0042-27350,03,,manufactured,Aluminum 5052-H32,SM - Piece W/HDWE,False,2,334.00,668.00,1068.00,50
7105,6415163,completed,0042-27350,03,,manufactured,Aluminum 5052-H32,SM - Piece W/HDWE,False,5,161.00,805.00,1205.00,50
7105,6415163,completed,0042-27350,03,,manufactured,Aluminum 5052-H32,SM - Piece W/HDWE,False,10,104.00,1040.00,1440.00,50
7105,6415163,completed,0042-27350,03,,manufactured,Aluminum 5052-H32,SM - Piece W/HDWE,False,20,74.30,1486.00,1886.00,50
7105,6415163,completed,0042-27350,03,,manufactured,Aluminum 5052-H32,SM - Piece W/HDWE,False,40,59.92,2396.80,2796.80,50
7105,6415170,completed,0042-29319,02,,manufactured,Aluminum 5052-H32,SM - Piece W/HDWE,False,1,710.00,710.00,1210.00,50
7105,6415170,completed,0042-29319,02,,manufactured,Aluminum 5052-H32,SM - Piece W/HDWE,False,2,449.00,898.00,1398.00,50
7105,6415170,completed,0042-29319,02,,manufactured,Aluminum 5052-H32,SM - Piece W/HDWE,False,5,293.00,1465.00,1965.00,50
7105,6415170,completed,0042-29319,02,,manufactured,Aluminum 5052-H32,SM - Piece W/HDWE,False,10,240.00,2400.00,2900.00,50
7105,6415170,completed,0042-29319,02,,manufactured,Aluminum 5052-H32,SM - Piece W/HDWE,False,20,214.00,4280.00,4780.00,50
7105,6415170,completed,0042-29319,02,,manufactured,Aluminum 5052-H32,SM - Piece W/HDWE,False,40,200.00,8000.00,8500.00,50
7105,6415172,completed,0042-31484,03,,manufactured,Aluminum 5052-H32,SM - Piece W/HDWE,False,1,543.00,543.00,1043.00,50
7105,6415172,completed,0042-31484,03,,manufactured,Aluminum 5052-H32,SM - Piece W/HDWE,False,2,282.00,564.00,1064.00,50
7105,6415172,completed,0042-31484,03,,manufactured,Aluminum 5052-H32,SM - Piece W/HDWE,False,5,144.00,720.00,1220.00,50
7105,6415172,completed,0042-31484,03,,manufactured,Aluminum 5052-H32,SM - Piece W/HDWE,False,10,103.00,1030.00,1530.00,50
7105,6415172,completed,0042-31484,03,,manufactured,Aluminum 5052-H32,SM - Piece W/HDWE,False,20,82.20,1644.00,2144.00,50
7105,6415172,completed,0042-31484,03,,manufactured,Aluminum 5052-H32,SM - Piece W/HDWE,False,40,72.00,2880.00,3380.00,50
7105,6415175,completed,0042-31990,03,,manufactured,Aluminum 5052-H32,SM - Piece W/HDWE,False,1,664.00,664.00,1164.00,50
7105,6415175,completed,0042-31990,03,,manufactured,Aluminum 5052-H32,SM - Piece W/HDWE,False,2,392.00,784.00,1284.00,50
7105,6415175,completed,0042-31990,03,,manufactured,Aluminum 5052-H32,SM - Piece W/HDWE,False,5,229.00,1145.00,1645.00,50
7105,6415175,completed,0042-31990,03,,manufactured,Aluminum 5052-H32,SM - Piece W/HDWE,False,10,175.00,1750.00,2250.00,50
7105,6415175,completed,0042-31990,03,,manufactured,Aluminum 5052-H32,SM - Piece W/HDWE,False,20,147.00,2940.00,3440.00,50
7105,6415175,completed,0042-31990,03,,manufactured,Aluminum 5052-H32,SM - Piece W/HDWE,False,40,134.00,5360.00,5860.00,50
7105,6414734,completed,0042-43543,02,"INSERT, PLASMA CAPTURE
MESH, ICP",assembled,Aluminum 5050-H32,SM - Assy,True,1,1160.00,1160.00,1260.00,50
7105,6414734,completed,0042-43543,02,"INSERT, PLASMA CAPTURE
MESH, ICP",assembled,Aluminum 5050-H32,SM - Assy,True,2,626.00,1252.00,1352.00,50
7105,6414734,completed,0042-43543,02,"INSERT, PLASMA CAPTURE
MESH, ICP",assembled,Aluminum 5050-H32,SM - Assy,True,5,330.00,1650.00,1750.00,50
7105,6414734,completed,0042-43543,02,"INSERT, PLASMA CAPTURE
MESH, ICP",assembled,Aluminum 5050-H32,SM - Assy,True,10,254.00,2540.00,2640.00,50
7105,6414734,completed,0042-43543,02,"INSERT, PLASMA CAPTURE
MESH, ICP",assembled,Aluminum 5050-H32,SM - Assy,True,20,218.00,4360.00,4460.00,50
7105,6414734,completed,0042-43543,02,"INSERT, PLASMA CAPTURE
MESH, ICP",assembled,Aluminum 5050-H32,SM - Assy,True,40,198.00,7920.00,8020.00,50
7105,6662789,completed,0042-50379,05,"BRKT, IHC GAS STICK, SIDE 2, PIONEER",manufactured,Aluminum 5052-H32,SM - Piece W/HDWE,True,1,540.00,540.00,1140.00,50
7105,6662789,completed,0042-50379,05,"BRKT, IHC GAS STICK, SIDE 2, PIONEER",manufactured,Aluminum 5052-H32,SM - Piece W/HDWE,True,2,280.00,560.00,1160.00,50
7105,6662789,completed,0042-50379,05,"BRKT, IHC GAS STICK, SIDE 2, PIONEER",manufactured,Aluminum 5052-H32,SM - Piece W/HDWE,True,5,123.00,615.00,1215.00,50
7105,6662789,completed,0042-50379,05,"BRKT, IHC GAS STICK, SIDE 2, PIONEER",manufactured,Aluminum 5052-H32,SM - Piece W/HDWE,True,10,70.80,708.00,1308.00,50
7105,6662789,completed,0042-50379,05,"BRKT, IHC GAS STICK, SIDE 2, PIONEER",manufactured,Aluminum 5052-H32,SM - Piece W/HDWE,True,20,44.70,894.00,1494.00,50
7105,6662789,completed,0042-50379,05,"BRKT, IHC GAS STICK, SIDE 2, PIONEER",manufactured,Aluminum 5052-H32,SM - Piece W/HDWE,True,40,31.67,1266.80,1866.80,50
7105,6414736,completed,0042-79386,02,"COVER, ENCLOSURE, PIONEER 2.0",manufactured,HRS,SM - Piece W/HDWE,True,1,752.00,752.00,1352.00,50
7105,6414736,completed,0042-79386,02,"COVER, ENCLOSURE, PIONEER 2.0",manufactured,HRS,SM - Piece W/HDWE,True,2,422.00,844.00,1444.00,50
7105,6414736,completed,0042-79386,02,"COVER, ENCLOSURE, PIONEER 2.0",manufactured,HRS,SM - Piece W/HDWE,True,5,223.00,1115.00,1715.00,50
7105,6414736,completed,0042-79386,02,"COVER, ENCLOSURE, PIONEER 2.0",manufactured,HRS,SM - Piece W/HDWE,True,10,157.00,1570.00,2170.00,50
7105,6414736,completed,0042-79386,02,"COVER, ENCLOSURE, PIONEER 2.0",manufactured,HRS,SM - Piece W/HDWE,True,20,124.00,2480.00,3080.00,50
7105,6414736,completed,0042-79386,02,"COVER, ENCLOSURE, PIONEER 2.0",manufactured,HRS,SM - Piece W/HDWE,True,40,107.00,4280.00,4880.00,50
7105,6663970,completed,0042-82681,03,"CLAMP, PCW KIT",manufactured,Aluminum 5052-H32,SM - Piece W/HDWE,True,1,556.00,556.00,1156.00,50
7105,6663970,completed,0042-82681,03,"CLAMP, PCW KIT",manufactured,Aluminum 5052-H32,SM - Piece W/HDWE,True,2,284.00,568.00,1168.00,50
7105,6663970,completed,0042-82681,03,"CLAMP, PCW KIT",manufactured,Aluminum 5052-H32,SM - Piece W/HDWE,True,5,121.00,605.00,1205.00,50
7105,6663970,completed,0042-82681,03,"CLAMP, PCW KIT",manufactured,Aluminum 5052-H32,SM - Piece W/HDWE,True,10,65.80,658.00,1258.00,50
7105,6663970,completed,0042-82681,03,"CLAMP, PCW KIT",manufactured,Aluminum 5052-H32,SM - Piece W/HDWE,True,20,38.50,770.00,1370.00,50
7105,6663970,completed,0042-82681,03,"CLAMP, PCW KIT",manufactured,Aluminum 5052-H32,SM - Piece W/HDWE,True,40,24.90,996.00,1596.00,50
7105,6664247,completed,0042-82795,04,"CLAMP 1, VALVE ASSY, PCW",manufactured,Aluminum 5052-H32,SM - Piece W/HDWE,True,1,555.00,555.00,1155.00,50
7105,6664247,completed,0042-82795,04,"CLAMP 1, VALVE ASSY, PCW",manufactured,Aluminum 5052-H32,SM - Piece W/HDWE,True,2,283.00,566.00,1166.00,50
7105,6664247,completed,0042-82795,04,"CLAMP 1, VALVE ASSY, PCW",manufactured,Aluminum 5052-H32,SM - Piece W/HDWE,True,5,120.00,600.00,1200.00,50
7105,6664247,completed,0042-82795,04,"CLAMP 1, VALVE ASSY, PCW",manufactured,Aluminum 5052-H32,SM - Piece W/HDWE,True,10,64.90,649.00,1249.00,50
7105,6664247,completed,0042-82795,04,"CLAMP 1, VALVE ASSY, PCW",manufactured,Aluminum 5052-H32,SM - Piece W/HDWE,True,20,37.65,753.00,1353.00,50
7105,6664247,completed,0042-82795,04,"CLAMP 1, VALVE ASSY, PCW",manufactured,Aluminum 5052-H32,SM - Piece W/HDWE,True,40,24.05,962.00,1562.00,50
7105,6664304,completed,0042-83002,03,"DRIP TRAY, VALVE ASSY, PCW",manufactured,Aluminum 5052-H32,SM - Piece W/HDWE,True,1,566.00,566.00,1166.00,50
7105,6664304,completed,0042-83002,03,"DRIP TRAY, VALVE ASSY, PCW",manufactured,Aluminum 5052-H32,SM - Piece W/HDWE,True,2,294.00,588.00,1188.00,50
7105,6664304,completed,0042-83002,03,"DRIP TRAY, VALVE ASSY, PCW",manufactured,Aluminum 5052-H32,SM - Piece W/HDWE,True,5,131.00,655.00,1255.00,50
7105,6664304,completed,0042-83002,03,"DRIP TRAY, VALVE ASSY, PCW",manufactured,Aluminum 5052-H32,SM - Piece W/HDWE,True,10,75.90,759.00,1359.00,50
7105,6664304,completed,0042-83002,03,"DRIP TRAY, VALVE ASSY, PCW",manufactured,Aluminum 5052-H32,SM - Piece W/HDWE,True,20,48.70,974.00,1574.00,50
7105,6664304,completed,0042-83002,03,"DRIP TRAY, VALVE ASSY, PCW",manufactured,Aluminum 5052-H32,SM - Piece W/HDWE,True,40,35.07,1402.80,2002.80,50
7105,6415218,completed,0022-25004,03,"BRACKET, COOLANT WELDMENT HOSE,SIDE 1",manufactured,Carbon Steel A36,SM - Piece,True,1,747.00,747.00,1247.00,50
7105,6415218,completed,0022-25004,03,"BRACKET, COOLANT WELDMENT HOSE,SIDE 1",manufactured,Carbon Steel A36,SM - Piece,True,2,399.00,798.00,1298.00,50
7105,6415218,completed,0022-25004,03,"BRACKET, COOLANT WELDMENT HOSE,SIDE 1",manufactured,Carbon Steel A36,SM - Piece,True,5,190.00,950.00,1450.00,50
7105,6415218,completed,0022-25004,03,"BRACKET, COOLANT WELDMENT HOSE,SIDE 1",manufactured,Carbon Steel A36,SM - Piece,True,10,120.00,1200.00,1700.00,50
7105,6415218,completed,0022-25004,03,"BRACKET, COOLANT WELDMENT HOSE,SIDE 1",manufactured,Carbon Steel A36,SM - Piece,True,20,84.90,1698.00,2198.00,50
7105,6415218,completed,0022-25004,03,"BRACKET, COOLANT WELDMENT HOSE,SIDE 1",manufactured,Carbon Steel A36,SM - Piece,True,40,67.50,2700.00,3200.00,50
7105,6415222,completed,0022-60097,03,"BRACKET, FORELINE TO NEEDLE VALVE, PIONE",manufactured,CRS,SM - Piece,True,1,705.00,705.00,1205.00,50
7105,6415222,completed,0022-60097,03,"BRACKET, FORELINE TO NEEDLE VALVE, PIONE",manufactured,CRS,SM - Piece,True,2,361.00,722.00,1222.00,50
7105,6415222,completed,0022-60097,03,"BRACKET, FORELINE TO NEEDLE VALVE, PIONE",manufactured,CRS,SM - Piece,True,5,154.00,770.00,1270.00,50
7105,6415222,completed,0022-60097,03,"BRACKET, FORELINE TO NEEDLE VALVE, PIONE",manufactured,CRS,SM - Piece,True,10,85.20,852.00,1352.00,50
7105,6415222,completed,0022-60097,03,"BRACKET, FORELINE TO NEEDLE VALVE, PIONE",manufactured,CRS,SM - Piece,True,20,50.80,1016.00,1516.00,50
7105,6415222,completed,0022-60097,03,"BRACKET, FORELINE TO NEEDLE VALVE, PIONE",manufactured,CRS,SM - Piece,True,40,33.60,1344.00,1844.00,50
7105,6415223,completed,0022-61449,02,"MOUNT BACKSIDE IO CONTROL, PIONEER",manufactured,Stainless Steel 304,SM - Piece,True,1,542.00,542.00,1042.00,50
7105,6415223,completed,0022-61449,02,"MOUNT BACKSIDE IO CONTROL, PIONEER",manufactured,Stainless Steel 304,SM - Piece,True,2,278.00,556.00,1056.00,50
7105,6415223,completed,0022-61449,02,"MOUNT BACKSIDE IO CONTROL, PIONEER",manufactured,Stainless Steel 304,SM - Piece,True,5,138.00,690.00,1190.00,50
7105,6415223,completed,0022-61449,02,"MOUNT BACKSIDE IO CONTROL, PIONEER",manufactured,Stainless Steel 304,SM - Piece,True,10,93.20,932.00,1432.00,50
7105,6415223,completed,0022-61449,02,"MOUNT BACKSIDE IO CONTROL, PIONEER",manufactured,Stainless Steel 304,SM - Piece,True,20,70.90,1418.00,1918.00,50
7105,6415223,completed,0022-61449,02,"MOUNT BACKSIDE IO CONTROL, PIONEER",manufactured,Stainless Steel 304,SM - Piece,True,40,59.73,2389.20,2889.20,50
7105,6414743,completed,0023-00633,03,"BRACKET, FRONT SUPPORT, TURBO, PIONEER",manufactured,Aluminum 5052-H32,SM - Piece,True,1,532.00,532.00,1132.00,50
7105,6414743,completed,0023-00633,03,"BRACKET, FRONT SUPPORT, TURBO, PIONEER",manufactured,Aluminum 5052-H32,SM - Piece,True,2,270.00,540.00,1140.00,50
7105,6414743,completed,0023-00633,03,"BRACKET, FRONT SUPPORT, TURBO, PIONEER",manufactured,Aluminum 5052-H32,SM - Piece,True,5,114.00,570.00,1170.00,50
7105,6414743,completed,0023-00633,03,"BRACKET, FRONT SUPPORT, TURBO, PIONEER",manufactured,Aluminum 5052-H32,SM - Piece,True,10,61.20,612.00,1212.00,50
7105,6414743,completed,0023-00633,03,"BRACKET, FRONT SUPPORT, TURBO, PIONEER",manufactured,Aluminum 5052-H32,SM - Piece,True,20,39.80,796.00,1396.00,50
7105,6414743,completed,0023-00633,03,"BRACKET, FRONT SUPPORT, TURBO, PIONEER",manufactured,Aluminum 5052-H32,SM - Piece,True,40,29.35,1174.00,1774.00,50
7105,6415271,completed,0023-03248,01,"PLATE,MOXA MOUNTING,PIONEER 2.0",manufactured,Aluminum 5052-H32,SM - Piece,True,1,604.00,604.00,1204.00,50
7105,6415271,completed,0023-03248,01,"PLATE,MOXA MOUNTING,PIONEER 2.0",manufactured,Aluminum 5052-H32,SM - Piece,True,2,316.00,632.00,1232.00,50
7105,6415271,completed,0023-03248,01,"PLATE,MOXA MOUNTING,PIONEER 2.0",manufactured,Aluminum 5052-H32,SM - Piece,True,5,143.00,715.00,1315.00,50
7105,6415271,completed,0023-03248,01,"PLATE,MOXA MOUNTING,PIONEER 2.0",manufactured,Aluminum 5052-H32,SM - Piece,True,10,85.30,853.00,1453.00,50
7105,6415271,completed,0023-03248,01,"PLATE,MOXA MOUNTING,PIONEER 2.0",manufactured,Aluminum 5052-H32,SM - Piece,True,20,56.45,1129.00,1729.00,50
7105,6415271,completed,0023-03248,01,"PLATE,MOXA MOUNTING,PIONEER 2.0",manufactured,Aluminum 5052-H32,SM - Piece,True,40,42.08,1683.20,2283.20,50
7105,6415273,completed,0042-13213,04,,manufactured,Aluminum 5052-H32,SM - Piece W/HDWE,False,1,677.00,677.00,1277.00,50
7105,6415273,completed,0042-13213,04,,manufactured,Aluminum 5052-H32,SM - Piece W/HDWE,False,2,347.00,694.00,1294.00,50
7105,6415273,completed,0042-13213,04,,manufactured,Aluminum 5052-H32,SM - Piece W/HDWE,False,5,152.00,760.00,1360.00,50
7105,6415273,completed,0042-13213,04,,manufactured,Aluminum 5052-H32,SM - Piece W/HDWE,False,10,96.70,967.00,1567.00,50
7105,6415273,completed,0042-13213,04,,manufactured,Aluminum 5052-H32,SM - Piece W/HDWE,False,20,69.45,1389.00,1989.00,50
7105,6415273,completed,0042-13213,04,,manufactured,Aluminum 5052-H32,SM - Piece W/HDWE,False,40,55.83,2233.20,2833.20,50
7105,6415288,completed,0042-13214,04,,manufactured,Aluminum 5052-H32,SM - Piece W/HDWE,False,1,528.00,528.00,1028.00,50
7105,6415288,completed,0042-13214,04,,manufactured,Aluminum 5052-H32,SM - Piece W/HDWE,False,2,280.00,560.00,1060.00,50
7105,6415288,completed,0042-13214,04,,manufactured,Aluminum 5052-H32,SM - Piece W/HDWE,False,5,131.00,655.00,1155.00,50
7105,6415288,completed,0042-13214,04,,manufactured,Aluminum 5052-H32,SM - Piece W/HDWE,False,10,81.00,810.00,1310.00,50
7105,6415288,completed,0042-13214,04,,manufactured,Aluminum 5052-H32,SM - Piece W/HDWE,False,20,56.05,1121.00,1621.00,50
7105,6415288,completed,0042-13214,04,,manufactured,Aluminum 5052-H32,SM - Piece W/HDWE,False,40,43.63,1745.20,2245.20,50
7105,6667035,completed,0042-13419,04,"BRKT, SERVO, CIOC SIDE, TOP FRAME, PIONEER",manufactured,Aluminum 5052-H32,SM - Piece W/HDWE,True,1,538.00,538.00,1138.00,50
7105,6667035,completed,0042-13419,04,"BRKT, SERVO, CIOC SIDE, TOP FRAME, PIONEER",manufactured,Aluminum 5052-H32,SM - Piece W/HDWE,True,2,276.00,552.00,1152.00,50
7105,6667035,completed,0042-13419,04,"BRKT, SERVO, CIOC SIDE, TOP FRAME, PIONEER",manufactured,Aluminum 5052-H32,SM - Piece W/HDWE,True,5,147.00,735.00,1335.00,50
7105,6667035,completed,0042-13419,04,"BRKT, SERVO, CIOC SIDE, TOP FRAME, PIONEER",manufactured,Aluminum 5052-H32,SM - Piece W/HDWE,True,10,106.00,1060.00,1660.00,50
7105,6667035,completed,0042-13419,04,"BRKT, SERVO, CIOC SIDE, TOP FRAME, PIONEER",manufactured,Aluminum 5052-H32,SM - Piece W/HDWE,True,20,85.15,1703.00,2303.00,50
7105,6667035,completed,0042-13419,04,"BRKT, SERVO, CIOC SIDE, TOP FRAME, PIONEER",manufactured,Aluminum 5052-H32,SM - Piece W/HDWE,True,40,74.88,2995.20,3595.20,50
7105,6415294,completed,0042-14884,05,,manufactured,Stainless Steel 304,SM - Piece W/HDWE,False,1,555.00,555.00,1155.00,50
7105,6415294,completed,0042-14884,05,,manufactured,Stainless Steel 304,SM - Piece W/HDWE,False,2,293.00,586.00,1186.00,50
7105,6415294,completed,0042-14884,05,,manufactured,Stainless Steel 304,SM - Piece W/HDWE,False,5,157.00,785.00,1385.00,50
7105,6415294,completed,0042-14884,05,,manufactured,Stainless Steel 304,SM - Piece W/HDWE,False,10,116.00,1160.00,1760.00,50
7105,6415294,completed,0042-14884,05,,manufactured,Stainless Steel 304,SM - Piece W/HDWE,False,20,95.30,1906.00,2506.00,50
7105,6415294,completed,0042-14884,05,,manufactured,Stainless Steel 304,SM - Piece W/HDWE,False,40,85.10,3404.00,4004.00,50
7105,6415296,completed,0042-24685,03,,manufactured,HRS,SM - Piece W/HDWE,False,1,616.00,616.00,1216.00,50
7105,6415296,completed,0042-24685,03,,manufactured,HRS,SM - Piece W/HDWE,False,2,328.00,656.00,1256.00,50
7105,6415296,completed,0042-24685,03,,manufactured,HRS,SM - Piece W/HDWE,False,5,155.00,775.00,1375.00,50
7105,6415296,completed,0042-24685,03,,manufactured,HRS,SM - Piece W/HDWE,False,10,97.40,974.00,1574.00,50
7105,6415296,completed,0042-24685,03,,manufactured,HRS,SM - Piece W/HDWE,False,20,68.65,1373.00,1973.00,50
7105,6415296,completed,0042-24685,03,,manufactured,HRS,SM - Piece W/HDWE,False,40,54.12,2164.80,2764.80,50
7105,6415300,completed,0042-24693,03,,manufactured,Aluminum 5052-H32,SM - Piece W/HDWE,False,1,576.00,576.00,1176.00,50
7105,6415300,completed,0042-24693,03,,manufactured,Aluminum 5052-H32,SM - Piece W/HDWE,False,2,297.00,594.00,1194.00,50
7105,6415300,completed,0042-24693,03,,manufactured,Aluminum 5052-H32,SM - Piece W/HDWE,False,5,130.00,650.00,1250.00,50
7105,6415300,completed,0042-24693,03,,manufactured,Aluminum 5052-H32,SM - Piece W/HDWE,False,10,73.60,736.00,1336.00,50
7105,6415300,completed,0042-24693,03,,manufactured,Aluminum 5052-H32,SM - Piece W/HDWE,False,20,45.65,913.00,1513.00,50
7105,6415300,completed,0042-24693,03,,manufactured,Aluminum 5052-H32,SM - Piece W/HDWE,False,40,31.70,1268.00,1868.00,50
7105,6667583,completed,0042-32184,03,"BRACKET, GP INTERLOCK, PIONEER 2.1",manufactured,CRS,SM - Piece,True,1,860.00,860.00,1460.00,50
7105,6667583,completed,0042-32184,03,"BRACKET, GP INTERLOCK, PIONEER 2.1",manufactured,CRS,SM - Piece,True,2,450.00,900.00,1500.00,50
7105,6667583,completed,0042-32184,03,"BRACKET, GP INTERLOCK, PIONEER 2.1",manufactured,CRS,SM - Piece,True,5,204.00,1020.00,1620.00,50
7105,6667583,completed,0042-32184,03,"BRACKET, GP INTERLOCK, PIONEER 2.1",manufactured,CRS,SM - Piece,True,10,122.00,1220.00,1820.00,50
7105,6667583,completed,0042-32184,03,"BRACKET, GP INTERLOCK, PIONEER 2.1",manufactured,CRS,SM - Piece,True,20,81.00,1620.00,2220.00,50
7105,6667583,completed,0042-32184,03,"BRACKET, GP INTERLOCK, PIONEER 2.1",manufactured,CRS,SM - Piece,True,40,60.47,2418.80,3018.80,50
7105,6667741,completed,0042-77308,03,"BRACKET, BACK SUPPORT,  TURBO , PIONEER.",manufactured,Aluminum 5052-H32,SM - Piece W/HDWE,True,1,533.00,533.00,1133.00,50
7105,6667741,completed,0042-77308,03,"BRACKET, BACK SUPPORT,  TURBO , PIONEER.",manufactured,Aluminum 5052-H32,SM - Piece W/HDWE,True,2,271.00,542.00,1142.00,50
7105,6667741,completed,0042-77308,03,"BRACKET, BACK SUPPORT,  TURBO , PIONEER.",manufactured,Aluminum 5052-H32,SM - Piece W/HDWE,True,5,115.00,575.00,1175.00,50
7105,6667741,completed,0042-77308,03,"BRACKET, BACK SUPPORT,  TURBO , PIONEER.",manufactured,Aluminum 5052-H32,SM - Piece W/HDWE,True,10,61.90,619.00,1219.00,50
7105,6667741,completed,0042-77308,03,"BRACKET, BACK SUPPORT,  TURBO , PIONEER.",manufactured,Aluminum 5052-H32,SM - Piece W/HDWE,True,20,41.10,822.00,1422.00,50
7105,6667741,completed,0042-77308,03,"BRACKET, BACK SUPPORT,  TURBO , PIONEER.",manufactured,Aluminum 5052-H32,SM - Piece W/HDWE,True,40,30.93,1237.20,1837.20,50
7105,6668181,completed,0042-81653,02,"COVER, UNIFORMITY,
BELT DRIVE, ICP PIONEER",manufactured,Aluminum 5052-H32,SM - Piece W/HDWE,True,1,605.00,605.00,1205.00,50
7105,6668181,completed,0042-81653,02,"COVER, UNIFORMITY,
BELT DRIVE, ICP PIONEER",manufactured,Aluminum 5052-H32,SM - Piece W/HDWE,True,2,333.00,666.00,1266.00,50
7105,6668181,completed,0042-81653,02,"COVER, UNIFORMITY,
BELT DRIVE, ICP PIONEER",manufactured,Aluminum 5052-H32,SM - Piece W/HDWE,True,5,170.00,850.00,1450.00,50
7105,6668181,completed,0042-81653,02,"COVER, UNIFORMITY,
BELT DRIVE, ICP PIONEER",manufactured,Aluminum 5052-H32,SM - Piece W/HDWE,True,10,116.00,1160.00,1760.00,50
7105,6668181,completed,0042-81653,02,"COVER, UNIFORMITY,
BELT DRIVE, ICP PIONEER",manufactured,Aluminum 5052-H32,SM - Piece W/HDWE,True,20,88.00,1760.00,2360.00,50
7105,6668181,completed,0042-81653,02,"COVER, UNIFORMITY,
BELT DRIVE, ICP PIONEER",manufactured,Aluminum 5052-H32,SM - Piece W/HDWE,True,40,73.90,2956.00,3556.00,50
7105,6415328,completed,0042-24786,03,"FORK TUBE, WELDMENT, PIONEER 2.0",assembled,CRS,SM - Assy,True,1,1930.00,1930.00,2030.00,50
7105,6415328,completed,0042-24786,03,"FORK TUBE, WELDMENT, PIONEER 2.0",assembled,CRS,SM - Assy,True,2,1230.00,2460.00,2560.00,50
7105,6415328,completed,0042-24786,03,"FORK TUBE, WELDMENT, PIONEER 2.0",assembled,CRS,SM - Assy,True,5,797.00,3985.00,4085.00,50
7105,6415328,completed,0042-24786,03,"FORK TUBE, WELDMENT, PIONEER 2.0",assembled,CRS,SM - Assy,True,10,655.00,6550.00,6650.00,50
7105,6415328,completed,0042-24786,03,"FORK TUBE, WELDMENT, PIONEER 2.0",assembled,CRS,SM - Assy,True,20,585.00,11700.00,11800.00,50
7105,6415328,completed,0042-24786,03,"FORK TUBE, WELDMENT, PIONEER 2.0",assembled,CRS,SM - Assy,True,40,549.00,21960.00,22060.00,50
7105,6415338,completed,0042-32514,03,"FRAME, TOP, EE, PIONEER 2.0",assembled,Carbon Steel A1008,SM - Assy,True,1,3590.00,3590.00,3590.00,50
7105,6415338,completed,0042-32514,03,"FRAME, TOP, EE, PIONEER 2.0",assembled,Carbon Steel A1008,SM - Assy,True,2,2300.00,4600.00,4600.00,50
7105,6415338,completed,0042-32514,03,"FRAME, TOP, EE, PIONEER 2.0",assembled,Carbon Steel A1008,SM - Assy,True,5,1590.00,7950.00,7950.00,50
7105,6415338,completed,0042-32514,03,"FRAME, TOP, EE, PIONEER 2.0",assembled,Carbon Steel A1008,SM - Assy,True,10,1360.00,13600.00,13600.00,50
7105,6415338,completed,0042-32514,03,"FRAME, TOP, EE, PIONEER 2.0",assembled,Carbon Steel A1008,SM - Assy,True,20,1240.00,24800.00,24800.00,50
7105,6415338,completed,0042-32514,03,"FRAME, TOP, EE, PIONEER 2.0",assembled,Carbon Steel A1008,SM - Assy,True,40,1180.00,47200.00,47200.00,50
7105,6415342,completed,0042-32515,05,"FRAME, UPPER EE, WELDED, PIONEER 2.0",assembled,Stainless Steel 316L,SM - Assy,True,1,5630.00,5630.00,5730.00,50
7105,6415342,completed,0042-32515,05,"FRAME, UPPER EE, WELDED, PIONEER 2.0",assembled,Stainless Steel 316L,SM - Assy,True,2,3650.00,7300.00,7400.00,50
7105,6415342,completed,0042-32515,05,"FRAME, UPPER EE, WELDED, PIONEER 2.0",assembled,Stainless Steel 316L,SM - Assy,True,5,2460.00,12300.00,12400.00,50
7105,6415342,completed,0042-32515,05,"FRAME, UPPER EE, WELDED, PIONEER 2.0",assembled,Stainless Steel 316L,SM - Assy,True,10,2070.00,20700.00,20800.00,50
7105,6415342,completed,0042-32515,05,"FRAME, UPPER EE, WELDED, PIONEER 2.0",assembled,Stainless Steel 316L,SM - Assy,True,20,1870.00,37400.00,37500.00,50
7105,6415342,completed,0042-32515,05,"FRAME, UPPER EE, WELDED, PIONEER 2.0",assembled,Stainless Steel 316L,SM - Assy,True,40,1770.00,70800.00,70900.00,50
7105,6415344,no_quote,0015-07335,02,"SCR, 1/4-20 X 1.375, CAPTIVE SKT HEAD",manufactured,,NQ - Not a Core Competency,False,1,0.00,0.00,0.00,50
7105,6415344,no_quote,0015-07335,02,"SCR, 1/4-20 X 1.375, CAPTIVE SKT HEAD",manufactured,,NQ - Not a Core Competency,False,2,0.00,0.00,0.00,50
7105,6415344,no_quote,0015-07335,02,"SCR, 1/4-20 X 1.375, CAPTIVE SKT HEAD",manufactured,,NQ - Not a Core Competency,False,5,0.00,0.00,0.00,50
7105,6415344,no_quote,0015-07335,02,"SCR, 1/4-20 X 1.375, CAPTIVE SKT HEAD",manufactured,,NQ - Not a Core Competency,False,10,0.00,0.00,0.00,50
7105,6415344,no_quote,0015-07335,02,"SCR, 1/4-20 X 1.375, CAPTIVE SKT HEAD",manufactured,,NQ - Not a Core Competency,False,20,0.00,0.00,0.00,50
7105,6415344,no_quote,0015-07335,02,"SCR, 1/4-20 X 1.375, CAPTIVE SKT HEAD",manufactured,,NQ - Not a Core Competency,False,40,0.00,0.00,0.00,50
7105,6414758,completed,0015-11655,02,"DIN RAIL, OPTICAL FIBER",manufactured,,SM - Piece,False,1,336.00,336.00,436.00,50
7105,6414758,completed,0015-11655,02,"DIN RAIL, OPTICAL FIBER",manufactured,,SM - Piece,False,2,177.00,354.00,454.00,50
7105,6414758,completed,0015-11655,02,"DIN RAIL, OPTICAL FIBER",manufactured,,SM - Piece,False,5,81.20,406.00,506.00,50
7105,6414758,completed,0015-11655,02,"DIN RAIL, OPTICAL FIBER",manufactured,,SM - Piece,False,10,50.90,509.00,609.00,50
7105,6414758,completed,0015-11655,02,"DIN RAIL, OPTICAL FIBER",manufactured,,SM - Piece,False,20,40.20,804.00,904.00,50
7105,6414758,completed,0015-11655,02,"DIN RAIL, OPTICAL FIBER",manufactured,,SM - Piece,False,40,34.83,1393.20,1493.20,50
7105,6414759,completed,0022-25798,04,"CAP, FIBER OPTICS, CATHODE",manufactured,Stainless Steel 316,MS - Mill Turn,True,1,992.00,992.00,1792.00,50
7105,6414759,completed,0022-25798,04,"CAP, FIBER OPTICS, CATHODE",manufactured,Stainless Steel 316,MS - Mill Turn,True,2,514.00,1028.00,1828.00,50
7105,6414759,completed,0022-25798,04,"CAP, FIBER OPTICS, CATHODE",manufactured,Stainless Steel 316,MS - Mill Turn,True,5,228.00,1140.00,1940.00,50
7105,6414759,completed,0022-25798,04,"CAP, FIBER OPTICS, CATHODE",manufactured,Stainless Steel 316,MS - Mill Turn,True,10,132.00,1320.00,2120.00,50
7105,6414759,completed,0022-25798,04,"CAP, FIBER OPTICS, CATHODE",manufactured,Stainless Steel 316,MS - Mill Turn,True,20,84.00,1680.00,2480.00,50
7105,6414759,completed,0022-25798,04,"CAP, FIBER OPTICS, CATHODE",manufactured,Stainless Steel 316,MS - Mill Turn,True,40,60.10,2404.00,3204.00,50
7105,6415355,completed,0022-33079,03,"GUIDE PIN, MATCH PLATE",manufactured,Stainless Steel 304/304L,MS - Mill Turn,True,1,1659.76,1659.76,2459.76,50
7105,6415355,completed,0022-33079,03,"GUIDE PIN, MATCH PLATE",manufactured,Stainless Steel 304/304L,MS - Mill Turn,True,2,875.18,1750.36,2550.36,50
7105,6415355,completed,0022-33079,03,"GUIDE PIN, MATCH PLATE",manufactured,Stainless Steel 304/304L,MS - Mill Turn,True,5,404.43,2022.15,2822.15,50
7105,6415355,completed,0022-33079,03,"GUIDE PIN, MATCH PLATE",manufactured,Stainless Steel 304/304L,MS - Mill Turn,True,10,248.77,2487.70,3287.70,50
7105,6415355,completed,0022-33079,03,"GUIDE PIN, MATCH PLATE",manufactured,Stainless Steel 304/304L,MS - Mill Turn,True,20,179.50,3590.00,4390.00,50
7105,6415355,completed,0022-33079,03,"GUIDE PIN, MATCH PLATE",manufactured,Stainless Steel 304/304L,MS - Mill Turn,True,40,150.10,6004.00,6804.00,50
7105,6415359,completed,0022-56016,03,"COSMETIC SHEET, TOP SIDE, LOTO, PIONEER",manufactured,Aluminum 5052-H32,SM - Piece,True,1,626.00,626.00,1126.00,50
7105,6415359,completed,0022-56016,03,"COSMETIC SHEET, TOP SIDE, LOTO, PIONEER",manufactured,Aluminum 5052-H32,SM - Piece,True,2,340.00,680.00,1180.00,50
7105,6415359,completed,0022-56016,03,"COSMETIC SHEET, TOP SIDE, LOTO, PIONEER",manufactured,Aluminum 5052-H32,SM - Piece,True,5,169.00,845.00,1345.00,50
7105,6415359,completed,0022-56016,03,"COSMETIC SHEET, TOP SIDE, LOTO, PIONEER",manufactured,Aluminum 5052-H32,SM - Piece,True,10,112.00,1120.00,1620.00,50
7105,6415359,completed,0022-56016,03,"COSMETIC SHEET, TOP SIDE, LOTO, PIONEER",manufactured,Aluminum 5052-H32,SM - Piece,True,20,82.80,1656.00,2156.00,50
7105,6415359,completed,0022-56016,03,"COSMETIC SHEET, TOP SIDE, LOTO, PIONEER",manufactured,Aluminum 5052-H32,SM - Piece,True,40,68.50,2740.00,3240.00,50
7105,6414762,completed,0022-60508,02,"TOP MOUNT, LOTO, PIONEER 2.0",manufactured,Aluminum 6061-T6,MS - Mill,True,1,1230.00,1230.00,2030.00,50
7105,6414762,completed,0022-60508,02,"TOP MOUNT, LOTO, PIONEER 2.0",manufactured,Aluminum 6061-T6,MS - Mill,True,2,663.00,1326.00,2126.00,50
7105,6414762,completed,0022-60508,02,"TOP MOUNT, LOTO, PIONEER 2.0",manufactured,Aluminum 6061-T6,MS - Mill,True,5,329.00,1645.00,2445.00,50
7105,6414762,completed,0022-60508,02,"TOP MOUNT, LOTO, PIONEER 2.0",manufactured,Aluminum 6061-T6,MS - Mill,True,10,225.00,2250.00,3050.00,50
7105,6414762,completed,0022-60508,02,"TOP MOUNT, LOTO, PIONEER 2.0",manufactured,Aluminum 6061-T6,MS - Mill,True,20,172.00,3440.00,4240.00,50
7105,6414762,completed,0022-60508,02,"TOP MOUNT, LOTO, PIONEER 2.0",manufactured,Aluminum 6061-T6,MS - Mill,True,40,146.00,5840.00,6640.00,50
7105,6415368,completed,0022-79101,03,"BRACKET, LOTO MOUNTING TO UNIVERSAL SHEL",manufactured,Aluminum 5052-H32,SM - Piece,True,1,565.00,565.00,1165.00,50
7105,6415368,completed,0022-79101,03,"BRACKET, LOTO MOUNTING TO UNIVERSAL SHEL",manufactured,Aluminum 5052-H32,SM - Piece,True,2,290.00,580.00,1180.00,50
7105,6415368,completed,0022-79101,03,"BRACKET, LOTO MOUNTING TO UNIVERSAL SHEL",manufactured,Aluminum 5052-H32,SM - Piece,True,5,125.00,625.00,1225.00,50
7105,6415368,completed,0022-79101,03,"BRACKET, LOTO MOUNTING TO UNIVERSAL SHEL",manufactured,Aluminum 5052-H32,SM - Piece,True,10,69.80,698.00,1298.00,50
7105,6415368,completed,0022-79101,03,"BRACKET, LOTO MOUNTING TO UNIVERSAL SHEL",manufactured,Aluminum 5052-H32,SM - Piece,True,20,42.25,845.00,1445.00,50
7105,6415368,completed,0022-79101,03,"BRACKET, LOTO MOUNTING TO UNIVERSAL SHEL",manufactured,Aluminum 5052-H32,SM - Piece,True,40,28.50,1140.00,1740.00,50
7105,6415369,completed,0022-82199,03,"OUTER COIL STRAP TO MATCH ICP, PIONEER",manufactured,Copper 101 - Half Hard,SM - Piece,True,1,374.00,374.00,974.00,50
7105,6415369,completed,0022-82199,03,"OUTER COIL STRAP TO MATCH ICP, PIONEER",manufactured,Copper 101 - Half Hard,SM - Piece,True,2,193.00,386.00,986.00,50
7105,6415369,completed,0022-82199,03,"OUTER COIL STRAP TO MATCH ICP, PIONEER",manufactured,Copper 101 - Half Hard,SM - Piece,True,5,84.00,420.00,1020.00,50
7105,6415369,completed,0022-82199,03,"OUTER COIL STRAP TO MATCH ICP, PIONEER",manufactured,Copper 101 - Half Hard,SM - Piece,True,10,47.70,477.00,1077.00,50
7105,6415369,completed,0022-82199,03,"OUTER COIL STRAP TO MATCH ICP, PIONEER",manufactured,Copper 101 - Half Hard,SM - Piece,True,20,29.60,592.00,1192.00,50
7105,6415369,completed,0022-82199,03,"OUTER COIL STRAP TO MATCH ICP, PIONEER",manufactured,Copper 101 - Half Hard,SM - Piece,True,40,20.55,822.00,1422.00,50
7105,6414765,completed,0022-82200,02,"INNER COIL STRAP TO MATCH ICP, PIONEER",manufactured,Copper 101 - Half Hard,SM - Piece,True,1,365.00,365.00,965.00,50
7105,6414765,completed,0022-82200,02,"INNER COIL STRAP TO MATCH ICP, PIONEER",manufactured,Copper 101 - Half Hard,SM - Piece,True,2,186.00,372.00,972.00,50
7105,6414765,completed,0022-82200,02,"INNER COIL STRAP TO MATCH ICP, PIONEER",manufactured,Copper 101 - Half Hard,SM - Piece,True,5,78.60,393.00,993.00,50
7105,6414765,completed,0022-82200,02,"INNER COIL STRAP TO MATCH ICP, PIONEER",manufactured,Copper 101 - Half Hard,SM - Piece,True,10,42.90,429.00,1029.00,50
7105,6414765,completed,0022-82200,02,"INNER COIL STRAP TO MATCH ICP, PIONEER",manufactured,Copper 101 - Half Hard,SM - Piece,True,20,25.00,500.00,1100.00,50
7105,6414765,completed,0022-82200,02,"INNER COIL STRAP TO MATCH ICP, PIONEER",manufactured,Copper 101 - Half Hard,SM - Piece,True,40,16.05,642.00,1242.00,50
7105,6415390,completed,0022-83443,02,"INSULATOR, FIXED MATCH, ICP, PIONEER",manufactured,Teflon,MS - Mill,True,1,940.00,940.00,1740.00,50
7105,6415390,completed,0022-83443,02,"INSULATOR, FIXED MATCH, ICP, PIONEER",manufactured,Teflon,MS - Mill,True,2,521.00,1042.00,1842.00,50
7105,6415390,completed,0022-83443,02,"INSULATOR, FIXED MATCH, ICP, PIONEER",manufactured,Teflon,MS - Mill,True,5,270.00,1350.00,2150.00,50
7105,6415390,completed,0022-83443,02,"INSULATOR, FIXED MATCH, ICP, PIONEER",manufactured,Teflon,MS - Mill,True,10,187.00,1870.00,2670.00,50
7105,6415390,completed,0022-83443,02,"INSULATOR, FIXED MATCH, ICP, PIONEER",manufactured,Teflon,MS - Mill,True,20,145.00,2900.00,3700.00,50
7105,6415390,completed,0022-83443,02,"INSULATOR, FIXED MATCH, ICP, PIONEER",manufactured,Teflon,MS - Mill,True,40,124.00,4960.00,5760.00,50
7105,6414767,completed,0022-83452,02,"RF ROD, FIXED MATCH, ICP PIONEER",manufactured,Copper 101 - Half Hard,MS - Mill,True,1,807.00,807.00,1607.00,50
7105,6414767,completed,0022-83452,02,"RF ROD, FIXED MATCH, ICP PIONEER",manufactured,Copper 101 - Half Hard,MS - Mill,True,2,435.00,870.00,1670.00,50
7105,6414767,completed,0022-83452,02,"RF ROD, FIXED MATCH, ICP PIONEER",manufactured,Copper 101 - Half Hard,MS - Mill,True,5,212.00,1060.00,1860.00,50
7105,6414767,completed,0022-83452,02,"RF ROD, FIXED MATCH, ICP PIONEER",manufactured,Copper 101 - Half Hard,MS - Mill,True,10,138.00,1380.00,2180.00,50
7105,6414767,completed,0022-83452,02,"RF ROD, FIXED MATCH, ICP PIONEER",manufactured,Copper 101 - Half Hard,MS - Mill,True,20,101.00,2020.00,2820.00,50
7105,6414767,completed,0022-83452,02,"RF ROD, FIXED MATCH, ICP PIONEER",manufactured,Copper 101 - Half Hard,MS - Mill,True,40,81.80,3272.00,4072.00,50
7105,6415397,completed,0023-12617,01,"BLANK OFF, GAS BLOCK, PIONEER",manufactured,Aluminum 6061-T6,MS - Mill,True,1,910.00,910.00,1710.00,50
7105,6415397,completed,0023-12617,01,"BLANK OFF, GAS BLOCK, PIONEER",manufactured,Aluminum 6061-T6,MS - Mill,True,2,488.00,976.00,1776.00,50
7105,6415397,completed,0023-12617,01,"BLANK OFF, GAS BLOCK, PIONEER",manufactured,Aluminum 6061-T6,MS - Mill,True,5,209.00,1045.00,1845.00,50
7105,6415397,completed,0023-12617,01,"BLANK OFF, GAS BLOCK, PIONEER",manufactured,Aluminum 6061-T6,MS - Mill,True,10,125.00,1250.00,2050.00,50
7105,6415397,completed,0023-12617,01,"BLANK OFF, GAS BLOCK, PIONEER",manufactured,Aluminum 6061-T6,MS - Mill,True,20,84.35,1687.00,2487.00,50
7105,6415397,completed,0023-12617,01,"BLANK OFF, GAS BLOCK, PIONEER",manufactured,Aluminum 6061-T6,MS - Mill,True,40,64.20,2568.00,3368.00,50
7105,6414769,completed,0023-33307,02,"SPOOL, RTV, PIONEER",manufactured,Stainless Steel 316/316L,MS - Mill Turn,True,1,1090.00,1090.00,1890.00,50
7105,6414769,completed,0023-33307,02,"SPOOL, RTV, PIONEER",manufactured,Stainless Steel 316/316L,MS - Mill Turn,True,2,621.00,1242.00,2042.00,50
7105,6414769,completed,0023-33307,02,"SPOOL, RTV, PIONEER",manufactured,Stainless Steel 316/316L,MS - Mill Turn,True,5,347.00,1735.00,2535.00,50
7105,6414769,completed,0023-33307,02,"SPOOL, RTV, PIONEER",manufactured,Stainless Steel 316/316L,MS - Mill Turn,True,10,263.00,2630.00,3430.00,50
7105,6414769,completed,0023-33307,02,"SPOOL, RTV, PIONEER",manufactured,Stainless Steel 316/316L,MS - Mill Turn,True,20,222.00,4440.00,5240.00,50
7105,6414769,completed,0023-33307,02,"SPOOL, RTV, PIONEER",manufactured,Stainless Steel 316/316L,MS - Mill Turn,True,40,201.00,8040.00,8840.00,50
7105,6414770,completed,0041-93864,02,CHAMBER GAS BLOCK POSITION 2,manufactured,Stainless Steel 316L,MS - Mill,True,1,1610.00,1610.00,2410.00,50
7105,6414770,completed,0041-93864,02,CHAMBER GAS BLOCK POSITION 2,manufactured,Stainless Steel 316L,MS - Mill,True,2,954.00,1908.00,2708.00,50
7105,6414770,completed,0041-93864,02,CHAMBER GAS BLOCK POSITION 2,manufactured,Stainless Steel 316L,MS - Mill,True,5,584.00,2920.00,3720.00,50
7105,6414770,completed,0041-93864,02,CHAMBER GAS BLOCK POSITION 2,manufactured,Stainless Steel 316L,MS - Mill,True,10,462.00,4620.00,5420.00,50
7105,6414770,completed,0041-93864,02,CHAMBER GAS BLOCK POSITION 2,manufactured,Stainless Steel 316L,MS - Mill,True,20,401.00,8020.00,8820.00,50
7105,6414770,completed,0041-93864,02,CHAMBER GAS BLOCK POSITION 2,manufactured,Stainless Steel 316L,MS - Mill,True,40,371.00,14840.00,15640.00,50
7105,6415418,completed,0042-13779,05,"TURBO CONTROLLER FRONT
BRKT, EE, PIONEER",manufactured,Aluminum 6061-T6,MS - Mill,True,1,875.00,875.00,1375.00,50
7105,6415418,completed,0042-13779,05,"TURBO CONTROLLER FRONT
BRKT, EE, PIONEER",manufactured,Aluminum 6061-T6,MS - Mill,True,2,464.00,928.00,1428.00,50
7105,6415418,completed,0042-13779,05,"TURBO CONTROLLER FRONT
BRKT, EE, PIONEER",manufactured,Aluminum 6061-T6,MS - Mill,True,5,246.00,1230.00,1730.00,50
7105,6415418,completed,0042-13779,05,"TURBO CONTROLLER FRONT
BRKT, EE, PIONEER",manufactured,Aluminum 6061-T6,MS - Mill,True,10,167.00,1670.00,2170.00,50
7105,6415418,completed,0042-13779,05,"TURBO CONTROLLER FRONT
BRKT, EE, PIONEER",manufactured,Aluminum 6061-T6,MS - Mill,True,20,123.00,2460.00,2960.00,50
7105,6415418,completed,0042-13779,05,"TURBO CONTROLLER FRONT
BRKT, EE, PIONEER",manufactured,Aluminum 6061-T6,MS - Mill,True,40,105.00,4200.00,4700.00,50
7105,6415419,completed,0042-25718,04,,manufactured,Aluminum 5052-H32,SM - Piece W/HDWE,False,1,555.00,555.00,1155.00,50
7105,6415419,completed,0042-25718,04,,manufactured,Aluminum 5052-H32,SM - Piece W/HDWE,False,2,300.00,600.00,1200.00,50
7105,6415419,completed,0042-25718,04,,manufactured,Aluminum 5052-H32,SM - Piece W/HDWE,False,5,146.00,730.00,1330.00,50
7105,6415419,completed,0042-25718,04,,manufactured,Aluminum 5052-H32,SM - Piece W/HDWE,False,10,94.40,944.00,1544.00,50
7105,6415419,completed,0042-25718,04,,manufactured,Aluminum 5052-H32,SM - Piece W/HDWE,False,20,68.75,1375.00,1975.00,50
7105,6415419,completed,0042-25718,04,,manufactured,Aluminum 5052-H32,SM - Piece W/HDWE,False,40,55.97,2238.80,2838.80,50
7105,6415421,completed,0042-26042,02,,manufactured,Aluminum 5052-H32,SM - Piece W/HDWE,False,1,604.00,604.00,1204.00,50
7105,6415421,completed,0042-26042,02,,manufactured,Aluminum 5052-H32,SM - Piece W/HDWE,False,2,332.00,664.00,1264.00,50
7105,6415421,completed,0042-26042,02,,manufactured,Aluminum 5052-H32,SM - Piece W/HDWE,False,5,169.00,845.00,1445.00,50
7105,6415421,completed,0042-26042,02,,manufactured,Aluminum 5052-H32,SM - Piece W/HDWE,False,10,115.00,1150.00,1750.00,50
7105,6415421,completed,0042-26042,02,,manufactured,Aluminum 5052-H32,SM - Piece W/HDWE,False,20,87.25,1745.00,2345.00,50
7105,6415421,completed,0042-26042,02,,manufactured,Aluminum 5052-H32,SM - Piece W/HDWE,False,40,73.65,2946.00,3546.00,50
7105,6415426,completed,0042-26043,02,,manufactured,Aluminum 5052-H32,SM - Piece W/HDWE,False,1,530.00,530.00,1130.00,50
7105,6415426,completed,0042-26043,02,,manufactured,Aluminum 5052-H32,SM - Piece W/HDWE,False,2,274.00,548.00,1148.00,50
7105,6415426,completed,0042-26043,02,,manufactured,Aluminum 5052-H32,SM - Piece W/HDWE,False,5,121.00,605.00,1205.00,50
7105,6415426,completed,0042-26043,02,,manufactured,Aluminum 5052-H32,SM - Piece W/HDWE,False,10,69.30,693.00,1293.00,50
7105,6415426,completed,0042-26043,02,,manufactured,Aluminum 5052-H32,SM - Piece W/HDWE,False,20,43.75,875.00,1475.00,50
7105,6415426,completed,0042-26043,02,,manufactured,Aluminum 5052-H32,SM - Piece W/HDWE,False,40,30.93,1237.20,1837.20,50
7105,6415427,completed,0042-33479,04,,manufactured,CRS,SM - Piece W/HDWE,False,1,729.00,729.00,1229.00,50
7105,6415427,completed,0042-33479,04,,manufactured,CRS,SM - Piece W/HDWE,False,2,428.00,856.00,1356.00,50
7105,6415427,completed,0042-33479,04,,manufactured,CRS,SM - Piece W/HDWE,False,5,248.00,1240.00,1740.00,50
7105,6415427,completed,0042-33479,04,,manufactured,CRS,SM - Piece W/HDWE,False,10,187.00,1870.00,2370.00,50
7105,6415427,completed,0042-33479,04,,manufactured,CRS,SM - Piece W/HDWE,False,20,157.00,3140.00,3640.00,50
7105,6415427,completed,0042-33479,04,,manufactured,CRS,SM - Piece W/HDWE,False,40,142.00,5680.00,6180.00,50
7105,6681217,completed,0042-36278,02,"ICP MATCH PLATE SUPPORT POST, PIONEER",manufactured,Aluminum 6061-T6,MS - Mill,True,1,1140.00,1140.00,1940.00,50
7105,6681217,completed,0042-36278,02,"ICP MATCH PLATE SUPPORT POST, PIONEER",manufactured,Aluminum 6061-T6,MS - Mill,True,2,602.00,1204.00,2004.00,50
7105,6681217,completed,0042-36278,02,"ICP MATCH PLATE SUPPORT POST, PIONEER",manufactured,Aluminum 6061-T6,MS - Mill,True,5,281.00,1405.00,2205.00,50
7105,6681217,completed,0042-36278,02,"ICP MATCH PLATE SUPPORT POST, PIONEER",manufactured,Aluminum 6061-T6,MS - Mill,True,10,184.00,1840.00,2640.00,50
7105,6681217,completed,0042-36278,02,"ICP MATCH PLATE SUPPORT POST, PIONEER",manufactured,Aluminum 6061-T6,MS - Mill,True,20,136.00,2720.00,3520.00,50
7105,6681217,completed,0042-36278,02,"ICP MATCH PLATE SUPPORT POST, PIONEER",manufactured,Aluminum 6061-T6,MS - Mill,True,40,112.00,4480.00,5280.00,50
7105,6681330,completed,0042-38172,03,"BRKT, BIAS CABLE TIES, ICP, PIONEER",manufactured,Aluminum 5052-H32,SM - Piece W/HDWE,True,1,544.00,544.00,1144.00,50
7105,6681330,completed,0042-38172,03,"BRKT, BIAS CABLE TIES, ICP, PIONEER",manufactured,Aluminum 5052-H32,SM - Piece W/HDWE,True,2,288.00,576.00,1176.00,50
7105,6681330,completed,0042-38172,03,"BRKT, BIAS CABLE TIES, ICP, PIONEER",manufactured,Aluminum 5052-H32,SM - Piece W/HDWE,True,5,135.00,675.00,1275.00,50
7105,6681330,completed,0042-38172,03,"BRKT, BIAS CABLE TIES, ICP, PIONEER",manufactured,Aluminum 5052-H32,SM - Piece W/HDWE,True,10,82.90,829.00,1429.00,50
7105,6681330,completed,0042-38172,03,"BRKT, BIAS CABLE TIES, ICP, PIONEER",manufactured,Aluminum 5052-H32,SM - Piece W/HDWE,True,20,57.25,1145.00,1745.00,50
7105,6681330,completed,0042-38172,03,"BRKT, BIAS CABLE TIES, ICP, PIONEER",manufactured,Aluminum 5052-H32,SM - Piece W/HDWE,True,40,44.45,1778.00,2378.00,50
7105,6681337,completed,0042-42519,02,"CLAMP, SPACER, ICP PIONEER",manufactured,Aluminum 6061-T6,MS - Mill,True,1,960.00,960.00,1760.00,50
7105,6681337,completed,0042-42519,02,"CLAMP, SPACER, ICP PIONEER",manufactured,Aluminum 6061-T6,MS - Mill,True,2,500.00,1000.00,1800.00,50
7105,6681337,completed,0042-42519,02,"CLAMP, SPACER, ICP PIONEER",manufactured,Aluminum 6061-T6,MS - Mill,True,5,224.00,1120.00,1920.00,50
7105,6681337,completed,0042-42519,02,"CLAMP, SPACER, ICP PIONEER",manufactured,Aluminum 6061-T6,MS - Mill,True,10,141.00,1410.00,2210.00,50
7105,6681337,completed,0042-42519,02,"CLAMP, SPACER, ICP PIONEER",manufactured,Aluminum 6061-T6,MS - Mill,True,20,101.00,2020.00,2820.00,50
7105,6681337,completed,0042-42519,02,"CLAMP, SPACER, ICP PIONEER",manufactured,Aluminum 6061-T6,MS - Mill,True,40,80.25,3210.00,4010.00,50
7105,6682213,completed,0042-47329,02,"BLOCK1, DUAL GAS FEED, ICP PIONEER",manufactured,Aluminum 6061-T6,MS - Mill,True,1,1600.00,1600.00,2400.00,50
7105,6682213,completed,0042-47329,02,"BLOCK1, DUAL GAS FEED, ICP PIONEER",manufactured,Aluminum 6061-T6,MS - Mill,True,2,874.00,1748.00,2548.00,50
7105,6682213,completed,0042-47329,02,"BLOCK1, DUAL GAS FEED, ICP PIONEER",manufactured,Aluminum 6061-T6,MS - Mill,True,5,458.00,2290.00,3090.00,50
7105,6682213,completed,0042-47329,02,"BLOCK1, DUAL GAS FEED, ICP PIONEER",manufactured,Aluminum 6061-T6,MS - Mill,True,10,326.00,3260.00,4060.00,50
7105,6682213,completed,0042-47329,02,"BLOCK1, DUAL GAS FEED, ICP PIONEER",manufactured,Aluminum 6061-T6,MS - Mill,True,20,260.00,5200.00,6000.00,50
7105,6682213,completed,0042-47329,02,"BLOCK1, DUAL GAS FEED, ICP PIONEER",manufactured,Aluminum 6061-T6,MS - Mill,True,40,227.00,9080.00,9880.00,50
7105,6681026,completed,0042-49215,02,"GAS MANIFOLD, DUAL FEED, S1, ICP PIONEER",assembled,,MS - Mill,False,1,2840.00,2840.00,3240.00,50
7105,6681026,completed,0042-49215,02,"GAS MANIFOLD, DUAL FEED, S1, ICP PIONEER",assembled,,MS - Mill,False,2,1640.00,3280.00,3680.00,50
7105,6681026,completed,0042-49215,02,"GAS MANIFOLD, DUAL FEED, S1, ICP PIONEER",assembled,,MS - Mill,False,5,930.00,4650.00,5050.00,50
7105,6681026,completed,0042-49215,02,"GAS MANIFOLD, DUAL FEED, S1, ICP PIONEER",assembled,,MS - Mill,False,10,711.00,7110.00,7510.00,50
7105,6681026,completed,0042-49215,02,"GAS MANIFOLD, DUAL FEED, S1, ICP PIONEER",assembled,,MS - Mill,False,20,602.00,12040.00,12440.00,50
7105,6681026,completed,0042-49215,02,"GAS MANIFOLD, DUAL FEED, S1, ICP PIONEER",assembled,,MS - Mill,False,40,548.00,21920.00,22320.00,50
7105,6680932,completed,0042-61190,03,"BRKT, IHC GAS STICK, SIDE 2, PIONEER",manufactured,Aluminum 5052-H32,SM - Piece W/HDWE,True,1,567.00,567.00,1167.00,50
7105,6680932,completed,0042-61190,03,"BRKT, IHC GAS STICK, SIDE 2, PIONEER",manufactured,Aluminum 5052-H32,SM - Piece W/HDWE,True,2,295.00,590.00,1190.00,50
7105,6680932,completed,0042-61190,03,"BRKT, IHC GAS STICK, SIDE 2, PIONEER",manufactured,Aluminum 5052-H32,SM - Piece W/HDWE,True,5,132.00,660.00,1260.00,50
7105,6680932,completed,0042-61190,03,"BRKT, IHC GAS STICK, SIDE 2, PIONEER",manufactured,Aluminum 5052-H32,SM - Piece W/HDWE,True,10,77.10,771.00,1371.00,50
7105,6680932,completed,0042-61190,03,"BRKT, IHC GAS STICK, SIDE 2, PIONEER",manufactured,Aluminum 5052-H32,SM - Piece W/HDWE,True,20,49.85,997.00,1597.00,50
7105,6680932,completed,0042-61190,03,"BRKT, IHC GAS STICK, SIDE 2, PIONEER",manufactured,Aluminum 5052-H32,SM - Piece W/HDWE,True,40,36.23,1449.20,2049.20,50
7105,6668651,completed,0042-61189,02,"BRKT, SHEILD, IHC GAS STICK, SIDE 2, PIONEER",manufactured,Aluminum 5052-H32,SM - Piece W/HDWE,True,1,574.00,574.00,1174.00,50
7105,6668651,completed,0042-61189,02,"BRKT, SHEILD, IHC GAS STICK, SIDE 2, PIONEER",manufactured,Aluminum 5052-H32,SM - Piece W/HDWE,True,2,296.00,592.00,1192.00,50
7105,6668651,completed,0042-61189,02,"BRKT, SHEILD, IHC GAS STICK, SIDE 2, PIONEER",manufactured,Aluminum 5052-H32,SM - Piece W/HDWE,True,5,128.00,640.00,1240.00,50
7105,6668651,completed,0042-61189,02,"BRKT, SHEILD, IHC GAS STICK, SIDE 2, PIONEER",manufactured,Aluminum 5052-H32,SM - Piece W/HDWE,True,10,72.10,721.00,1321.00,50
7105,6668651,completed,0042-61189,02,"BRKT, SHEILD, IHC GAS STICK, SIDE 2, PIONEER",manufactured,Aluminum 5052-H32,SM - Piece W/HDWE,True,20,44.15,883.00,1483.00,50
7105,6668651,completed,0042-61189,02,"BRKT, SHEILD, IHC GAS STICK, SIDE 2, PIONEER",manufactured,Aluminum 5052-H32,SM - Piece W/HDWE,True,40,30.20,1208.00,1808.00,50
7105,6668490,completed,0042-80536,02,"CIP SPACER,LID LATCH, ICP, PIONEER",manufactured,Aluminum 6101-T61,MS - Mill,True,1,892.00,892.00,1692.00,50
7105,6668490,completed,0042-80536,02,"CIP SPACER,LID LATCH, ICP, PIONEER",manufactured,Aluminum 6101-T61,MS - Mill,True,2,489.00,978.00,1778.00,50
7105,6668490,completed,0042-80536,02,"CIP SPACER,LID LATCH, ICP, PIONEER",manufactured,Aluminum 6101-T61,MS - Mill,True,5,247.00,1235.00,2035.00,50
7105,6668490,completed,0042-80536,02,"CIP SPACER,LID LATCH, ICP, PIONEER",manufactured,Aluminum 6101-T61,MS - Mill,True,10,171.00,1710.00,2510.00,50
7105,6668490,completed,0042-80536,02,"CIP SPACER,LID LATCH, ICP, PIONEER",manufactured,Aluminum 6101-T61,MS - Mill,True,20,136.00,2720.00,3520.00,50
7105,6668490,completed,0042-80536,02,"CIP SPACER,LID LATCH, ICP, PIONEER",manufactured,Aluminum 6101-T61,MS - Mill,True,40,119.00,4760.00,5560.00,50
7105,6668451,completed,0042-81490,04,"RIGHT SIDE BUCKET, RACEWAY, PIONEER",manufactured,Aluminum 5052-H32,SM - Piece W/HDWE,True,1,626.00,626.00,1226.00,50
7105,6668451,completed,0042-81490,04,"RIGHT SIDE BUCKET, RACEWAY, PIONEER",manufactured,Aluminum 5052-H32,SM - Piece W/HDWE,True,2,342.00,684.00,1284.00,50
7105,6668451,completed,0042-81490,04,"RIGHT SIDE BUCKET, RACEWAY, PIONEER",manufactured,Aluminum 5052-H32,SM - Piece W/HDWE,True,5,172.00,860.00,1460.00,50
7105,6668451,completed,0042-81490,04,"RIGHT SIDE BUCKET, RACEWAY, PIONEER",manufactured,Aluminum 5052-H32,SM - Piece W/HDWE,True,10,115.00,1150.00,1750.00,50
7105,6668451,completed,0042-81490,04,"RIGHT SIDE BUCKET, RACEWAY, PIONEER",manufactured,Aluminum 5052-H32,SM - Piece W/HDWE,True,20,85.50,1710.00,2310.00,50
7105,6668451,completed,0042-81490,04,"RIGHT SIDE BUCKET, RACEWAY, PIONEER",manufactured,Aluminum 5052-H32,SM - Piece W/HDWE,True,40,71.33,2853.20,3453.20,50
7105,6415500,completed,0042-83369,02,"BLOCK2, DUAL GAS FEED, ICP PIONEER",assembled,Aluminum 6061-T6,MS  - Assy,True,1,2820.00,2820.00,3220.00,50
7105,6415500,completed,0042-83369,02,"BLOCK2, DUAL GAS FEED, ICP PIONEER",assembled,Aluminum 6061-T6,MS  - Assy,True,2,1520.00,3040.00,3440.00,50
7105,6415500,completed,0042-83369,02,"BLOCK2, DUAL GAS FEED, ICP PIONEER",assembled,Aluminum 6061-T6,MS  - Assy,True,5,740.00,3700.00,4100.00,50
7105,6415500,completed,0042-83369,02,"BLOCK2, DUAL GAS FEED, ICP PIONEER",assembled,Aluminum 6061-T6,MS  - Assy,True,10,491.00,4910.00,5310.00,50
7105,6415500,completed,0042-83369,02,"BLOCK2, DUAL GAS FEED, ICP PIONEER",assembled,Aluminum 6061-T6,MS  - Assy,True,20,369.00,7380.00,7780.00,50
7105,6415500,completed,0042-83369,02,"BLOCK2, DUAL GAS FEED, ICP PIONEER",assembled,Aluminum 6061-T6,MS  - Assy,True,40,309.00,12360.00,12760.00,50
