quote_number,item_id,workflow_status,part_number,revision,description,type,material,process,is_fully_configured,quantity,unit_price,total_price,total_price_with_add_ons,lead_time
5008,4014291,no_quote,512-044-500-101,-,NUT  HANGER ASSY,manufactured,,,False,4,0.00,0.00,0.00,0
5001,4005069,no_quote,50-6237-4014,H,"BALANCE WEIGHT,ELEVATOR",manufactured,,No Quote,False,3,0.00,0.00,0.00,5
5009,4014304,completed,901-005-666-101,A,COVER ASSY,manufactured,,,False,3,5676.00,17028.00,17028.00,80
5002,4004151,completed,901-075-820-106,H,CONDUIT,manufactured,Cast Aluminum,MS - Mill,True,5,2101.00,10505.00,10505.00,80
5000,4001882,completed,512-015-027-101,A,SPACER - MAIN ROTOR BLADE,manufactured,Aluminum 6061-T651,MS - Lathe,True,6,523.00,3138.00,4438.00,58
5003,4005228,completed,68A332486-5001,A,SKIN,manufactured,Aluminum 2124,MS - Mill,True,14,13200.00,184800.00,184800.00,114
5003,4005228,completed,68A332486-5001,A,SKIN,manufactured,Aluminum 2124,MS - Mill,True,23,12500.00,287500.00,287500.00,161
5003,4005228,completed,68A332486-5001,A,SKIN,manufactured,Aluminum 2124,MS - Mill,True,24,12500.00,300000.00,300000.00,166
5005,4008505,completed,5191388,H,BRACKET,manufactured,Aluminum 6061-T4,SM - Piece,True,1,3620.00,3620.00,4420.00,70
5005,4008505,completed,5191388,H,BRACKET,manufactured,Aluminum 6061-T4,SM - Piece,True,2,2040.00,4080.00,4880.00,70
5005,4008505,completed,5191388,H,BRACKET,manufactured,Aluminum 6061-T4,SM - Piece,True,5,1140.00,5700.00,6500.00,70
5005,4008505,completed,5191388,H,BRACKET,manufactured,Aluminum 6061-T4,SM - Piece,True,10,771.00,7710.00,8510.00,70
5005,4008505,completed,5191388,H,BRACKET,manufactured,Aluminum 6061-T4,SM - Piece,True,20,603.00,12060.00,12860.00,70
5005,4008505,completed,5191388,H,BRACKET,manufactured,Aluminum 6061-T4,SM - Piece,True,50,488.00,24400.00,25200.00,70
5012,4014996,no_quote,332D1801-27,F,BRACKET,manufactured,,,False,8,0.00,0.00,0.00,0
5011,4014919,not_started,74A880638-2017,M,PLATE,manufactured,,,False,35,0.00,0.00,0.00,0
5013,4015096,no_quote,74A110664-5030,R,RIB,manufactured,,,False,1,0.00,0.00,0.00,0
5010,4014808,completed,68A324974-2023,-,BRACKET,manufactured,,,False,50,0.00,0.00,0.00,0
5010,4014810,completed,74R830126-2003,-,RESTRICTOR,manufactured,,,False,27,0.00,0.00,0.00,0
5017,4017822,no_quote,512-044-501-101,-,LOCKWASHER HANGER ASSY,manufactured,,No Quote,False,3,0.00,0.00,0.00,5
5007,4013335,no_quote,0042-32562,04,"WALL, INNER HOTCAN,MR1237 GP",assembled,,No Quote,False,12,101.97,1223.64,1223.64,600
5007,4013307,no_quote,0015-00664,03,"PLUG, LINER GROUND STRAP, 200MM EMAX",manufactured,,No Quote,False,19,0.00,0.00,0.00,5
5007,4013299,no_quote,0015-09092,01,RF SHIELD 200MM,manufactured,,No Quote,False,88,0.00,0.00,0.00,5
5007,4013300,no_quote,0022-24264,02,I.E.P. CAP,manufactured,,No Quote,False,19,0.00,0.00,0.00,5
5007,4013301,no_quote,0022-51087,03,"BRACKET, WRIST WIRE GUIDE, DUAL SIDE WAF",manufactured,,No Quote,False,100,0.00,0.00,0.00,5
5007,4013452,no_quote,0042-33300,04,DUCT MAIN 300MM DPX,assembled,,No Quote,False,8,107.13,857.04,857.04,40
5007,4013304,no_quote,0042-39379,02,"WELDMENT, PROTECTION, LIGHT PIPE, MR1237",assembled,,No Quote,False,10,0.00,0.00,0.00,5
5016,4025517,no_quote,341B13130PF3084-201,-,BUS_BAR_A,manufactured,,NQ - No Capacity,False,14,0.00,0.00,0.00,5
5016,4025518,no_quote,341B13130PF3085-201,-,BUS_BAR_B,manufactured,,NQ - No Capacity,False,14,0.00,0.00,0.00,5
5016,4025519,no_quote,341B13130PF3085-202,-,BUS_BAR_B,manufactured,,NQ - No Capacity,False,14,0.00,0.00,0.00,5
5016,4025520,no_quote,341B13130PF3089-201,-,BUS_BAR_C,manufactured,,NQ - No Capacity,False,7,0.00,0.00,0.00,5
5016,4025522,no_quote,341B13130PF3095-201,-,BUS_BAR,manufactured,,NQ - No Capacity,False,7,0.00,0.00,0.00,5
5016,4025523,no_quote,341B13130PF3096-201,-,ADAPTER,manufactured,,NQ - No Capacity,False,8,0.00,0.00,0.00,5
5016,4025524,no_quote,341B13130PF3098-201,-,BUS_BAR,manufactured,,NQ - No Capacity,False,7,0.00,0.00,0.00,5
5016,4025525,no_quote,341B13130PF3100-201,-,BUS_BAR,manufactured,,NQ - No Capacity,False,3,0.00,0.00,0.00,5
5014,4015673,no_quote,5-73136-3038,K,ANGLE,manufactured,,,False,3,0.00,0.00,0.00,0
5004,4008354,completed,0042-40462,04,,manufactured,Aluminum 6061-T6,MS - Mill Turn,False,1,515.48,515.48,515.48,35
5004,4008354,completed,0042-40462,04,,manufactured,Aluminum 6061-T6,MS - Mill Turn,False,5,515.48,2577.40,2577.40,36
5004,4008354,completed,0042-40462,04,,manufactured,Aluminum 6061-T6,MS - Mill Turn,False,10,515.48,5154.80,5154.80,38
5004,4008354,completed,0042-40462,04,,manufactured,Aluminum 6061-T6,MS - Mill Turn,False,25,515.48,12887.00,12887.00,45
5004,4008354,completed,0042-40462,04,,manufactured,Aluminum 6061-T6,MS - Mill Turn,False,50,515.48,25774.00,25774.00,55
5004,4008354,completed,0042-40462,04,,manufactured,Aluminum 6061-T6,MS - Mill Turn,False,75,515.48,38661.00,38661.00,66
5004,4008354,completed,0042-40462,04,,manufactured,Aluminum 6061-T6,MS - Mill Turn,False,100,515.48,51548.00,51548.00,77
5019,4023042,no_quote,0010-75448,B,"ASSY, 150MM CASSETTE HANDLER RIGHT",manufactured,,NQ - No Capacity,False,1,0.00,0.00,0.00,5
5019,4023042,no_quote,0010-75448,B,"ASSY, 150MM CASSETTE HANDLER RIGHT",manufactured,,NQ - No Capacity,False,5,0.00,0.00,0.00,5
5019,4023042,no_quote,0010-75448,B,"ASSY, 150MM CASSETTE HANDLER RIGHT",manufactured,,NQ - No Capacity,False,10,0.00,0.00,0.00,5
5018,4022810,no_quote,0270-04164,01,"TOOL, SWLL BOTTOM FILLER REMOVAL, COMMON",manufactured,,No Quote,False,1,0.00,0.00,0.00,5
5018,4022810,no_quote,0270-04164,01,"TOOL, SWLL BOTTOM FILLER REMOVAL, COMMON",manufactured,,No Quote,False,5,0.00,0.00,0.00,5
5018,4022810,no_quote,0270-04164,01,"TOOL, SWLL BOTTOM FILLER REMOVAL, COMMON",manufactured,,No Quote,False,10,0.00,0.00,0.00,5
5018,4022812,completed,0270-07388,04,"ICFX ROBOT END EFFECTOR, ALIGNMENT FIXTU",manufactured,Aluminum 6061-T6,MS - Mill,True,1,1270.00,1270.00,2070.00,59
5018,4022812,completed,0270-07388,04,"ICFX ROBOT END EFFECTOR, ALIGNMENT FIXTU",manufactured,Aluminum 6061-T6,MS - Mill,True,5,406.00,2030.00,2830.00,59
5018,4022812,completed,0270-07388,04,"ICFX ROBOT END EFFECTOR, ALIGNMENT FIXTU",manufactured,Aluminum 6061-T6,MS - Mill,True,10,307.00,3070.00,3870.00,60
5006,4008680,completed,D2684516-2,B,HOUSING (UPPER) RECTIFIER,assembled,Aluminum 6061-T6511,MS - Mill,True,1,2270.00,2270.00,3870.00,60
5006,4008680,completed,D2684516-2,B,HOUSING (UPPER) RECTIFIER,assembled,Aluminum 6061-T6511,MS - Mill,True,2,1210.00,2420.00,4020.00,60
5006,4008680,completed,D2684516-2,B,HOUSING (UPPER) RECTIFIER,assembled,Aluminum 6061-T6511,MS - Mill,True,5,566.00,2830.00,4430.00,60
5006,4008680,completed,D2684516-2,B,HOUSING (UPPER) RECTIFIER,assembled,Aluminum 6061-T6511,MS - Mill,True,10,350.00,3500.00,5100.00,60
5006,4008680,completed,D2684516-2,B,HOUSING (UPPER) RECTIFIER,assembled,Aluminum 6061-T6511,MS - Mill,True,20,242.00,4840.00,6440.00,60
5006,4008680,completed,D2684516-2,B,HOUSING (UPPER) RECTIFIER,assembled,Aluminum 6061-T6511,MS - Mill,True,25,220.00,5500.00,7100.00,60
5006,4008680,completed,D2684516-2,B,HOUSING (UPPER) RECTIFIER,assembled,Aluminum 6061-T6511,MS - Mill,True,50,183.00,9150.00,10750.00,60
5006,4008681,completed,D2684517-1,-,HOUSING (LOWER) RECTIFIER,assembled,Aluminum 6061-T6,MS - Mill,True,1,2300.00,2300.00,4200.00,60
5006,4008681,completed,D2684517-1,-,HOUSING (LOWER) RECTIFIER,assembled,Aluminum 6061-T6,MS - Mill,True,2,1220.00,2440.00,4340.00,60
5006,4008681,completed,D2684517-1,-,HOUSING (LOWER) RECTIFIER,assembled,Aluminum 6061-T6,MS - Mill,True,5,568.00,2840.00,4740.00,60
5006,4008681,completed,D2684517-1,-,HOUSING (LOWER) RECTIFIER,assembled,Aluminum 6061-T6,MS - Mill,True,10,352.00,3520.00,5420.00,60
5006,4008681,completed,D2684517-1,-,HOUSING (LOWER) RECTIFIER,assembled,Aluminum 6061-T6,MS - Mill,True,20,244.00,4880.00,6780.00,60
5006,4008681,completed,D2684517-1,-,HOUSING (LOWER) RECTIFIER,assembled,Aluminum 6061-T6,MS - Mill,True,25,222.00,5550.00,7450.00,60
5006,4008681,completed,D2684517-1,-,HOUSING (LOWER) RECTIFIER,assembled,Aluminum 6061-T6,MS - Mill,True,50,179.00,8950.00,10850.00,60
5021,4024235,no_quote,0042-86596,02,SHOULDER GEAR MOUNT,assembled,,No Quote,False,1,0.00,0.00,0.00,5
5021,4024235,no_quote,0042-86596,02,SHOULDER GEAR MOUNT,assembled,,No Quote,False,5,0.00,0.00,0.00,5
5021,4024235,no_quote,0042-86596,02,SHOULDER GEAR MOUNT,assembled,,No Quote,False,10,0.00,0.00,0.00,5
5026,4026037,no_quote,341B11250AB2533-101,,STRUT_ASSY,assembled,,No Quote,False,2,0.00,0.00,0.00,5
5026,4026038,no_quote,341B11250AB2533-103,,STRUT_ASSY,assembled,,No Quote,False,2,0.00,0.00,0.00,5
5026,4026039,no_quote,341B11300PF2321-201,,HINGE_PIN,manufactured,,No Quote,False,2,0.00,0.00,0.00,5
5026,4026040,no_quote,341B11300PF2331-201,,RETAINER,manufactured,,No Quote,False,2,0.00,0.00,0.00,5
5026,4026042,no_quote,341B13070AB5180-101,,BRKT_ASSY,assembled,,No Quote,False,2,0.00,0.00,0.00,5
5026,4026817,no_quote,341B13130PF3033-207,,BUS_BAR,manufactured,,No Quote,False,2,0.00,0.00,0.00,5
5026,4026819,no_quote,341B13130PF3049-203,,BUS_BAR,manufactured,,No Quote,False,10,0.00,0.00,0.00,5
5026,4026044,no_quote,341B13130PF3080-201,,BUS_BAR,manufactured,,No Quote,False,2,0.00,0.00,0.00,5
5026,4026045,no_quote,341B13130PF3080-202,,BUS_BAR,manufactured,,No Quote,False,2,0.00,0.00,0.00,5
5026,4026046,no_quote,341B13130PF3081-201,,BUS_BAR,manufactured,,No Quote,False,2,0.00,0.00,0.00,5
5026,4026047,no_quote,341B13130PF3082-201,,BUS_BAR,manufactured,,No Quote,False,2,0.00,0.00,0.00,5
5026,4026048,no_quote,341B13130PF3082-202,,BUS_BAR,manufactured,,No Quote,False,2,0.00,0.00,0.00,5
5026,4026049,no_quote,341B13130PF3084-201,,BUS_BAR_A,manufactured,,No Quote,False,2,0.00,0.00,0.00,5
5026,4026050,no_quote,341B13130PF3085-201,,BUS_BAR_B,manufactured,,No Quote,False,2,0.00,0.00,0.00,5
5026,4026051,no_quote,341B13130PF3085-202,,BUS_BAR_B,manufactured,,No Quote,False,2,0.00,0.00,0.00,5
5026,4026052,no_quote,341B13130PF3089-201,,BUS_BAR_C,manufactured,,No Quote,False,2,0.00,0.00,0.00,5
5026,4026055,no_quote,341B13130PF3090-201,,BUS_BAR,manufactured,,No Quote,False,2,0.00,0.00,0.00,5
5026,4026056,no_quote,341B13130PF3090-202,,BUS_BAR,manufactured,,No Quote,False,2,0.00,0.00,0.00,5
5026,4026057,no_quote,341B13130PF3091-201,,BUS_BAR,manufactured,,No Quote,False,2,0.00,0.00,0.00,5
5026,4026058,no_quote,341B13130PF3091-202,,BUS_BAR,manufactured,,No Quote,False,2,0.00,0.00,0.00,5
5026,4026060,no_quote,341B13130PF3093-201,,BUS_BAR,manufactured,,No Quote,False,2,0.00,0.00,0.00,5
5026,4026063,no_quote,341B13130PF3095-201,,BUS_BAR,manufactured,,No Quote,False,2,0.00,0.00,0.00,5
5026,4026070,no_quote,341B13130PF3096-201,,ADAPTER,manufactured,,No Quote,False,2,0.00,0.00,0.00,5
5026,4026074,no_quote,341B25100PF1137-201,,RETAINER - FUEL PROBE,manufactured,,No Quote,False,2,0.00,0.00,0.00,5
5026,4026295,no_quote,341B25100PF1141-201,,DRIVE_HOOK_LOCK,assembled,,No Quote,False,2,0.00,0.00,0.00,5
5025,4025263,completed,0010-74802,01,CONTROLLER / AC FRAME CENTURA-STD,manufactured,,No Quote,False,10,9553.13,95531.30,95531.30,40
5025,4025263,completed,0010-74802,01,CONTROLLER / AC FRAME CENTURA-STD,manufactured,,No Quote,False,38,0.00,0.00,0.00,5
5025,4025263,completed,0010-74802,01,CONTROLLER / AC FRAME CENTURA-STD,manufactured,,No Quote,False,44,0.00,0.00,0.00,5
5027,4026665,completed,68A348760-1001,B,BRACKET ASSY,assembled,,,False,24,0.00,0.00,0.00,0
5020,4023191,no_quote,0041-35406,04,"CABLE SUPPORT, WATERFALL, 200MM EZ-UPA",assembled,,No Quote,False,20,0.00,0.00,0.00,5
5020,4023226,no_quote,0042-96886,01,"ARM, ROTATION, 200MM DESICA, CMP",manufactured,,No Quote,False,35,0.00,0.00,0.00,5
5023,4024695,completed,A0490885,01,LIFT PLATE BALL SPLINE VELOCITY S,manufactured,Stainless Steel 304L,MS - Mill,True,1,989.00,989.00,2389.00,57
5023,4024695,completed,A0490885,01,LIFT PLATE BALL SPLINE VELOCITY S,manufactured,Stainless Steel 304L,MS - Mill,True,2,553.00,1106.00,2506.00,57
5023,4024695,completed,A0490885,01,LIFT PLATE BALL SPLINE VELOCITY S,manufactured,Stainless Steel 304L,MS - Mill,True,5,291.00,1455.00,2855.00,57
5023,4024695,completed,A0490885,01,LIFT PLATE BALL SPLINE VELOCITY S,manufactured,Stainless Steel 304L,MS - Mill,True,10,204.00,2040.00,3440.00,58
5023,4024695,completed,A0490885,01,LIFT PLATE BALL SPLINE VELOCITY S,manufactured,Stainless Steel 304L,MS - Mill,True,20,160.00,3200.00,4600.00,58
5023,4024695,completed,A0490885,01,LIFT PLATE BALL SPLINE VELOCITY S,manufactured,Stainless Steel 304L,MS - Mill,True,30,146.00,4380.00,5780.00,59
5024,4053263,completed,0023-10923,02,"FORKLIFT POCKET 10x3
C3oC",manufactured,HRS,SM - Piece,True,100,50.61,5061.00,5061.00,25
5024,4053263,completed,0023-10923,02,"FORKLIFT POCKET 10x3
C3oC",manufactured,HRS,SM - Piece,True,1500,46.69,70035.00,70035.00,75
5024,4053266,completed,0042-97313,01,"SHEET METAL BRACKET, REAR PROCESS GASLIN",manufactured,CRS,SM - Piece W/HDWE,True,100,22.65,2265.00,2265.00,49
5024,4053266,completed,0042-97313,01,"SHEET METAL BRACKET, REAR PROCESS GASLIN",manufactured,CRS,SM - Piece W/HDWE,True,1500,18.50,27750.00,27750.00,73
5028,4026911,no_quote,0042-60688,02,"BRACKET MTR/BALL SCREW
SWEEP",manufactured,,,False,50,0.00,0.00,0.00,0
5028,4026911,no_quote,0042-60688,02,"BRACKET MTR/BALL SCREW
SWEEP",manufactured,,,False,100,0.00,0.00,0.00,0
5028,4026911,no_quote,0042-60688,02,"BRACKET MTR/BALL SCREW
SWEEP",manufactured,,,False,150,0.00,0.00,0.00,0
5028,4026911,no_quote,0042-60688,02,"BRACKET MTR/BALL SCREW
SWEEP",manufactured,,,False,200,0.00,0.00,0.00,0
5028,4026917,no_quote,0021-78019,6W,"TRAY, WAFER OUTPUT
MODULE",manufactured,,,False,3,0.00,0.00,0.00,0
5028,4026917,no_quote,0021-78019,6W,"TRAY, WAFER OUTPUT
MODULE",manufactured,,,False,6,0.00,0.00,0.00,0
5028,4026917,no_quote,0021-78019,6W,"TRAY, WAFER OUTPUT
MODULE",manufactured,,,False,9,0.00,0.00,0.00,0
5028,4026917,no_quote,0021-78019,6W,"TRAY, WAFER OUTPUT
MODULE",manufactured,,,False,12,0.00,0.00,0.00,0
5022,4024637,completed,0020-29514,02,BUS BAR,manufactured,Aluminum 6061-T6,MS - Mill,True,1,1130.00,1130.00,1930.00,61
5022,4024637,completed,0020-29514,02,BUS BAR,manufactured,Aluminum 6061-T6,MS - Mill,True,17,219.00,3723.00,4523.00,63
5022,4024637,completed,0020-29514,02,BUS BAR,manufactured,Aluminum 6061-T6,MS - Mill,True,35,194.00,6790.00,7590.00,66
5022,4024637,completed,0020-29514,02,BUS BAR,manufactured,Aluminum 6061-T6,MS - Mill,True,70,183.00,12810.00,12810.00,72
5036,4032818,no_quote,512-061-213-123,A,Hinge Assy-AGB Panel,manufactured,,No Quote,False,4,0.00,0.00,0.00,5
5029,4027768,not_started,113K004H01,-,"COVER,FILTER ASSY",manufactured,,,False,1,0.00,0.00,0.00,0
5029,4027768,not_started,113K004H01,-,"COVER,FILTER ASSY",manufactured,,,False,2,0.00,0.00,0.00,0
5029,4027768,not_started,113K004H01,-,"COVER,FILTER ASSY",manufactured,,,False,5,0.00,0.00,0.00,0
5029,4027768,not_started,113K004H01,-,"COVER,FILTER ASSY",manufactured,,,False,10,0.00,0.00,0.00,0
5029,4027768,not_started,113K004H01,-,"COVER,FILTER ASSY",manufactured,,,False,52,0.00,0.00,0.00,0
5029,4027768,not_started,113K004H01,-,"COVER,FILTER ASSY",manufactured,,,False,104,0.00,0.00,0.00,0
5029,4027768,not_started,113K004H01,-,"COVER,FILTER ASSY",manufactured,,,False,130,0.00,0.00,0.00,0
5029,4027769,not_started,128K059H01,D,"BUS BAR,RETURN",manufactured,,,False,1,0.00,0.00,0.00,0
5029,4027769,not_started,128K059H01,D,"BUS BAR,RETURN",manufactured,,,False,2,0.00,0.00,0.00,0
5029,4027769,not_started,128K059H01,D,"BUS BAR,RETURN",manufactured,,,False,5,0.00,0.00,0.00,0
5029,4027769,not_started,128K059H01,D,"BUS BAR,RETURN",manufactured,,,False,10,0.00,0.00,0.00,0
5029,4027769,not_started,128K059H01,D,"BUS BAR,RETURN",manufactured,,,False,52,0.00,0.00,0.00,0
5029,4027769,not_started,128K059H01,D,"BUS BAR,RETURN",manufactured,,,False,104,0.00,0.00,0.00,0
5029,4027769,not_started,128K059H01,D,"BUS BAR,RETURN",manufactured,,,False,130,0.00,0.00,0.00,0
5029,4027771,not_started,128K060H01,B,"BUS BAR,POWER",manufactured,,,False,1,0.00,0.00,0.00,0
5029,4027771,not_started,128K060H01,B,"BUS BAR,POWER",manufactured,,,False,2,0.00,0.00,0.00,0
5029,4027771,not_started,128K060H01,B,"BUS BAR,POWER",manufactured,,,False,5,0.00,0.00,0.00,0
5029,4027771,not_started,128K060H01,B,"BUS BAR,POWER",manufactured,,,False,10,0.00,0.00,0.00,0
5029,4027771,not_started,128K060H01,B,"BUS BAR,POWER",manufactured,,,False,52,0.00,0.00,0.00,0
5029,4027771,not_started,128K060H01,B,"BUS BAR,POWER",manufactured,,,False,104,0.00,0.00,0.00,0
5029,4027771,not_started,128K060H01,B,"BUS BAR,POWER",manufactured,,,False,130,0.00,0.00,0.00,0
5029,4027772,not_started,128K061H01,C,"BUS BAR,INRUSH #1",manufactured,,,False,1,0.00,0.00,0.00,0
5029,4027772,not_started,128K061H01,C,"BUS BAR,INRUSH #1",manufactured,,,False,2,0.00,0.00,0.00,0
5029,4027772,not_started,128K061H01,C,"BUS BAR,INRUSH #1",manufactured,,,False,5,0.00,0.00,0.00,0
5029,4027772,not_started,128K061H01,C,"BUS BAR,INRUSH #1",manufactured,,,False,10,0.00,0.00,0.00,0
5029,4027772,not_started,128K061H01,C,"BUS BAR,INRUSH #1",manufactured,,,False,52,0.00,0.00,0.00,0
5029,4027772,not_started,128K061H01,C,"BUS BAR,INRUSH #1",manufactured,,,False,104,0.00,0.00,0.00,0
5029,4027772,not_started,128K061H01,C,"BUS BAR,INRUSH #1",manufactured,,,False,130,0.00,0.00,0.00,0
5029,4027779,not_started,128K183H01,-,"COVER,REAR,FILTER ASSY",manufactured,,,False,1,0.00,0.00,0.00,0
5029,4027779,not_started,128K183H01,-,"COVER,REAR,FILTER ASSY",manufactured,,,False,2,0.00,0.00,0.00,0
5029,4027779,not_started,128K183H01,-,"COVER,REAR,FILTER ASSY",manufactured,,,False,5,0.00,0.00,0.00,0
5029,4027779,not_started,128K183H01,-,"COVER,REAR,FILTER ASSY",manufactured,,,False,10,0.00,0.00,0.00,0
5029,4027779,not_started,128K183H01,-,"COVER,REAR,FILTER ASSY",manufactured,,,False,52,0.00,0.00,0.00,0
5029,4027779,not_started,128K183H01,-,"COVER,REAR,FILTER ASSY",manufactured,,,False,104,0.00,0.00,0.00,0
5029,4027779,not_started,128K183H01,-,"COVER,REAR,FILTER ASSY",manufactured,,,False,130,0.00,0.00,0.00,0
5029,4027780,not_started,138K512H02,B,"BUS BAR, INPUT RETURN",manufactured,,,False,1,0.00,0.00,0.00,0
5029,4027780,not_started,138K512H02,B,"BUS BAR, INPUT RETURN",manufactured,,,False,2,0.00,0.00,0.00,0
5029,4027780,not_started,138K512H02,B,"BUS BAR, INPUT RETURN",manufactured,,,False,5,0.00,0.00,0.00,0
5029,4027780,not_started,138K512H02,B,"BUS BAR, INPUT RETURN",manufactured,,,False,10,0.00,0.00,0.00,0
5029,4027780,not_started,138K512H02,B,"BUS BAR, INPUT RETURN",manufactured,,,False,52,0.00,0.00,0.00,0
5029,4027780,not_started,138K512H02,B,"BUS BAR, INPUT RETURN",manufactured,,,False,104,0.00,0.00,0.00,0
5029,4027780,not_started,138K512H02,B,"BUS BAR, INPUT RETURN",manufactured,,,False,130,0.00,0.00,0.00,0
5029,4027775,not_started,451R109H01,A,SPACER,manufactured,,,False,1,0.00,0.00,0.00,0
5029,4027775,not_started,451R109H01,A,SPACER,manufactured,,,False,2,0.00,0.00,0.00,0
5029,4027775,not_started,451R109H01,A,SPACER,manufactured,,,False,5,0.00,0.00,0.00,0
5029,4027775,not_started,451R109H01,A,SPACER,manufactured,,,False,10,0.00,0.00,0.00,0
5029,4027775,not_started,451R109H01,A,SPACER,manufactured,,,False,52,0.00,0.00,0.00,0
5029,4027775,not_started,451R109H01,A,SPACER,manufactured,,,False,104,0.00,0.00,0.00,0
5029,4027775,not_started,451R109H01,A,SPACER,manufactured,,,False,130,0.00,0.00,0.00,0
5029,4027777,not_started,817R711H02,B,INJECTOR-EJECTOR,manufactured,,,False,2,0.00,0.00,0.00,0
5029,4027777,not_started,817R711H02,B,INJECTOR-EJECTOR,manufactured,,,False,4,0.00,0.00,0.00,0
5029,4027777,not_started,817R711H02,B,INJECTOR-EJECTOR,manufactured,,,False,10,0.00,0.00,0.00,0
5029,4027777,not_started,817R711H02,B,INJECTOR-EJECTOR,manufactured,,,False,20,0.00,0.00,0.00,0
5029,4027777,not_started,817R711H02,B,INJECTOR-EJECTOR,manufactured,,,False,104,0.00,0.00,0.00,0
5029,4027777,not_started,817R711H02,B,INJECTOR-EJECTOR,manufactured,,,False,208,0.00,0.00,0.00,0
5029,4027777,not_started,817R711H02,B,INJECTOR-EJECTOR,manufactured,,,False,260,0.00,0.00,0.00,0
5029,4027778,not_started,820R120H04,G,"GUIDE,SHEAR PIN,PRECIPITATED",manufactured,,,False,2,0.00,0.00,0.00,0
5029,4027778,not_started,820R120H04,G,"GUIDE,SHEAR PIN,PRECIPITATED",manufactured,,,False,4,0.00,0.00,0.00,0
5029,4027778,not_started,820R120H04,G,"GUIDE,SHEAR PIN,PRECIPITATED",manufactured,,,False,10,0.00,0.00,0.00,0
5029,4027778,not_started,820R120H04,G,"GUIDE,SHEAR PIN,PRECIPITATED",manufactured,,,False,20,0.00,0.00,0.00,0
5029,4027778,not_started,820R120H04,G,"GUIDE,SHEAR PIN,PRECIPITATED",manufactured,,,False,104,0.00,0.00,0.00,0
5029,4027778,not_started,820R120H04,G,"GUIDE,SHEAR PIN,PRECIPITATED",manufactured,,,False,208,0.00,0.00,0.00,0
5029,4027778,not_started,820R120H04,G,"GUIDE,SHEAR PIN,PRECIPITATED",manufactured,,,False,260,0.00,0.00,0.00,0
5033,4032686,no_quote,512-060-150-103,-,Fitting Assy-Airframe-RGB-Outbd,manufactured,,No Quote,False,4,0.00,0.00,0.00,5
5034,4032712,no_quote,512-061-105-101,C,ECU Hold Open Assy,manufactured,,No Quote,False,4,0.00,0.00,0.00,5
5030,4030770,completed,901-005-668-101,,"HOUSING, 1553",manufactured,Aluminum 6061-T6,MS - Mill,True,51,36.14,1843.14,1843.14,55
5031,4031270,no_quote,A0598588,01,"BRACKET, LEACH BLADE, EDGE, PROCESS AREA",manufactured,,No Quote,False,1,0.00,0.00,0.00,5
5031,4031270,no_quote,A0598588,01,"BRACKET, LEACH BLADE, EDGE, PROCESS AREA",manufactured,,No Quote,False,5,0.00,0.00,0.00,5
5031,4031270,no_quote,A0598588,01,"BRACKET, LEACH BLADE, EDGE, PROCESS AREA",manufactured,,No Quote,False,10,0.00,0.00,0.00,5
5031,4031271,no_quote,A0598591,01,"BRACKET, VALVE MOUNT, LEACH BLADE",manufactured,,No Quote,False,1,0.00,0.00,0.00,5
5031,4031271,no_quote,A0598591,01,"BRACKET, VALVE MOUNT, LEACH BLADE",manufactured,,No Quote,False,5,0.00,0.00,0.00,5
5031,4031271,no_quote,A0598591,01,"BRACKET, VALVE MOUNT, LEACH BLADE",manufactured,,No Quote,False,10,0.00,0.00,0.00,5
5035,4032770,no_quote,512-061-118-103,B,Rod End Assembly,manufactured,,NQ - No Capacity,False,2,0.00,0.00,0.00,5
5037,4032881,completed,901-011-355-112,A,SUPPORT ASSY,manufactured,Aluminum 7050-T7451,MS  - Assy,True,6,2120.00,12720.00,15560.00,80
5044,4043691,no_quote,68A333060-2023,G,DOOR,manufactured,,NQ - No Capacity,False,52,0.00,0.00,0.00,5
5046,4048132,no_quote,205-060-802-013,-,FITTING,manufactured,,No Quote,False,1,0.00,0.00,0.00,5
5046,4048132,no_quote,205-060-802-013,-,FITTING,manufactured,,No Quote,False,5,0.00,0.00,0.00,5
5042,4048879,completed,512-075-173-135,-,MOUNT PLATE,manufactured,Aluminum 6013-T4,SM - Piece,True,2,912.00,1824.00,2424.00,48
5040,4039107,no_quote,0022-55925,02,"PUMP PORT OUTER,PRODUCER SE/GT",manufactured,,No Quote,False,1,0.00,0.00,0.00,5
5040,4039107,no_quote,0022-55925,02,"PUMP PORT OUTER,PRODUCER SE/GT",manufactured,,No Quote,False,25,0.00,0.00,0.00,5
5045,4048033,no_quote,111T1524-01,B,PLATE BULK ANODE 1 CFD-IIIM 300MM,manufactured,,No Quote,False,5,0.00,0.00,0.00,5
5045,4048049,no_quote,111T1525-01,B,PLATE BULK ANODE 2 CFD-IIIM 300MM,manufactured,,No Quote,False,5,0.00,0.00,0.00,5
5045,4048050,no_quote,111T1526-01,B,PLATE BULK ANODE 3 CFD-IIIM 300MM,manufactured,,No Quote,False,5,0.00,0.00,0.00,5
5045,4048051,no_quote,111T1527-01,B,PLATE BULK ANODE 4 CFD-IIIM 300MM,manufactured,,No Quote,False,5,0.00,0.00,0.00,5
5032,4031364,completed,0011-03090,01,"RIVETED ENCLOSURE, GAS BOX, VALENCIA ALD GP",assembled,CRS,SM - Assy,True,1,6610.00,6610.00,10610.00,55
5032,4031364,completed,0011-03090,01,"RIVETED ENCLOSURE, GAS BOX, VALENCIA ALD GP",assembled,CRS,SM - Assy,True,2,3770.00,7540.00,11540.00,60
5032,4031370,completed,0011-03123,01,"KIT, RIVETED ASSY NON FOLDABLE DOOR",assembled,CRS,SM - Assy,True,1,4890.00,4890.00,7090.00,60
5032,4031370,completed,0011-03123,01,"KIT, RIVETED ASSY NON FOLDABLE DOOR",assembled,CRS,SM - Assy,True,2,2860.00,5720.00,7920.00,60
5054,4057772,no_quote,9-63041-4,C,"DUCT ASSEMBLY,BLEED AIR",manufactured,,No Quote,False,25,0.00,0.00,0.00,5
5048,4050414,completed,0042-40462,04,,manufactured,Aluminum 6061-T6,MS - Mill Turn,False,1,565.00,565.00,565.00,62
5049,4057582,completed,32820,01,"BLADE PILE, 76X3MM TUBE, 1.5M LENGTH, 250X8MM BLADES",assembled,CRS,SM - Assy,True,560,149.00,83440.00,83440.00,71
5049,4065068,no_quote,415608,02,"Metal Shim, 61mm ID, 100mm Length, 2mm THK",manufactured,,NQ - Not a Core Competency,False,1,0.00,0.00,0.00,5
5049,4065067,no_quote,414873,06,"Metal Shim, 61mm ID, 100mm Length, 4mm THK",manufactured,,NQ - Not a Core Competency,False,1,0.00,0.00,0.00,5
5049,4065066,no_quote,415607,03,"Metal Shim, 61mm ID, 100mm Length, 3mm THK",manufactured,,NQ - Not a Core Competency,False,1,0.00,0.00,0.00,5
5049,4065091,no_quote,62321,02,Damper A-Frame Reference Drawing Dia 60mm Tube,manufactured,,No Quote,False,1,0.00,0.00,0.00,5
5049,4065090,no_quote,62323,02,Array A-Frame Reference Drawing Dia 60mm Tube,manufactured,,No Quote,False,1,0.00,0.00,0.00,5
5049,4065089,no_quote,62322,02,Motor A-Frame Reference Drawing Dia 60mm Tube,manufactured,,No Quote,False,1,0.00,0.00,0.00,5
5050,4057194,completed,0010-69635,02,"ASSEMBLY, TAPERED BEARING BLOCK, PIONEER",assembled,Aluminum 6061-T6,MS  - Assy,True,1,7770.00,7770.00,9170.00,56
5050,4057194,completed,0010-69635,02,"ASSEMBLY, TAPERED BEARING BLOCK, PIONEER",assembled,Aluminum 6061-T6,MS  - Assy,True,25,756.00,18900.00,20300.00,62
5053,4057489,no_quote,0020-33166,BA,"SHEET, THERMAL TRANSFER-STD CATHODE",manufactured,,No Quote,False,1,0.00,0.00,0.00,5
5053,4057489,no_quote,0020-33166,BA,"SHEET, THERMAL TRANSFER-STD CATHODE",manufactured,,No Quote,False,5,0.00,0.00,0.00,5
5053,4057489,no_quote,0020-33166,BA,"SHEET, THERMAL TRANSFER-STD CATHODE",manufactured,,No Quote,False,10,0.00,0.00,0.00,5
5053,4057490,no_quote,0040-22573,01,"HOOP, 6 WB, 6 FINGER WITH SHUTTER @C",manufactured,,No Quote,False,1,0.00,0.00,0.00,5
5053,4057490,no_quote,0040-22573,01,"HOOP, 6 WB, 6 FINGER WITH SHUTTER @C",manufactured,,No Quote,False,5,0.00,0.00,0.00,5
5053,4057490,no_quote,0040-22573,01,"HOOP, 6 WB, 6 FINGER WITH SHUTTER @C",manufactured,,No Quote,False,10,0.00,0.00,0.00,5
5053,4057486,no_quote,0042-46493,02,"ASSY, LEFT, INSEPERABLE CASTER PAD SIDE",assembled,,No Quote,False,1,0.00,0.00,0.00,5
5053,4057486,no_quote,0042-46493,02,"ASSY, LEFT, INSEPERABLE CASTER PAD SIDE",assembled,,No Quote,False,5,0.00,0.00,0.00,5
5053,4057486,no_quote,0042-46493,02,"ASSY, LEFT, INSEPERABLE CASTER PAD SIDE",assembled,,No Quote,False,10,0.00,0.00,0.00,5
5053,4057487,no_quote,0042-46508,02,"ASSY,RIGHT, INSEPERABLE CASTER PAD SIDE",assembled,,No Quote,False,1,0.00,0.00,0.00,5
5053,4057487,no_quote,0042-46508,02,"ASSY,RIGHT, INSEPERABLE CASTER PAD SIDE",assembled,,No Quote,False,5,0.00,0.00,0.00,5
5053,4057487,no_quote,0042-46508,02,"ASSY,RIGHT, INSEPERABLE CASTER PAD SIDE",assembled,,No Quote,False,10,0.00,0.00,0.00,5
5056,4060145,completed,036266,A,TUBE BALANCE,manufactured,Aluminum 7075-T7351,MS - Lathe,True,240,107.00,25680.00,29020.00,75
5055,4158699,no_quote,68A328352-5001,,SKIN,assembled,Aluminum 2024-T851,SM - Piece,True,54,49.19,2656.26,2656.26,34
5055,4058183,no_quote,68A328352-5003,A,SKIN,assembled,Aluminum 2024-T851,SM - Piece,True,24,48.08,1153.92,1653.92,32
5055,4058183,no_quote,68A328352-5003,A,SKIN,assembled,Aluminum 2024-T851,SM - Piece,True,27,47.07,1270.89,1770.89,32
5051,4057265,completed,0042-96751,01,"EYED, MZ ACTINIUM CONTROLLER ENCLOSURE",assembled,CRS,SM - Assy,True,1,1900.00,1900.00,3500.00,54
5051,4057265,completed,0042-96751,01,"EYED, MZ ACTINIUM CONTROLLER ENCLOSURE",assembled,CRS,SM - Assy,True,5,601.00,3005.00,4605.00,54
5051,4057265,completed,0042-96751,01,"EYED, MZ ACTINIUM CONTROLLER ENCLOSURE",assembled,CRS,SM - Assy,True,10,439.00,4390.00,5990.00,55
5051,4057265,completed,0042-96751,01,"EYED, MZ ACTINIUM CONTROLLER ENCLOSURE",assembled,CRS,SM - Assy,True,25,341.00,8525.00,10125.00,56
5051,4057265,completed,0042-96751,01,"EYED, MZ ACTINIUM CONTROLLER ENCLOSURE",assembled,CRS,SM - Assy,True,50,308.00,15400.00,17000.00,58
5051,4057265,completed,0042-96751,01,"EYED, MZ ACTINIUM CONTROLLER ENCLOSURE",assembled,CRS,SM - Assy,True,100,294.00,29400.00,29400.00,67
5051,4057265,completed,0042-96751,01,"EYED, MZ ACTINIUM CONTROLLER ENCLOSURE",assembled,CRS,SM - Assy,True,150,287.00,43050.00,43050.00,70
5051,4057265,completed,0042-96751,01,"EYED, MZ ACTINIUM CONTROLLER ENCLOSURE",assembled,CRS,SM - Assy,True,750,278.00,208500.00,208500.00,145
5047,4050379,completed,0020-20662,02,"HEAT SHIELD 8, DEGAS",manufactured,Aluminum 5052-H32,SM - Piece W/HDWE,True,1,613.00,613.00,613.00,52
5047,4050379,completed,0020-20662,02,"HEAT SHIELD 8, DEGAS",manufactured,Aluminum 5052-H32,SM - Piece W/HDWE,True,5,43.56,217.80,217.80,52
5047,4050379,completed,0020-20662,02,"HEAT SHIELD 8, DEGAS",manufactured,Aluminum 5052-H32,SM - Piece W/HDWE,True,10,85.70,857.00,857.00,52
5047,4050379,completed,0020-20662,02,"HEAT SHIELD 8, DEGAS",manufactured,Aluminum 5052-H32,SM - Piece W/HDWE,True,10,85.70,857.00,857.00,52
5047,4050379,completed,0020-20662,02,"HEAT SHIELD 8, DEGAS",manufactured,Aluminum 5052-H32,SM - Piece W/HDWE,True,15,67.73,1015.95,1015.95,52
5047,4050379,completed,0020-20662,02,"HEAT SHIELD 8, DEGAS",manufactured,Aluminum 5052-H32,SM - Piece W/HDWE,True,15,67.73,1015.95,1015.95,52
5047,4050379,completed,0020-20662,02,"HEAT SHIELD 8, DEGAS",manufactured,Aluminum 5052-H32,SM - Piece W/HDWE,True,20,60.05,1201.00,1201.00,52
5047,4050379,completed,0020-20662,02,"HEAT SHIELD 8, DEGAS",manufactured,Aluminum 5052-H32,SM - Piece W/HDWE,True,20,60.05,1201.00,1201.00,52
5047,4050379,completed,0020-20662,02,"HEAT SHIELD 8, DEGAS",manufactured,Aluminum 5052-H32,SM - Piece W/HDWE,True,25,55.44,1386.00,1386.00,52
5047,4050379,completed,0020-20662,02,"HEAT SHIELD 8, DEGAS",manufactured,Aluminum 5052-H32,SM - Piece W/HDWE,True,25,55.44,1386.00,1386.00,52
5047,4050379,completed,0020-20662,02,"HEAT SHIELD 8, DEGAS",manufactured,Aluminum 5052-H32,SM - Piece W/HDWE,True,30,52.40,1572.00,1572.00,52
5047,4050379,completed,0020-20662,02,"HEAT SHIELD 8, DEGAS",manufactured,Aluminum 5052-H32,SM - Piece W/HDWE,True,30,52.40,1572.00,1572.00,52
5047,4050379,completed,0020-20662,02,"HEAT SHIELD 8, DEGAS",manufactured,Aluminum 5052-H32,SM - Piece W/HDWE,True,50,46.26,2313.00,2313.00,53
5047,4050379,completed,0020-20662,02,"HEAT SHIELD 8, DEGAS",manufactured,Aluminum 5052-H32,SM - Piece W/HDWE,True,50,46.26,2313.00,2313.00,53
5058,4065573,completed,0090-12891,05,"ELECTROMECHANICAL ASSEMBLY, COMMON RACK,",manufactured,,,False,1,0.00,0.00,0.00,0
5058,4065573,completed,0090-12891,05,"ELECTROMECHANICAL ASSEMBLY, COMMON RACK,",manufactured,,,False,5,0.00,0.00,0.00,0
5058,4065573,completed,0090-12891,05,"ELECTROMECHANICAL ASSEMBLY, COMMON RACK,",manufactured,,,False,10,0.00,0.00,0.00,0
5060,4065795,no_quote,0020-79877,200,PEN SENSOR ANCHOR,manufactured,,No Quote,False,1,0.00,0.00,0.00,5
5060,4065795,no_quote,0020-79877,200,PEN SENSOR ANCHOR,manufactured,,No Quote,False,2,0.00,0.00,0.00,5
5060,4065795,no_quote,0020-79877,200,PEN SENSOR ANCHOR,manufactured,,No Quote,False,5,0.00,0.00,0.00,5
5060,4065795,no_quote,0020-79877,200,PEN SENSOR ANCHOR,manufactured,,No Quote,False,10,0.00,0.00,0.00,5
5059,4065659,completed,0041-88229,02,"OUTRIGGER, C3oC",assembled,,Historical Part Requote,False,1,148.00,148.00,148.00,30
5059,4065659,completed,0041-88229,02,"OUTRIGGER, C3oC",assembled,,Historical Part Requote,False,4,148.00,592.00,592.00,30
5059,4065659,completed,0041-88229,02,"OUTRIGGER, C3oC",assembled,,Historical Part Requote,False,40,148.00,5920.00,5920.00,30
5059,4065659,completed,0041-88229,02,"OUTRIGGER, C3oC",assembled,,Historical Part Requote,False,80,148.00,11840.00,11840.00,30
5059,4065659,completed,0041-88229,02,"OUTRIGGER, C3oC",assembled,,Historical Part Requote,False,160,148.00,23680.00,23680.00,30
5059,4065659,completed,0041-88229,02,"OUTRIGGER, C3oC",assembled,,Historical Part Requote,False,400,148.00,59200.00,59200.00,30
5057,4062140,completed,6259579-1,-,CONTACT BUSHING ELEC,manufactured,Aluminum 5052-H32,MS - Mill,True,5,324.00,1620.00,1620.00,30
5057,4062140,completed,6259579-1,-,CONTACT BUSHING ELEC,manufactured,Aluminum 5052-H32,MS - Mill,True,10,183.00,1830.00,1830.00,60
5057,4062140,completed,6259579-1,-,CONTACT BUSHING ELEC,manufactured,Aluminum 5052-H32,MS - Mill,True,15,134.00,2010.00,2010.00,60
5057,4062144,completed,60252275-00,C,"HOUSING, MSA",manufactured,Aluminum 6061-T6,MS  - Assy,True,12,15216.00,182592.00,183552.00,100
5057,4062144,completed,60252275-00,C,"HOUSING, MSA",manufactured,Aluminum 6061-T6,MS  - Assy,True,15,15143.00,227145.00,228105.00,100
5057,4062144,completed,60252275-00,C,"HOUSING, MSA",manufactured,Aluminum 6061-T6,MS  - Assy,True,20,15069.00,301380.00,302340.00,100
5057,4062146,completed,901-005-612-101,A,"BRACKET, CONNECTOR - CENTRAL DEICE DISTRIBUTOR",manufactured,Aluminum 7075-T651,MS - Mill,True,7,352.00,2464.00,2464.00,60
5057,4062146,completed,901-005-612-101,A,"BRACKET, CONNECTOR - CENTRAL DEICE DISTRIBUTOR",manufactured,Aluminum 7075-T651,MS - Mill,True,10,259.00,2590.00,2590.00,60
5057,4062146,completed,901-005-612-101,A,"BRACKET, CONNECTOR - CENTRAL DEICE DISTRIBUTOR",manufactured,Aluminum 7075-T651,MS - Mill,True,15,187.00,2805.00,2805.00,60
5057,4062148,completed,901-005-664-101,B,ENCLOSURE ASSY,manufactured,,,False,1,13576.00,13576.00,13576.00,80
5057,4062148,completed,901-005-664-101,B,ENCLOSURE ASSY,manufactured,,,False,5,6704.00,33520.00,33520.00,80
5057,4062148,completed,901-005-664-101,B,ENCLOSURE ASSY,manufactured,,,False,10,5898.00,58980.00,58980.00,80
5061,4065933,no_quote,0042-53941,02,"COVER, MAG ISO W/ SENSOR, ICP, PIONEER",assembled,,No Quote,False,25,0.00,0.00,0.00,5
5061,4065939,no_quote,0035-00110,05,"HEATER PLATE, 8300 WATTS/208VAC, 300MM,",manufactured,,No Quote,False,25,0.00,0.00,0.00,5
5061,4065931,no_quote,0042-36278,02,"ICP MATCH PLATE SUPPORT POST, PIONEER",assembled,,No Quote,False,100,0.00,0.00,0.00,5
5061,4065932,no_quote,0042-47329,02,"BLOCK1, DUAL GAS FEED, ICP PIONEER",assembled,,No Quote,False,25,0.00,0.00,0.00,5
5061,4065934,no_quote,0042-83369,02,"BLOCK2, DUAL GAS FEED, ICP PIONEER",assembled,,No Quote,False,25,0.00,0.00,0.00,5
5063,4069050,no_quote,0021-25649,04,"RING, HT ESC CLAMP TI, 300MM DPSII / DPN",manufactured,,No Quote,False,1,0.00,0.00,0.00,5
5063,4069050,no_quote,0021-25649,04,"RING, HT ESC CLAMP TI, 300MM DPSII / DPN",manufactured,,No Quote,False,5,0.00,0.00,0.00,5
5063,4069050,no_quote,0021-25649,04,"RING, HT ESC CLAMP TI, 300MM DPSII / DPN",manufactured,,No Quote,False,10,0.00,0.00,0.00,5
5038,4035519,completed,0090-15277,02,"REMOTE GEN RACK, 3 CH FAB LOTO TOP PCW,",assembled,CRS,SM - Assy,True,1,6410.00,6410.00,6410.00,50
5038,4035519,completed,0090-15277,02,"REMOTE GEN RACK, 3 CH FAB LOTO TOP PCW,",assembled,CRS,SM - Assy,True,5,6410.00,32050.00,32050.00,50
5038,4035519,completed,0090-15277,02,"REMOTE GEN RACK, 3 CH FAB LOTO TOP PCW,",assembled,CRS,SM - Assy,True,10,6410.00,64100.00,64100.00,50
5038,4035519,completed,0090-15277,02,"REMOTE GEN RACK, 3 CH FAB LOTO TOP PCW,",assembled,CRS,SM - Assy,True,25,6410.00,160250.00,160250.00,50
5038,4035519,completed,0090-15277,02,"REMOTE GEN RACK, 3 CH FAB LOTO TOP PCW,",assembled,CRS,SM - Assy,True,50,6410.00,320500.00,320500.00,50
5038,4035524,completed,0090-15278,01,"REMOTE GEN RACK, 3 CH FAB LOTO TOP PCW,",assembled,CRS,SM - Assy,True,1,7180.00,7180.00,7180.00,50
5038,4035524,completed,0090-15278,01,"REMOTE GEN RACK, 3 CH FAB LOTO TOP PCW,",assembled,CRS,SM - Assy,True,5,7180.00,35900.00,35900.00,50
5038,4035524,completed,0090-15278,01,"REMOTE GEN RACK, 3 CH FAB LOTO TOP PCW,",assembled,CRS,SM - Assy,True,10,7180.00,71800.00,71800.00,50
5038,4035524,completed,0090-15278,01,"REMOTE GEN RACK, 3 CH FAB LOTO TOP PCW,",assembled,CRS,SM - Assy,True,25,7180.00,179500.00,179500.00,50
5038,4035524,completed,0090-15278,01,"REMOTE GEN RACK, 3 CH FAB LOTO TOP PCW,",assembled,CRS,SM - Assy,True,50,7180.00,359000.00,359000.00,50
5069,4069811,no_quote,116K197H02,A,"HEATSINK, PLANAR",manufactured,,,False,1260,0.00,0.00,0.00,0
5069,4069811,no_quote,116K197H02,A,"HEATSINK, PLANAR",manufactured,,,False,1890,0.00,0.00,0.00,0
5069,4069811,no_quote,116K197H02,A,"HEATSINK, PLANAR",manufactured,,,False,2520,0.00,0.00,0.00,0
5069,4069811,no_quote,116K197H02,A,"HEATSINK, PLANAR",manufactured,,,False,3150,0.00,0.00,0.00,0
5069,4069813,no_quote,120K911H01,C,"HEATSPREADER,PLANAR CORE",manufactured,,,False,180,0.00,0.00,0.00,0
5069,4069813,no_quote,120K911H01,C,"HEATSPREADER,PLANAR CORE",manufactured,,,False,270,0.00,0.00,0.00,0
5069,4069813,no_quote,120K911H01,C,"HEATSPREADER,PLANAR CORE",manufactured,,,False,360,0.00,0.00,0.00,0
5069,4069813,no_quote,120K911H01,C,"HEATSPREADER,PLANAR CORE",manufactured,,,False,450,0.00,0.00,0.00,0
5069,4069814,completed,246K898H01,C,"COVER,OUTPUT SIDE",manufactured,,,False,60,145.58,8734.80,8734.80,60
5069,4069814,completed,246K898H01,C,"COVER,OUTPUT SIDE",manufactured,,,False,90,145.58,13102.20,13102.20,60
5069,4069814,completed,246K898H01,C,"COVER,OUTPUT SIDE",manufactured,,,False,120,145.58,17469.60,17469.60,60
5069,4069814,completed,246K898H01,C,"COVER,OUTPUT SIDE",manufactured,,,False,150,145.58,21837.00,21837.00,60
5069,4069815,no_quote,248K190H01,-,"STANDOFF,HEX",manufactured,,,False,60,0.00,0.00,0.00,0
5069,4069815,no_quote,248K190H01,-,"STANDOFF,HEX",manufactured,,,False,90,0.00,0.00,0.00,0
5069,4069815,no_quote,248K190H01,-,"STANDOFF,HEX",manufactured,,,False,120,0.00,0.00,0.00,0
5069,4069815,no_quote,248K190H01,-,"STANDOFF,HEX",manufactured,,,False,150,0.00,0.00,0.00,0
5069,4069816,no_quote,820R120H04,G,"GUIDE,SHEAR PIN,PRECIPITATED",manufactured,,,False,120,0.00,0.00,0.00,0
5069,4069816,no_quote,820R120H04,G,"GUIDE,SHEAR PIN,PRECIPITATED",manufactured,,,False,180,0.00,0.00,0.00,0
5069,4069816,no_quote,820R120H04,G,"GUIDE,SHEAR PIN,PRECIPITATED",manufactured,,,False,240,0.00,0.00,0.00,0
5069,4069816,no_quote,820R120H04,G,"GUIDE,SHEAR PIN,PRECIPITATED",manufactured,,,False,300,0.00,0.00,0.00,0
5069,4069817,no_quote,821R790H01,B,OUTPUT CONNECTION STRIP,manufactured,,,False,60,0.00,0.00,0.00,0
5069,4069817,no_quote,821R790H01,B,OUTPUT CONNECTION STRIP,manufactured,,,False,90,0.00,0.00,0.00,0
5069,4069817,no_quote,821R790H01,B,OUTPUT CONNECTION STRIP,manufactured,,,False,120,0.00,0.00,0.00,0
5069,4069817,no_quote,821R790H01,B,OUTPUT CONNECTION STRIP,manufactured,,,False,150,0.00,0.00,0.00,0
5069,4069818,no_quote,821R790H02,B,OUTPUT CONNECTION STRIP,manufactured,,,False,60,0.00,0.00,0.00,0
5069,4069818,no_quote,821R790H02,B,OUTPUT CONNECTION STRIP,manufactured,,,False,90,0.00,0.00,0.00,0
5069,4069818,no_quote,821R790H02,B,OUTPUT CONNECTION STRIP,manufactured,,,False,120,0.00,0.00,0.00,0
5069,4069818,no_quote,821R790H02,B,OUTPUT CONNECTION STRIP,manufactured,,,False,150,0.00,0.00,0.00,0
5065,4069268,no_quote,0022-66943,03,"ISOLATION STRIP,CHASSIS, FIXED CATHODE,",manufactured,,NQ - Not a Core Competency,False,25,0.00,0.00,0.00,5
5065,4069271,no_quote,0022-68282,02,"CAP, SLVR PLTD, SCR INSULATOR",manufactured,,NQ - Not a Core Competency,False,125,0.00,0.00,0.00,5
5065,4069272,no_quote,0022-83443,02,"INSULATOR, FIXED MATCH, ICP, PIONEER",manufactured,,NQ - Not a Core Competency,False,25,0.00,0.00,0.00,5
5065,4069273,no_quote,0023-07247,02,"ISOLATION STRIP, DOME, ICP, PIONEER",manufactured,,NQ - Not a Core Competency,False,25,0.00,0.00,0.00,5
5065,4069274,no_quote,0042-33789,03,"SCREW, DIELECTRIC, LOW PROFILE, PIONEER",assembled,,NQ - Not a Core Competency,False,25,0.00,0.00,0.00,5
5066,4069459,no_quote,0022-02966,04,"BRACKET, TEMP CONVERTERS, DPS",manufactured,,NQ - No Capacity,False,1,0.00,0.00,0.00,5
5066,4069459,no_quote,0022-02966,04,"BRACKET, TEMP CONVERTERS, DPS",manufactured,,NQ - No Capacity,False,2,0.00,0.00,0.00,5
5066,4069459,no_quote,0022-02966,04,"BRACKET, TEMP CONVERTERS, DPS",manufactured,,NQ - No Capacity,False,3,0.00,0.00,0.00,5
5067,4069576,no_quote,0022-08124,08,"MOUNTING PLATE, I/O MODULE",manufactured,,No Quote,False,1,0.00,0.00,0.00,5
5067,4069576,no_quote,0022-08124,08,"MOUNTING PLATE, I/O MODULE",manufactured,,No Quote,False,5,0.00,0.00,0.00,5
5067,4069576,no_quote,0022-08124,08,"MOUNTING PLATE, I/O MODULE",manufactured,,No Quote,False,10,0.00,0.00,0.00,5
5067,4069576,no_quote,0022-08124,08,"MOUNTING PLATE, I/O MODULE",manufactured,,No Quote,False,15,0.00,0.00,0.00,5
5067,4069576,no_quote,0022-08124,08,"MOUNTING PLATE, I/O MODULE",manufactured,,No Quote,False,50,0.00,0.00,0.00,5
5067,4069576,no_quote,0022-08124,08,"MOUNTING PLATE, I/O MODULE",manufactured,,No Quote,False,100,0.00,0.00,0.00,5
5064,4069191,no_quote,0022-66799,03,"ISOLATION STRIP,CHASSIS, FIXED CATHODE,",manufactured,,NQ - Not a Core Competency,False,25,0.00,0.00,0.00,5
5064,4069192,no_quote,0042-35871,02,"COVER, CAP, HEATER TERMINAL, ICP, PIONEE",assembled,,NQ - Not a Core Competency,False,100,0.94,94.00,94.00,5
5064,4158784,completed,0042-61427,03,"LIFT PIN GUIDE, S1, PIONEER",manufactured,Aluminum 6061-T6,MS - Mill,True,1,2360.00,2360.00,4660.00,51
5064,4158784,completed,0042-61427,03,"LIFT PIN GUIDE, S1, PIONEER",manufactured,Aluminum 6061-T6,MS - Mill,True,3,918.00,2754.00,5054.00,51
5064,4158784,completed,0042-61427,03,"LIFT PIN GUIDE, S1, PIONEER",manufactured,Aluminum 6061-T6,MS - Mill,True,5,630.00,3150.00,5450.00,51
5064,4158784,completed,0042-61427,03,"LIFT PIN GUIDE, S1, PIONEER",manufactured,Aluminum 6061-T6,MS - Mill,True,10,414.00,4140.00,6440.00,52
5064,4158784,completed,0042-61427,03,"LIFT PIN GUIDE, S1, PIONEER",manufactured,Aluminum 6061-T6,MS - Mill,True,25,285.00,7125.00,9425.00,54
5064,4159024,completed,0042-61729,03,CATHODE PLATE,manufactured,Aluminum 6061-T6,MS - Mill,True,1,1970.00,1970.00,5670.00,52
5064,4159024,completed,0042-61729,03,CATHODE PLATE,manufactured,Aluminum 6061-T6,MS - Mill,True,3,1170.00,3510.00,7210.00,52
5064,4159024,completed,0042-61729,03,CATHODE PLATE,manufactured,Aluminum 6061-T6,MS - Mill,True,5,1010.00,5050.00,8750.00,53
5064,4159024,completed,0042-61729,03,CATHODE PLATE,manufactured,Aluminum 6061-T6,MS - Mill,True,10,883.00,8830.00,12530.00,55
5064,4159024,completed,0042-61729,03,CATHODE PLATE,manufactured,Aluminum 6061-T6,MS - Mill,True,25,811.00,20275.00,23975.00,62
5064,4159097,completed,0042-61736,03,"LIFT PIN GUIDE, S2,
PIONEER",manufactured,Aluminum 6061-T6,MS - Mill,True,1,2300.00,2300.00,4600.00,51
5064,4159097,completed,0042-61736,03,"LIFT PIN GUIDE, S2,
PIONEER",manufactured,Aluminum 6061-T6,MS - Mill,True,3,894.00,2682.00,4982.00,51
5064,4159097,completed,0042-61736,03,"LIFT PIN GUIDE, S2,
PIONEER",manufactured,Aluminum 6061-T6,MS - Mill,True,5,615.00,3075.00,5375.00,51
5064,4159097,completed,0042-61736,03,"LIFT PIN GUIDE, S2,
PIONEER",manufactured,Aluminum 6061-T6,MS - Mill,True,10,405.00,4050.00,6350.00,52
5064,4159097,completed,0042-61736,03,"LIFT PIN GUIDE, S2,
PIONEER",manufactured,Aluminum 6061-T6,MS - Mill,True,25,280.00,7000.00,9300.00,54
5073,4076961,no_quote,0042-12566,05,CHAMBER FRAME,manufactured,,No Quote,False,1,0.00,0.00,0.00,5
5073,4076961,no_quote,0042-12566,05,CHAMBER FRAME,manufactured,,No Quote,False,5,0.00,0.00,0.00,5
5073,4076961,no_quote,0042-12566,05,CHAMBER FRAME,manufactured,,No Quote,False,10,0.00,0.00,0.00,5
5073,4076961,no_quote,0042-12566,05,CHAMBER FRAME,manufactured,,No Quote,False,20,0.00,0.00,0.00,5
5073,4076961,no_quote,0042-12566,05,CHAMBER FRAME,manufactured,,No Quote,False,50,0.00,0.00,0.00,5
5073,4076961,no_quote,0042-12566,05,CHAMBER FRAME,manufactured,,No Quote,False,100,0.00,0.00,0.00,5
5071,4071028,no_quote,0020-22303,BA,ROTATION FLAG LEFT,manufactured,,NQ - Not a Core Competency,False,1,0.00,0.00,0.00,5
5071,4071028,no_quote,0020-22303,BA,ROTATION FLAG LEFT,manufactured,,NQ - Not a Core Competency,False,50,0.00,0.00,0.00,5
5068,4069678,completed,0023-22307,03,BUS BAR 19 POSITION NUMBER 10 AND 1/4 GN,manufactured,Copper 110,MS - Mill,True,8,310.00,2480.00,3580.00,44
5068,4069678,completed,0023-22307,03,BUS BAR 19 POSITION NUMBER 10 AND 1/4 GN,manufactured,Copper 110,MS - Mill,True,16,241.00,3856.00,4956.00,45
5068,4069678,completed,0023-22307,03,BUS BAR 19 POSITION NUMBER 10 AND 1/4 GN,manufactured,Copper 110,MS - Mill,True,32,208.00,6656.00,7756.00,48
5076,4082009,no_quote,0041-79989,05,"COVER, AC BOX, CVD
ENDURA2, REPACK2",manufactured,,No Quote,False,1,0.00,0.00,0.00,5
5076,4082009,no_quote,0041-79989,05,"COVER, AC BOX, CVD
ENDURA2, REPACK2",manufactured,,No Quote,False,25,0.00,0.00,0.00,5
5076,4082009,no_quote,0041-79989,05,"COVER, AC BOX, CVD
ENDURA2, REPACK2",manufactured,,No Quote,False,50,0.00,0.00,0.00,5
5076,4082009,no_quote,0041-79989,05,"COVER, AC BOX, CVD
ENDURA2, REPACK2",manufactured,,No Quote,False,100,0.00,0.00,0.00,5
5076,4082010,no_quote,0015-04468,02,"MOUNT DIN RAIL SLOTTED
35MM X 7.5MM 25.7MM
LG STL ZINC-PLT",manufactured,,No Quote,False,1,0.00,0.00,0.00,5
5076,4082010,no_quote,0015-04468,02,"MOUNT DIN RAIL SLOTTED
35MM X 7.5MM 25.7MM
LG STL ZINC-PLT",manufactured,,No Quote,False,25,0.00,0.00,0.00,5
5076,4082010,no_quote,0015-04468,02,"MOUNT DIN RAIL SLOTTED
35MM X 7.5MM 25.7MM
LG STL ZINC-PLT",manufactured,,No Quote,False,50,0.00,0.00,0.00,5
5076,4082010,no_quote,0015-04468,02,"MOUNT DIN RAIL SLOTTED
35MM X 7.5MM 25.7MM
LG STL ZINC-PLT",manufactured,,No Quote,False,100,0.00,0.00,0.00,5
5076,4082011,no_quote,0022-15932,02,"PANEL, FRONT, sCIOC AREA, REPACK2",manufactured,,No Quote,False,1,0.00,0.00,0.00,5
5076,4082011,no_quote,0022-15932,02,"PANEL, FRONT, sCIOC AREA, REPACK2",manufactured,,No Quote,False,25,0.00,0.00,0.00,5
5076,4082011,no_quote,0022-15932,02,"PANEL, FRONT, sCIOC AREA, REPACK2",manufactured,,No Quote,False,50,0.00,0.00,0.00,5
5076,4082011,no_quote,0022-15932,02,"PANEL, FRONT, sCIOC AREA, REPACK2",manufactured,,No Quote,False,100,0.00,0.00,0.00,5
5076,4082012,no_quote,0041-79987,05,"FLOOR PANEL, sCIOC
AREA, REPACK2",manufactured,,No Quote,False,1,0.00,0.00,0.00,5
5076,4082012,no_quote,0041-79987,05,"FLOOR PANEL, sCIOC
AREA, REPACK2",manufactured,,No Quote,False,25,0.00,0.00,0.00,5
5076,4082012,no_quote,0041-79987,05,"FLOOR PANEL, sCIOC
AREA, REPACK2",manufactured,,No Quote,False,50,0.00,0.00,0.00,5
5076,4082012,no_quote,0041-79987,05,"FLOOR PANEL, sCIOC
AREA, REPACK2",manufactured,,No Quote,False,100,0.00,0.00,0.00,5
5076,4082013,no_quote,0041-79988,05,"FLOOR PANEL, sCIOC
AREA, REPACK2",manufactured,,No Quote,False,1,0.00,0.00,0.00,5
5076,4082013,no_quote,0041-79988,05,"FLOOR PANEL, sCIOC
AREA, REPACK2",manufactured,,No Quote,False,25,0.00,0.00,0.00,5
5076,4082013,no_quote,0041-79988,05,"FLOOR PANEL, sCIOC
AREA, REPACK2",manufactured,,No Quote,False,50,0.00,0.00,0.00,5
5076,4082013,no_quote,0041-79988,05,"FLOOR PANEL, sCIOC
AREA, REPACK2",manufactured,,No Quote,False,100,0.00,0.00,0.00,5
5076,4082014,no_quote,0041-86737,04,"BRACKET, sCIOC/DCPS,
REPACK2",manufactured,,No Quote,False,1,0.00,0.00,0.00,5
5076,4082014,no_quote,0041-86737,04,"BRACKET, sCIOC/DCPS,
REPACK2",manufactured,,No Quote,False,25,0.00,0.00,0.00,5
5076,4082014,no_quote,0041-86737,04,"BRACKET, sCIOC/DCPS,
REPACK2",manufactured,,No Quote,False,50,0.00,0.00,0.00,5
5076,4082014,no_quote,0041-86737,04,"BRACKET, sCIOC/DCPS,
REPACK2",manufactured,,No Quote,False,100,0.00,0.00,0.00,5
5075,4078177,completed,74A182320-2006,F,"FAIRING,AIRCRAFT,AI",manufactured,Stainless Steel 17-7,SM - Piece (combo),True,29,603.00,17487.00,17487.00,100
5079,4082466,no_quote,0010-62601,04,RF COVER,assembled,,NQ - Not a Core Competency,False,1,0.00,0.00,0.00,5
5079,4082466,no_quote,0010-62601,04,RF COVER,assembled,,NQ - Not a Core Competency,False,5,0.00,0.00,0.00,5
5079,4082466,no_quote,0010-62601,04,RF COVER,assembled,,NQ - Not a Core Competency,False,10,0.00,0.00,0.00,5
5079,4082466,no_quote,0010-62601,04,RF COVER,assembled,,NQ - Not a Core Competency,False,20,0.00,0.00,0.00,5
5079,4082466,no_quote,0010-62601,04,RF COVER,assembled,,NQ - Not a Core Competency,False,50,0.00,0.00,0.00,5
5070,4070059,completed,103K554G01,B,"CLAMP,CONNECTOR",manufactured,Aluminum 6061-T6,MS - Mill,True,1,982.00,982.00,1982.00,61
5070,4070059,completed,103K554G01,B,"CLAMP,CONNECTOR",manufactured,Aluminum 6061-T6,MS - Mill,True,5,243.00,1215.00,2215.00,61
5070,4070059,completed,103K554G01,B,"CLAMP,CONNECTOR",manufactured,Aluminum 6061-T6,MS - Mill,True,10,150.00,1500.00,2500.00,62
5070,4070059,completed,103K554G01,B,"CLAMP,CONNECTOR",manufactured,Aluminum 6061-T6,MS - Mill,True,25,94.52,2363.00,3363.00,63
5070,4070059,completed,103K554G01,B,"CLAMP,CONNECTOR",manufactured,Aluminum 6061-T6,MS - Mill,True,60,72.27,4336.20,4336.20,65
5070,4070059,completed,103K554G01,B,"CLAMP,CONNECTOR",manufactured,Aluminum 6061-T6,MS - Mill,True,150,63.65,9547.50,9547.50,70
5070,4070059,completed,103K554G01,B,"CLAMP,CONNECTOR",manufactured,Aluminum 6061-T6,MS - Mill,True,230,61.83,14220.90,14220.90,75
5070,4070059,completed,103K554G01,B,"CLAMP,CONNECTOR",manufactured,Aluminum 6061-T6,MS - Mill,True,306,61.00,18666.00,18666.00,80
5070,4070060,no_quote,116K197H02,A,"HEATSINK, PLANAR",manufactured,,,False,21,0.00,0.00,0.00,0
5070,4070060,no_quote,116K197H02,A,"HEATSINK, PLANAR",manufactured,,,False,105,0.00,0.00,0.00,0
5070,4070060,no_quote,116K197H02,A,"HEATSINK, PLANAR",manufactured,,,False,210,0.00,0.00,0.00,0
5070,4070060,no_quote,116K197H02,A,"HEATSINK, PLANAR",manufactured,,,False,525,0.00,0.00,0.00,0
5070,4070060,no_quote,116K197H02,A,"HEATSINK, PLANAR",manufactured,,,False,1260,0.00,0.00,0.00,0
5070,4070060,no_quote,116K197H02,A,"HEATSINK, PLANAR",manufactured,,,False,1617,0.00,0.00,0.00,0
5070,4070060,no_quote,116K197H02,A,"HEATSINK, PLANAR",manufactured,,,False,1890,0.00,0.00,0.00,0
5070,4070060,no_quote,116K197H02,A,"HEATSINK, PLANAR",manufactured,,,False,2520,0.00,0.00,0.00,0
5070,4070061,no_quote,120K911H01,C,"HEATSPREADER,PLANAR CORE",manufactured,,,False,3,0.00,0.00,0.00,0
5070,4070061,no_quote,120K911H01,C,"HEATSPREADER,PLANAR CORE",manufactured,,,False,15,0.00,0.00,0.00,0
5070,4070061,no_quote,120K911H01,C,"HEATSPREADER,PLANAR CORE",manufactured,,,False,30,0.00,0.00,0.00,0
5070,4070061,no_quote,120K911H01,C,"HEATSPREADER,PLANAR CORE",manufactured,,,False,75,0.00,0.00,0.00,0
5070,4070061,no_quote,120K911H01,C,"HEATSPREADER,PLANAR CORE",manufactured,,,False,180,0.00,0.00,0.00,0
5070,4070061,no_quote,120K911H01,C,"HEATSPREADER,PLANAR CORE",manufactured,,,False,231,0.00,0.00,0.00,0
5070,4070061,no_quote,120K911H01,C,"HEATSPREADER,PLANAR CORE",manufactured,,,False,270,0.00,0.00,0.00,0
5070,4070061,no_quote,120K911H01,C,"HEATSPREADER,PLANAR CORE",manufactured,,,False,360,0.00,0.00,0.00,0
5070,4070065,completed,246K898H01,C,"COVER,OUTPUT SIDE",manufactured,Aluminum 6061-T6,MS - Mill,True,1,2050.00,2050.00,2050.00,37
5070,4070065,completed,246K898H01,C,"COVER,OUTPUT SIDE",manufactured,Aluminum 6061-T6,MS - Mill,True,5,517.00,2585.00,2585.00,37
5070,4070065,completed,246K898H01,C,"COVER,OUTPUT SIDE",manufactured,Aluminum 6061-T6,MS - Mill,True,10,329.00,3290.00,3290.00,38
5070,4070065,completed,246K898H01,C,"COVER,OUTPUT SIDE",manufactured,Aluminum 6061-T6,MS - Mill,True,25,215.00,5375.00,5375.00,40
5070,4070065,completed,246K898H01,C,"COVER,OUTPUT SIDE",manufactured,Aluminum 6061-T6,MS - Mill,True,60,169.00,10140.00,10140.00,44
5070,4070065,completed,246K898H01,C,"COVER,OUTPUT SIDE",manufactured,Aluminum 6061-T6,MS - Mill,True,77,162.00,12474.00,12474.00,46
5070,4070065,completed,246K898H01,C,"COVER,OUTPUT SIDE",manufactured,Aluminum 6061-T6,MS - Mill,True,90,159.00,14310.00,14310.00,47
5070,4070065,completed,246K898H01,C,"COVER,OUTPUT SIDE",manufactured,Aluminum 6061-T6,MS - Mill,True,120,157.00,18840.00,18840.00,51
5070,4070066,completed,246K899H01,D,"COVER,INPUT SIDE",manufactured,,,False,1,0.00,0.00,0.00,0
5070,4070066,completed,246K899H01,D,"COVER,INPUT SIDE",manufactured,,,False,5,0.00,0.00,0.00,0
5070,4070066,completed,246K899H01,D,"COVER,INPUT SIDE",manufactured,,,False,10,0.00,0.00,0.00,0
5070,4070066,completed,246K899H01,D,"COVER,INPUT SIDE",manufactured,,,False,25,0.00,0.00,0.00,0
5070,4070066,completed,246K899H01,D,"COVER,INPUT SIDE",manufactured,,,False,60,0.00,0.00,0.00,0
5070,4070066,completed,246K899H01,D,"COVER,INPUT SIDE",manufactured,,,False,77,0.00,0.00,0.00,0
5070,4070066,completed,246K899H01,D,"COVER,INPUT SIDE",manufactured,,,False,90,0.00,0.00,0.00,0
5070,4070066,completed,246K899H01,D,"COVER,INPUT SIDE",manufactured,,,False,120,0.00,0.00,0.00,0
5070,4070067,no_quote,248K190H01,-,"STANDOFF,HEX",manufactured,,,False,1,0.00,0.00,0.00,0
5070,4070067,no_quote,248K190H01,-,"STANDOFF,HEX",manufactured,,,False,5,0.00,0.00,0.00,0
5070,4070067,no_quote,248K190H01,-,"STANDOFF,HEX",manufactured,,,False,10,0.00,0.00,0.00,0
5070,4070067,no_quote,248K190H01,-,"STANDOFF,HEX",manufactured,,,False,25,0.00,0.00,0.00,0
5070,4070067,no_quote,248K190H01,-,"STANDOFF,HEX",manufactured,,,False,60,0.00,0.00,0.00,0
5070,4070067,no_quote,248K190H01,-,"STANDOFF,HEX",manufactured,,,False,77,0.00,0.00,0.00,0
5070,4070067,no_quote,248K190H01,-,"STANDOFF,HEX",manufactured,,,False,90,0.00,0.00,0.00,0
5070,4070067,no_quote,248K190H01,-,"STANDOFF,HEX",manufactured,,,False,120,0.00,0.00,0.00,0
5070,4070070,no_quote,817R711H02,B,INJECTOR-EJECTOR,manufactured,,,False,2,0.00,0.00,0.00,0
5070,4070070,no_quote,817R711H02,B,INJECTOR-EJECTOR,manufactured,,,False,10,0.00,0.00,0.00,0
5070,4070070,no_quote,817R711H02,B,INJECTOR-EJECTOR,manufactured,,,False,20,0.00,0.00,0.00,0
5070,4070070,no_quote,817R711H02,B,INJECTOR-EJECTOR,manufactured,,,False,50,0.00,0.00,0.00,0
5070,4070070,no_quote,817R711H02,B,INJECTOR-EJECTOR,manufactured,,,False,120,0.00,0.00,0.00,0
5070,4070070,no_quote,817R711H02,B,INJECTOR-EJECTOR,manufactured,,,False,154,0.00,0.00,0.00,0
5070,4070070,no_quote,817R711H02,B,INJECTOR-EJECTOR,manufactured,,,False,180,0.00,0.00,0.00,0
5070,4070070,no_quote,817R711H02,B,INJECTOR-EJECTOR,manufactured,,,False,240,0.00,0.00,0.00,0
5070,4070072,no_quote,820R120H04,G,"GUIDE,SHEAR PIN,PRECIPITATED",manufactured,,,False,2,0.00,0.00,0.00,0
5070,4070072,no_quote,820R120H04,G,"GUIDE,SHEAR PIN,PRECIPITATED",manufactured,,,False,10,0.00,0.00,0.00,0
5070,4070072,no_quote,820R120H04,G,"GUIDE,SHEAR PIN,PRECIPITATED",manufactured,,,False,20,0.00,0.00,0.00,0
5070,4070072,no_quote,820R120H04,G,"GUIDE,SHEAR PIN,PRECIPITATED",manufactured,,,False,50,0.00,0.00,0.00,0
5070,4070072,no_quote,820R120H04,G,"GUIDE,SHEAR PIN,PRECIPITATED",manufactured,,,False,120,0.00,0.00,0.00,0
5070,4070072,no_quote,820R120H04,G,"GUIDE,SHEAR PIN,PRECIPITATED",manufactured,,,False,154,0.00,0.00,0.00,0
5070,4070072,no_quote,820R120H04,G,"GUIDE,SHEAR PIN,PRECIPITATED",manufactured,,,False,180,0.00,0.00,0.00,0
5070,4070072,no_quote,820R120H04,G,"GUIDE,SHEAR PIN,PRECIPITATED",manufactured,,,False,240,0.00,0.00,0.00,0
5070,4070074,no_quote,821R273H01,C,"BLADE,CONNECTOR",manufactured,,,False,2,0.00,0.00,0.00,0
5070,4070074,no_quote,821R273H01,C,"BLADE,CONNECTOR",manufactured,,,False,10,0.00,0.00,0.00,0
5070,4070074,no_quote,821R273H01,C,"BLADE,CONNECTOR",manufactured,,,False,20,0.00,0.00,0.00,0
5070,4070074,no_quote,821R273H01,C,"BLADE,CONNECTOR",manufactured,,,False,50,0.00,0.00,0.00,0
5070,4070074,no_quote,821R273H01,C,"BLADE,CONNECTOR",manufactured,,,False,120,0.00,0.00,0.00,0
5070,4070074,no_quote,821R273H01,C,"BLADE,CONNECTOR",manufactured,,,False,154,0.00,0.00,0.00,0
5070,4070074,no_quote,821R273H01,C,"BLADE,CONNECTOR",manufactured,,,False,180,0.00,0.00,0.00,0
5070,4070074,no_quote,821R273H01,C,"BLADE,CONNECTOR",manufactured,,,False,240,0.00,0.00,0.00,0
5070,4070077,no_quote,821R790H01,B,OUTPUT CONNECTION STRIP,manufactured,,,False,1,0.00,0.00,0.00,0
5070,4070077,no_quote,821R790H01,B,OUTPUT CONNECTION STRIP,manufactured,,,False,5,0.00,0.00,0.00,0
5070,4070077,no_quote,821R790H01,B,OUTPUT CONNECTION STRIP,manufactured,,,False,10,0.00,0.00,0.00,0
5070,4070077,no_quote,821R790H01,B,OUTPUT CONNECTION STRIP,manufactured,,,False,25,0.00,0.00,0.00,0
5070,4070077,no_quote,821R790H01,B,OUTPUT CONNECTION STRIP,manufactured,,,False,60,0.00,0.00,0.00,0
5070,4070077,no_quote,821R790H01,B,OUTPUT CONNECTION STRIP,manufactured,,,False,77,0.00,0.00,0.00,0
5070,4070077,no_quote,821R790H01,B,OUTPUT CONNECTION STRIP,manufactured,,,False,90,0.00,0.00,0.00,0
5070,4070077,no_quote,821R790H01,B,OUTPUT CONNECTION STRIP,manufactured,,,False,120,0.00,0.00,0.00,0
5070,4070079,no_quote,821R790H02,B,OUTPUT CONNECTION STRIP,manufactured,,,False,1,0.00,0.00,0.00,0
5070,4070079,no_quote,821R790H02,B,OUTPUT CONNECTION STRIP,manufactured,,,False,5,0.00,0.00,0.00,0
5070,4070079,no_quote,821R790H02,B,OUTPUT CONNECTION STRIP,manufactured,,,False,10,0.00,0.00,0.00,0
5070,4070079,no_quote,821R790H02,B,OUTPUT CONNECTION STRIP,manufactured,,,False,25,0.00,0.00,0.00,0
5070,4070079,no_quote,821R790H02,B,OUTPUT CONNECTION STRIP,manufactured,,,False,60,0.00,0.00,0.00,0
5070,4070079,no_quote,821R790H02,B,OUTPUT CONNECTION STRIP,manufactured,,,False,77,0.00,0.00,0.00,0
5070,4070079,no_quote,821R790H02,B,OUTPUT CONNECTION STRIP,manufactured,,,False,90,0.00,0.00,0.00,0
5070,4070079,no_quote,821R790H02,B,OUTPUT CONNECTION STRIP,manufactured,,,False,120,0.00,0.00,0.00,0
5074,4077225,no_quote,0041-87911,03,"ELECTRODE ENCLOSURE, RF-ASSY W/FAN LID M",assembled,,NQ - Not a Core Competency,False,1,0.00,0.00,0.00,5
5074,4077225,no_quote,0041-87911,03,"ELECTRODE ENCLOSURE, RF-ASSY W/FAN LID M",assembled,,NQ - Not a Core Competency,False,5,0.00,0.00,0.00,5
5074,4077225,no_quote,0041-87911,03,"ELECTRODE ENCLOSURE, RF-ASSY W/FAN LID M",assembled,,NQ - Not a Core Competency,False,10,0.00,0.00,0.00,5
5074,4077225,no_quote,0041-87911,03,"ELECTRODE ENCLOSURE, RF-ASSY W/FAN LID M",assembled,,NQ - Not a Core Competency,False,15,0.00,0.00,0.00,5
5074,4077225,no_quote,0041-87911,03,"ELECTRODE ENCLOSURE, RF-ASSY W/FAN LID M",assembled,,NQ - Not a Core Competency,False,20,0.00,0.00,0.00,5
5072,4076878,completed,0042-12566,05,CHAMBER FRAME,assembled,CRS,SM - Assy,True,1,11800.00,11800.00,14200.00,62
5072,4076878,completed,0042-12566,05,CHAMBER FRAME,assembled,CRS,SM - Assy,True,5,4900.00,24500.00,26900.00,71
5072,4076878,completed,0042-12566,05,CHAMBER FRAME,assembled,CRS,SM - Assy,True,10,4040.00,40400.00,42800.00,82
5072,4076878,completed,0042-12566,05,CHAMBER FRAME,assembled,CRS,SM - Assy,True,20,3600.00,72000.00,74400.00,109
5072,4076878,completed,0042-12566,05,CHAMBER FRAME,assembled,CRS,SM - Assy,True,50,3340.00,167000.00,167000.00,183
5084,4086515,no_quote,74B120057-1001,B,JUMPER CABLE,manufactured,,,False,16,0.00,0.00,0.00,0
5078,4082312,no_quote,0042-97205,01,"INTERFACE PANEL, CONTROLLER RACK, ENDURA",assembled,,No Quote,False,2,0.00,0.00,0.00,5
5078,4082314,no_quote,0011-04328,02,"ASSY, BNC CONNECTOR BOX",manufactured,,No Quote,False,5,0.00,0.00,0.00,5
5078,4082313,no_quote,0042-97658,02,"MICRONODE MOUNTING PLATE, GEN RACK, ENDU",assembled,,No Quote,False,2,0.00,0.00,0.00,5
5081,4082568,completed,035400,A,BLOCK SLIDER,manufactured,PEEK,MS - Mill,True,160,42.46,6793.60,7393.60,50
5081,4082570,completed,035419,A,BLOCK BUMPER,manufactured,PEEK,MS - Lathe,True,210,24.36,5115.60,5715.60,49
5077,4144359,completed,0042-96990,02,"BRACKET , MOUNTING ,
IR SENSOR, CMP MIRRA",manufactured,Stainless Steel 304L,SM - Piece W/HDWE,True,20,55.40,1108.00,1708.00,48
5080,4082521,no_quote,0042-14065,02,"SUPPORTED FACEPLATE,
250C ,FLAT, IEP, LARGE
ELEC, UX CIP, PRODUCER G-GT",assembled,,NQ - Not a Core Competency,False,8,1.08,8.64,8.64,5
5080,4083139,no_quote,0042-97308,02,"HOLDER, FLOW THRU ASSY",assembled,,,False,4,0.00,0.00,0.00,0
5080,4083140,no_quote,0023-21635,04,FLOW THRU BLOCK HOLDER,manufactured,,,False,4,0.00,0.00,0.00,0
5080,4083141,no_quote,0023-21808,01,STOPPER CLAMP,manufactured,,,False,4,0.00,0.00,0.00,0
5080,4083487,no_quote,3880-01249,10,,purchased,,Purchased Components,False,24,0.02,0.48,0.48,750
5080,4083143,no_quote,3690-07435,01,SCR CAP SKT HD M4 X 12MM ZINC PLATED,manufactured,,,False,24,0.00,0.00,0.00,0
5080,4083144,no_quote,3691-00029,00,SCR CAP SKT HEX HD M4X14MML HEX SKT SST SLVR-PLATE,manufactured,,,False,16,0.00,0.00,0.00,0
5080,4083145,no_quote,3880-00245,03,WSHR FLAT M6 SST,manufactured,,,False,16,0.00,0.00,0.00,0
5080,4083146,no_quote,3690-90437,02,SCREW.SKT.CAP.HD.SST.M6X2,manufactured,,,False,16,0.00,0.00,0.00,0
5080,4083147,no_quote,0023-21638,01,"PLATE, AL. 5052-H32, 6MM THK",manufactured,,,False,2,0.00,0.00,0.00,0
5080,4083510,no_quote,3840-01115,02,TAPESILICONE 38W X 18THK,purchased,,Purchased Components,False,2,0.28,0.56,0.56,600
5080,4083149,no_quote,3690-02406,06,SCR FLAT HD M4X.07 8LG HEX SKT 90DEG ISO10642DIN7991 A2(304)SST PASSIVATED,manufactured,,,False,4,0.00,0.00,0.00,0
5086,4088747,completed,036000,-,BALANCE WEIGHT,manufactured,Stainless Steel 304,SM - Piece,True,60,37.30,2238.00,2658.00,51
5082,4083810,completed,0042-34479,03,"MANIFOLD, PUMPING
PLENUM, LHS, MSC,
PRODUCER GT",manufactured,Aluminum 6061-T6,MS - Mill,True,1,1370.00,1370.00,2670.00,58
5082,4083810,completed,0042-34479,03,"MANIFOLD, PUMPING
PLENUM, LHS, MSC,
PRODUCER GT",manufactured,Aluminum 6061-T6,MS - Mill,True,5,387.00,1935.00,3235.00,58
5082,4083810,completed,0042-34479,03,"MANIFOLD, PUMPING
PLENUM, LHS, MSC,
PRODUCER GT",manufactured,Aluminum 6061-T6,MS - Mill,True,10,271.00,2710.00,4010.00,59
5091,4096108,no_quote,204-001-617-001,E,TUBE ASSY,manufactured,,,False,3,0.00,0.00,0.00,0
5092,4105033,completed,494Z3591-1,-,Shield - Underwing Fairing INT,manufactured,,,False,756,0.00,0.00,0.00,0
5092,4105037,completed,494Z3591-2,-,Shield - Underwing Fairing INT,manufactured,,,False,756,0.00,0.00,0.00,0
5088,4095452,no_quote,0041-33376,04,"PLATE, LEVELING, WET ROBOT, CLEANER",assembled,,No Quote,False,1,0.00,0.00,0.00,5
5088,4095452,no_quote,0041-33376,04,"PLATE, LEVELING, WET ROBOT, CLEANER",assembled,,No Quote,False,3,0.00,0.00,0.00,5
5088,4095452,no_quote,0041-33376,04,"PLATE, LEVELING, WET ROBOT, CLEANER",assembled,,No Quote,False,5,0.00,0.00,0.00,5
5088,4095452,no_quote,0041-33376,04,"PLATE, LEVELING, WET ROBOT, CLEANER",assembled,,No Quote,False,10,0.00,0.00,0.00,5
5088,4095452,no_quote,0041-33376,04,"PLATE, LEVELING, WET ROBOT, CLEANER",assembled,,No Quote,False,15,0.00,0.00,0.00,5
5088,4095452,no_quote,0041-33376,04,"PLATE, LEVELING, WET ROBOT, CLEANER",assembled,,No Quote,False,20,0.00,0.00,0.00,5
5088,4095452,no_quote,0041-33376,04,"PLATE, LEVELING, WET ROBOT, CLEANER",assembled,,No Quote,False,30,0.00,0.00,0.00,5
5087,4095243,no_quote,0270-12315,01,"BLANK OFF/LEAK CHECK FIXTURE, CHAMBER BODY/ LID STACK MR1237",manufactured,,No Quote,False,1,0.00,0.00,0.00,5
5087,4095243,no_quote,0270-12315,01,"BLANK OFF/LEAK CHECK FIXTURE, CHAMBER BODY/ LID STACK MR1237",manufactured,,No Quote,False,5,0.00,0.00,0.00,5
5087,4095243,no_quote,0270-12315,01,"BLANK OFF/LEAK CHECK FIXTURE, CHAMBER BODY/ LID STACK MR1237",manufactured,,No Quote,False,10,0.00,0.00,0.00,5
5087,4128340,no_quote,,,,assembled,,No Quote,False,1,3.68,3.68,3.68,5
5087,4128340,no_quote,,,,assembled,,No Quote,False,5,3.68,18.40,18.40,5
5087,4128340,no_quote,,,,assembled,,No Quote,False,10,3.68,36.80,36.80,5
5089,4095622,no_quote,0023-05241,02,"COVER BEARING UNIT, UNIFORMITY PIONEER 2",manufactured,,No Quote,False,100,0.00,0.00,0.00,5
5089,4095623,no_quote,0042-50379,03,"BRKT, IHC GAS STICK, SIDE 2, PIONEER",assembled,,No Quote,False,25,0.00,0.00,0.00,5
5089,4095621,no_quote,0023-03248,01,"PLATE,MOXA MOUNTING,PIONEER 2.0",manufactured,,No Quote,False,25,0.00,0.00,0.00,5
5089,4095628,no_quote,0042-81653,02,"COVER, UNIFORMITY , BELT DRIVE, ICP PION",assembled,,No Quote,False,50,0.00,0.00,0.00,5
5089,4095624,no_quote,0042-60634,03,"HORIZONTAL SUPPORT, RF MATCH, LOWER CLEA",assembled,,No Quote,False,25,6.18,154.50,154.50,5
5089,4095625,no_quote,0042-61189,02,"BRKT, SHEILD, IHC GAS STICK, SIDE 2, PIO",assembled,,No Quote,False,25,0.00,0.00,0.00,5
5089,4095627,no_quote,0042-61190,03,,assembled,,No Quote,False,25,0.00,0.00,0.00,5
5095,4097348,completed,512-030-130-615,-,"CAP, PITOT MOUNT",assembled,Alloy Steel 4130,MS - Mill,True,40,362.00,14480.00,14480.00,70
5094,4097316,completed,512-030-600-465,-,SUPPORT ASSY EXTERNAL FILTER,assembled,Aluminum 6061,SM - Assy,True,14,459.00,6426.00,6426.00,70
5097,4097458,completed,512-060-663-101,A,Doubler,manufactured,Titanium Grade 1,SM - Piece,True,33,144.00,4752.00,4752.00,60
5093,4097159,completed,512-030-111-189,-,"DOUBLER, PITOT MOUNT - PILOT",manufactured,Stainless Steel 321,SM - Piece,True,4,1211.00,4844.00,4844.00,60
5093,4097164,completed,512-030-111-185,-,"DOUBLER, PITOT MOUNT - COPILOT",manufactured,Stainless Steel 321,SM - Piece,True,4,1211.00,4844.00,4844.00,60
5093,4097166,completed,512-030-111-187,-,"DOUBLER, PITOT MOUNT - STBY",manufactured,Stainless Steel 321,SM - Piece,True,4,1211.00,4844.00,4844.00,60
5098,4099924,completed,512-030-500-267,-,"FITTING ASSY, COWL LATCH - FWD",manufactured,Stainless Steel 17-4,MS  - Assy,True,24,547.00,13128.00,13128.00,70
5099,4100046,completed,512-030-111-197,-,BRACKET. SPRING ATTACH,manufactured,Aluminum 2024-T3,SM - Piece,True,7,246.00,1722.00,1722.00,60
5090,4095896,completed,D4369746-1,-,BUS BAR,manufactured,Copper 110,SM - Piece,True,2,1207.00,2414.00,3014.00,51
5090,4095896,completed,D4369746-1,-,BUS BAR,manufactured,Copper 110,SM - Piece,True,4,625.00,2500.00,3100.00,51
5090,4095896,completed,D4369746-1,-,BUS BAR,manufactured,Copper 110,SM - Piece,True,10,273.00,2730.00,3330.00,51
5090,4095896,completed,D4369746-1,-,BUS BAR,manufactured,Copper 110,SM - Piece,True,20,156.00,3120.00,3720.00,51
5090,4095896,completed,D4369746-1,-,BUS BAR,manufactured,Copper 110,SM - Piece,True,50,87.89,4394.50,4394.50,52
5090,4095896,completed,D4369746-1,-,BUS BAR,manufactured,Copper 110,SM - Piece,True,66,83.99,5543.34,5543.34,52
5090,4095896,completed,D4369746-1,-,BUS BAR,manufactured,Copper 110,SM - Piece,True,86,76.65,6591.90,6591.90,52
5090,4095897,completed,D4498168-1,A,"COVER, BACK",manufactured,Aluminum 5052-H32,SM - Piece,True,1,1755.00,1755.00,1755.00,60
5090,4095897,completed,D4498168-1,A,"COVER, BACK",manufactured,Aluminum 5052-H32,SM - Piece,True,2,963.00,1926.00,1926.00,60
5090,4095897,completed,D4498168-1,A,"COVER, BACK",manufactured,Aluminum 5052-H32,SM - Piece,True,5,472.00,2360.00,2360.00,60
5090,4095897,completed,D4498168-1,A,"COVER, BACK",manufactured,Aluminum 5052-H32,SM - Piece,True,10,309.00,3090.00,3090.00,60
5090,4095897,completed,D4498168-1,A,"COVER, BACK",manufactured,Aluminum 5052-H32,SM - Piece,True,25,214.00,5350.00,5350.00,60
5090,4095897,completed,D4498168-1,A,"COVER, BACK",manufactured,Aluminum 5052-H32,SM - Piece,True,33,201.00,6633.00,6633.00,60
5090,4095897,completed,D4498168-1,A,"COVER, BACK",manufactured,Aluminum 5052-H32,SM - Piece,True,43,191.00,8213.00,8213.00,60
5090,4095898,completed,D4498196-1,-,BASEPLATE ASSY,assembled,Aluminum 6061-T6,MS - Mill,True,1,2630.00,2630.00,5090.00,60
5090,4095898,completed,D4498196-1,-,BASEPLATE ASSY,assembled,Aluminum 6061-T6,MS - Mill,True,2,1600.00,3200.00,5660.00,60
5090,4095898,completed,D4498196-1,-,BASEPLATE ASSY,assembled,Aluminum 6061-T6,MS - Mill,True,5,847.00,4235.00,6695.00,60
5090,4095898,completed,D4498196-1,-,BASEPLATE ASSY,assembled,Aluminum 6061-T6,MS - Mill,True,10,550.00,5500.00,7960.00,60
5090,4095898,completed,D4498196-1,-,BASEPLATE ASSY,assembled,Aluminum 6061-T6,MS - Mill,True,25,408.00,10200.00,12660.00,60
5090,4095898,completed,D4498196-1,-,BASEPLATE ASSY,assembled,Aluminum 6061-T6,MS - Mill,True,33,387.00,12771.00,15231.00,60
5090,4095898,completed,D4498196-1,-,BASEPLATE ASSY,assembled,Aluminum 6061-T6,MS - Mill,True,43,372.00,15996.00,18456.00,60
5090,4095899,completed,D4553720-1,-,"COVER, FRONT",manufactured,Aluminum 5052-H32,NQ - No Capacity,True,1,1871.00,1871.00,1871.00,60
5090,4095899,completed,D4553720-1,-,"COVER, FRONT",manufactured,Aluminum 5052-H32,NQ - No Capacity,True,2,1026.00,2052.00,2052.00,60
5090,4095899,completed,D4553720-1,-,"COVER, FRONT",manufactured,Aluminum 5052-H32,NQ - No Capacity,True,5,503.00,2515.00,2515.00,60
5090,4095899,completed,D4553720-1,-,"COVER, FRONT",manufactured,Aluminum 5052-H32,NQ - No Capacity,True,10,317.00,3170.00,3170.00,60
5090,4095899,completed,D4553720-1,-,"COVER, FRONT",manufactured,Aluminum 5052-H32,NQ - No Capacity,True,25,216.00,5400.00,5400.00,60
5090,4095899,completed,D4553720-1,-,"COVER, FRONT",manufactured,Aluminum 5052-H32,NQ - No Capacity,True,33,198.00,6534.00,6534.00,60
5090,4095899,completed,D4553720-1,-,"COVER, FRONT",manufactured,Aluminum 5052-H32,NQ - No Capacity,True,43,188.00,8084.00,8084.00,60
5090,4095900,completed,H374906-1,B,BRACKET CONNECTOR,manufactured,Aluminum 5052-H32,SM - Piece,True,1,1607.00,1607.00,2207.00,48
5090,4095900,completed,H374906-1,B,BRACKET CONNECTOR,manufactured,Aluminum 5052-H32,SM - Piece,True,2,831.00,1662.00,2262.00,48
5090,4095900,completed,H374906-1,B,BRACKET CONNECTOR,manufactured,Aluminum 5052-H32,SM - Piece,True,5,351.00,1755.00,2355.00,49
5090,4095900,completed,H374906-1,B,BRACKET CONNECTOR,manufactured,Aluminum 5052-H32,SM - Piece,True,10,192.00,1920.00,2520.00,49
5090,4095900,completed,H374906-1,B,BRACKET CONNECTOR,manufactured,Aluminum 5052-H32,SM - Piece,True,25,99.32,2483.00,3083.00,49
5090,4095900,completed,H374906-1,B,BRACKET CONNECTOR,manufactured,Aluminum 5052-H32,SM - Piece,True,33,86.12,2841.96,3441.96,50
5090,4095900,completed,H374906-1,B,BRACKET CONNECTOR,manufactured,Aluminum 5052-H32,SM - Piece,True,43,76.42,3286.06,3886.06,50
5083,4084642,completed,0022-31661,03,"TREAD PLATE, LOWER,
LARGE, CLEANER",manufactured,Aluminum 6061-T6,SM - Piece,True,1,1620.00,1620.00,2220.00,43
5083,4084642,completed,0022-31661,03,"TREAD PLATE, LOWER,
LARGE, CLEANER",manufactured,Aluminum 6061-T6,SM - Piece,True,10,344.00,3440.00,4040.00,44
5083,4084642,completed,0022-31661,03,"TREAD PLATE, LOWER,
LARGE, CLEANER",manufactured,Aluminum 6061-T6,SM - Piece,True,50,231.00,11550.00,11550.00,48
5083,4084642,completed,0022-31661,03,"TREAD PLATE, LOWER,
LARGE, CLEANER",manufactured,Aluminum 6061-T6,SM - Piece,True,100,214.00,21400.00,21400.00,52
5083,4084324,completed,0023-17944,04,"TREAD PLATE, SMALL REAR, CLEANER, LKP",manufactured,Aluminum 3003,SM - Piece,True,1,959.00,959.00,1559.00,43
5083,4084324,completed,0023-17944,04,"TREAD PLATE, SMALL REAR, CLEANER, LKP",manufactured,Aluminum 3003,SM - Piece,True,10,180.00,1800.00,2400.00,43
5083,4084324,completed,0023-17944,04,"TREAD PLATE, SMALL REAR, CLEANER, LKP",manufactured,Aluminum 3003,SM - Piece,True,50,111.00,5550.00,6150.00,46
5083,4084324,completed,0023-17944,04,"TREAD PLATE, SMALL REAR, CLEANER, LKP",manufactured,Aluminum 3003,SM - Piece,True,100,102.00,10200.00,10200.00,49
5083,4084325,completed,0023-18004,04,"TREAD PLATE, LOWER, LARGE, CLEANER, LK",manufactured,Aluminum 3003,SM - Piece,True,1,1060.00,1060.00,1660.00,43
5083,4084325,completed,0023-18004,04,"TREAD PLATE, LOWER, LARGE, CLEANER, LK",manufactured,Aluminum 3003,SM - Piece,True,10,265.00,2650.00,3250.00,44
5083,4084325,completed,0023-18004,04,"TREAD PLATE, LOWER, LARGE, CLEANER, LK",manufactured,Aluminum 3003,SM - Piece,True,50,194.00,9700.00,10300.00,47
5083,4084325,completed,0023-18004,04,"TREAD PLATE, LOWER, LARGE, CLEANER, LK",manufactured,Aluminum 3003,SM - Piece,True,100,185.00,18500.00,18500.00,52
5083,4084326,completed,0023-18124,04,"TREAD PLATE, LOWER, LARGE, CLEANER, LKP",manufactured,Aluminum 3003,SM - Piece,True,1,1020.00,1020.00,1620.00,43
5083,4084326,completed,0023-18124,04,"TREAD PLATE, LOWER, LARGE, CLEANER, LKP",manufactured,Aluminum 3003,SM - Piece,True,10,235.00,2350.00,2950.00,43
5083,4084326,completed,0023-18124,04,"TREAD PLATE, LOWER, LARGE, CLEANER, LKP",manufactured,Aluminum 3003,SM - Piece,True,50,166.00,8300.00,8900.00,47
5083,4084326,completed,0023-18124,04,"TREAD PLATE, LOWER, LARGE, CLEANER, LKP",manufactured,Aluminum 3003,SM - Piece,True,100,157.00,15700.00,15700.00,51
5083,4084328,completed,0023-18244,04,"TREAD PLATE, LOWER, LARGE, CLEANER,",manufactured,Aluminum 3003,SM - Piece,True,1,1200.00,1200.00,1800.00,43
5083,4084328,completed,0023-18244,04,"TREAD PLATE, LOWER, LARGE, CLEANER,",manufactured,Aluminum 3003,SM - Piece,True,10,389.00,3890.00,4490.00,44
5083,4084328,completed,0023-18244,04,"TREAD PLATE, LOWER, LARGE, CLEANER,",manufactured,Aluminum 3003,SM - Piece,True,50,317.00,15850.00,16450.00,49
5083,4084328,completed,0023-18244,04,"TREAD PLATE, LOWER, LARGE, CLEANER,",manufactured,Aluminum 3003,SM - Piece,True,100,308.00,30800.00,30800.00,55
5083,4178444,completed,0042-93966,03,,manufactured,Aluminum 3003,SM - Piece,False,1,1380.00,1380.00,1980.00,43
5083,4178444,completed,0042-93966,03,,manufactured,Aluminum 3003,SM - Piece,False,10,632.00,6320.00,6920.00,44
5083,4178444,completed,0042-93966,03,,manufactured,Aluminum 3003,SM - Piece,False,50,565.00,28250.00,28850.00,51
5083,4178444,completed,0042-93966,03,,manufactured,Aluminum 3003,SM - Piece,False,100,557.00,55700.00,55700.00,58
5083,4178237,completed,0042-94161,04,"TREAD PLATE, LARGE
RIGHT, CLEANER, LKP",manufactured,Aluminum 3003,SM - Piece,True,1,1610.00,1610.00,2210.00,48
5083,4178237,completed,0042-94161,04,"TREAD PLATE, LARGE
RIGHT, CLEANER, LKP",manufactured,Aluminum 3003,SM - Piece,True,10,677.00,6770.00,7370.00,50
5083,4178237,completed,0042-94161,04,"TREAD PLATE, LARGE
RIGHT, CLEANER, LKP",manufactured,Aluminum 3003,SM - Piece,True,50,595.00,29750.00,30350.00,57
5083,4178237,completed,0042-94161,04,"TREAD PLATE, LARGE
RIGHT, CLEANER, LKP",manufactured,Aluminum 3003,SM - Piece,True,100,585.00,58500.00,58500.00,65
5083,4240808,completed,0042-94031,04,,manufactured,Aluminum 3003,SM - Piece,False,1,1860.00,1860.00,2460.00,48
5083,4240808,completed,0042-94031,04,,manufactured,Aluminum 3003,SM - Piece,False,10,932.00,9320.00,9920.00,50
5083,4240808,completed,0042-94031,04,,manufactured,Aluminum 3003,SM - Piece,False,50,850.00,42500.00,43100.00,57
5083,4240808,completed,0042-94031,04,,manufactured,Aluminum 3003,SM - Piece,False,100,839.00,83900.00,83900.00,65
5101,4100188,completed,512-030-111-171,-,BRACKET LH INDICATOR,manufactured,Aluminum 6013-T4,SM - Piece,True,12,191.00,2292.00,2292.00,60
5101,4100189,completed,512-030-111-173,-,BRACKET UPPER AFT INDICATOR,manufactured,Aluminum 2024-T3,SM - Piece,True,12,169.00,2028.00,2028.00,60
5101,4100192,completed,512-030-111-172,-,BRACKET RH INDICATOR,manufactured,Aluminum 6013-T4,SM - Piece,True,5,313.00,1565.00,1565.00,60
5100,4100141,completed,512-030-101-485,-,EXTERNAL DOOR SIGHT ASSY,manufactured,Aluminum 2024-T3,MS  - Assy,True,19,1318.00,25042.00,25042.00,70
5103,4100321,completed,512-034-710-239,-,STIFFENER,manufactured,Titanium Grade 1,SM - Piece,True,28,128.00,3584.00,3904.00,60
5102,4100283,completed,512-030-301-123,-,"STRUT SUPPORT, ASSY-BAGGAGE BAY",assembled,Aluminum 7050-T7451,MS  - Assy,True,31,561.00,17391.00,17391.00,70
5096,4097385,completed,512-030-530-300,-,CORNER FITTING FWD FIREWALL RH,manufactured,Stainless Steel 17-4,MS - Mill,True,18,274.00,4932.00,4932.00,70
5096,4097388,completed,512-030-530-313,-,FITTING-FIREWALL CORNER RH,manufactured,Stainless Steel 17-4,MS - Mill,True,18,471.00,8478.00,8478.00,70
5096,4097391,completed,512-030-530-301,-,,manufactured,Stainless Steel 17-4,MS - Mill,False,18,310.00,5580.00,5580.00,70
5096,4097395,completed,512-030-530-302,-,CORNER FITTING AFT FIREWALL RH,manufactured,Stainless Steel 17-4,MS - Mill,True,18,310.00,5580.00,5580.00,70
5096,4097397,completed,512-030-530-305,-,FITTING GAP SEAL FWD FIREWALL LH,manufactured,Stainless Steel 17-4,MS - Mill,True,18,381.00,6858.00,6858.00,70
5096,4097399,completed,512-030-530-306,-,FITTING GAP SEAL FWD FIREWALL RH,manufactured,Stainless Steel 17-4,MS - Mill,True,18,381.00,6858.00,6858.00,70
5096,4097402,completed,512-030-530-299,-,CORNER FITTING FWD FIREWALL LH,manufactured,Stainless Steel 17-4,MS - Mill,True,18,274.00,4932.00,4932.00,70
5107,4102571,completed,350A73-0762-01,C,Bracket Assy,manufactured,,,False,1,0.00,0.00,0.00,0
5107,4102571,completed,350A73-0762-01,C,Bracket Assy,manufactured,,,False,2,0.00,0.00,0.00,0
5107,4102571,completed,350A73-0762-01,C,Bracket Assy,manufactured,,,False,5,0.00,0.00,0.00,0
5107,4102571,completed,350A73-0762-01,C,Bracket Assy,manufactured,,,False,10,0.00,0.00,0.00,0
5112,4113999,no_quote,204-031-468-102P,A,HINGE HALF,manufactured,,,False,7,0.00,0.00,0.00,0
5111,4113953,no_quote,512-010-106-107,-,PAD  WEAR,manufactured,,,False,3,0.00,0.00,0.00,0
5109,4110250,no_quote,0020-29614,02,"BLADE SHUTTER, 8 E-CHUCK",manufactured,,No Quote,False,3,0.00,0.00,0.00,5
5109,4110250,no_quote,0020-29614,02,"BLADE SHUTTER, 8 E-CHUCK",manufactured,,No Quote,False,30,0.00,0.00,0.00,5
5108,4105323,no_quote,0020-47420,03,"MEMBRANE CLAMP INTERNAL, 200MM TITAN PRO",manufactured,,No Quote,False,1,0.00,0.00,0.00,5
5108,4105323,no_quote,0020-47420,03,"MEMBRANE CLAMP INTERNAL, 200MM TITAN PRO",manufactured,,No Quote,False,3,0.00,0.00,0.00,5
5108,4105323,no_quote,0020-47420,03,"MEMBRANE CLAMP INTERNAL, 200MM TITAN PRO",manufactured,,No Quote,False,5,0.00,0.00,0.00,5
5108,4105323,no_quote,0020-47420,03,"MEMBRANE CLAMP INTERNAL, 200MM TITAN PRO",manufactured,,No Quote,False,8,0.00,0.00,0.00,5
5108,4105323,no_quote,0020-47420,03,"MEMBRANE CLAMP INTERNAL, 200MM TITAN PRO",manufactured,,No Quote,False,10,0.00,0.00,0.00,5
5108,4105318,no_quote,0020-48445,02,"MEMBRANE CLAMP, EXTERAL, 200MM PROFILER",manufactured,,No Quote,False,1,0.00,0.00,0.00,5
5108,4105318,no_quote,0020-48445,02,"MEMBRANE CLAMP, EXTERAL, 200MM PROFILER",manufactured,,No Quote,False,3,0.00,0.00,0.00,5
5108,4105318,no_quote,0020-48445,02,"MEMBRANE CLAMP, EXTERAL, 200MM PROFILER",manufactured,,No Quote,False,5,0.00,0.00,0.00,5
5108,4105318,no_quote,0020-48445,02,"MEMBRANE CLAMP, EXTERAL, 200MM PROFILER",manufactured,,No Quote,False,8,0.00,0.00,0.00,5
5108,4105318,no_quote,0020-48445,02,"MEMBRANE CLAMP, EXTERAL, 200MM PROFILER",manufactured,,No Quote,False,10,0.00,0.00,0.00,5
5108,4105330,no_quote,0020-79097,B,CLAMP FLEXURE 8.00 TITAN HEAD,manufactured,,No Quote,False,1,0.00,0.00,0.00,5
5108,4105330,no_quote,0020-79097,B,CLAMP FLEXURE 8.00 TITAN HEAD,manufactured,,No Quote,False,3,0.00,0.00,0.00,5
5108,4105330,no_quote,0020-79097,B,CLAMP FLEXURE 8.00 TITAN HEAD,manufactured,,No Quote,False,5,0.00,0.00,0.00,5
5108,4105330,no_quote,0020-79097,B,CLAMP FLEXURE 8.00 TITAN HEAD,manufactured,,No Quote,False,8,0.00,0.00,0.00,5
5108,4105330,no_quote,0020-79097,B,CLAMP FLEXURE 8.00 TITAN HEAD,manufactured,,No Quote,False,10,0.00,0.00,0.00,5
5113,4116428,no_quote,7510283-901,A,TRAY,manufactured,,No Quote,False,1,0.00,0.00,0.00,5
5113,4116428,no_quote,7510283-901,A,TRAY,manufactured,,No Quote,False,2,0.00,0.00,0.00,5
5113,4116428,no_quote,7510283-901,A,TRAY,manufactured,,No Quote,False,5,0.00,0.00,0.00,5
5113,4116428,no_quote,7510283-901,A,TRAY,manufactured,,No Quote,False,10,0.00,0.00,0.00,5
5113,4116428,no_quote,7510283-901,A,TRAY,manufactured,,No Quote,False,15,0.00,0.00,0.00,5
5113,4116431,no_quote,7510298-901,D,"FOOT, FRONT",manufactured,,No Quote,False,1,0.00,0.00,0.00,5
5113,4116431,no_quote,7510298-901,D,"FOOT, FRONT",manufactured,,No Quote,False,2,0.00,0.00,0.00,5
5113,4116431,no_quote,7510298-901,D,"FOOT, FRONT",manufactured,,No Quote,False,5,0.00,0.00,0.00,5
5113,4116431,no_quote,7510298-901,D,"FOOT, FRONT",manufactured,,No Quote,False,10,0.00,0.00,0.00,5
5113,4116431,no_quote,7510298-901,D,"FOOT, FRONT",manufactured,,No Quote,False,15,0.00,0.00,0.00,5
5113,4116432,no_quote,7517438-1,D,"BRACKET, CONNECTOR",manufactured,,No Quote,False,1,0.00,0.00,0.00,5
5113,4116432,no_quote,7517438-1,D,"BRACKET, CONNECTOR",manufactured,,No Quote,False,2,0.00,0.00,0.00,5
5113,4116432,no_quote,7517438-1,D,"BRACKET, CONNECTOR",manufactured,,No Quote,False,5,0.00,0.00,0.00,5
5113,4116432,no_quote,7517438-1,D,"BRACKET, CONNECTOR",manufactured,,No Quote,False,10,0.00,0.00,0.00,5
5113,4116432,no_quote,7517438-1,D,"BRACKET, CONNECTOR",manufactured,,No Quote,False,15,0.00,0.00,0.00,5
5113,4116433,no_quote,7517444-901,G,PLATE CONNECTOR,manufactured,,No Quote,False,1,0.00,0.00,0.00,5
5113,4116433,no_quote,7517444-901,G,PLATE CONNECTOR,manufactured,,No Quote,False,2,0.00,0.00,0.00,5
5113,4116433,no_quote,7517444-901,G,PLATE CONNECTOR,manufactured,,No Quote,False,5,0.00,0.00,0.00,5
5113,4116433,no_quote,7517444-901,G,PLATE CONNECTOR,manufactured,,No Quote,False,10,0.00,0.00,0.00,5
5113,4116433,no_quote,7517444-901,G,PLATE CONNECTOR,manufactured,,No Quote,False,15,0.00,0.00,0.00,5
5113,4116434,no_quote,7517445-901,-,"CAN, MOUNT",manufactured,,No Quote,False,1,0.00,0.00,0.00,5
5113,4116434,no_quote,7517445-901,-,"CAN, MOUNT",manufactured,,No Quote,False,2,0.00,0.00,0.00,5
5113,4116434,no_quote,7517445-901,-,"CAN, MOUNT",manufactured,,No Quote,False,5,0.00,0.00,0.00,5
5113,4116434,no_quote,7517445-901,-,"CAN, MOUNT",manufactured,,No Quote,False,10,0.00,0.00,0.00,5
5113,4116434,no_quote,7517445-901,-,"CAN, MOUNT",manufactured,,No Quote,False,15,0.00,0.00,0.00,5
5106,4102344,completed,0023-20921,01,"BRACKET,BULKHEAD CONNECTORS",manufactured,Stainless Steel 304L,SM - Piece,True,1,645.00,645.00,1245.00,42
5106,4102344,completed,0023-20921,01,"BRACKET,BULKHEAD CONNECTORS",manufactured,Stainless Steel 304L,SM - Piece,True,5,149.00,745.00,1345.00,42
5106,4102344,completed,0023-20921,01,"BRACKET,BULKHEAD CONNECTORS",manufactured,Stainless Steel 304L,SM - Piece,True,10,86.80,868.00,1468.00,42
5106,4102344,completed,0023-20921,01,"BRACKET,BULKHEAD CONNECTORS",manufactured,Stainless Steel 304L,SM - Piece,True,25,49.64,1241.00,1841.00,43
5106,4102344,completed,0023-20921,01,"BRACKET,BULKHEAD CONNECTORS",manufactured,Stainless Steel 304L,SM - Piece,True,50,37.22,1861.00,1861.00,43
5106,4102344,completed,0023-20921,01,"BRACKET,BULKHEAD CONNECTORS",manufactured,Stainless Steel 304L,SM - Piece,True,100,31.28,3128.00,3128.00,44
5106,4102344,completed,0023-20921,01,"BRACKET,BULKHEAD CONNECTORS",manufactured,Stainless Steel 304L,SM - Piece,True,150,29.13,4369.50,4369.50,45
5106,4102344,completed,0023-20921,01,"BRACKET,BULKHEAD CONNECTORS",manufactured,Stainless Steel 304L,SM - Piece,True,200,28.18,5636.00,5636.00,46
5106,4159574,completed,0042-96541,01,"BRACKET, MOUNT FOR IHC,
ARGON STICK, SFV
DRIVER",manufactured,Stainless Steel 304L,SM - Piece W/HDWE,True,1,798.00,798.00,1498.00,43
5106,4159574,completed,0042-96541,01,"BRACKET, MOUNT FOR IHC,
ARGON STICK, SFV
DRIVER",manufactured,Stainless Steel 304L,SM - Piece W/HDWE,True,5,249.00,1245.00,1945.00,43
5106,4159574,completed,0042-96541,01,"BRACKET, MOUNT FOR IHC,
ARGON STICK, SFV
DRIVER",manufactured,Stainless Steel 304L,SM - Piece W/HDWE,True,10,180.00,1800.00,2500.00,43
5106,4159574,completed,0042-96541,01,"BRACKET, MOUNT FOR IHC,
ARGON STICK, SFV
DRIVER",manufactured,Stainless Steel 304L,SM - Piece W/HDWE,True,25,139.00,3475.00,4175.00,44
5106,4159574,completed,0042-96541,01,"BRACKET, MOUNT FOR IHC,
ARGON STICK, SFV
DRIVER",manufactured,Stainless Steel 304L,SM - Piece W/HDWE,True,50,125.00,6250.00,6950.00,46
5106,4159574,completed,0042-96541,01,"BRACKET, MOUNT FOR IHC,
ARGON STICK, SFV
DRIVER",manufactured,Stainless Steel 304L,SM - Piece W/HDWE,True,100,118.00,11800.00,11800.00,49
5106,4159574,completed,0042-96541,01,"BRACKET, MOUNT FOR IHC,
ARGON STICK, SFV
DRIVER",manufactured,Stainless Steel 304L,SM - Piece W/HDWE,True,150,116.00,17400.00,17400.00,52
5106,4159574,completed,0042-96541,01,"BRACKET, MOUNT FOR IHC,
ARGON STICK, SFV
DRIVER",manufactured,Stainless Steel 304L,SM - Piece W/HDWE,True,200,114.00,22800.00,22800.00,55
5106,4159638,completed,0042-96796,01,"MOUNTING BRACKET FOR
CIOC,PDU,SOLENOID VALVE",manufactured,Stainless Steel 304L,SM - Piece W/HDWE,True,1,916.00,916.00,1616.00,43
5106,4159638,completed,0042-96796,01,"MOUNTING BRACKET FOR
CIOC,PDU,SOLENOID VALVE",manufactured,Stainless Steel 304L,SM - Piece W/HDWE,True,5,366.00,1830.00,2530.00,43
5106,4159638,completed,0042-96796,01,"MOUNTING BRACKET FOR
CIOC,PDU,SOLENOID VALVE",manufactured,Stainless Steel 304L,SM - Piece W/HDWE,True,10,298.00,2980.00,3680.00,44
5106,4159638,completed,0042-96796,01,"MOUNTING BRACKET FOR
CIOC,PDU,SOLENOID VALVE",manufactured,Stainless Steel 304L,SM - Piece W/HDWE,True,25,256.00,6400.00,7100.00,46
5106,4159638,completed,0042-96796,01,"MOUNTING BRACKET FOR
CIOC,PDU,SOLENOID VALVE",manufactured,Stainless Steel 304L,SM - Piece W/HDWE,True,50,242.00,12100.00,12800.00,49
5106,4159638,completed,0042-96796,01,"MOUNTING BRACKET FOR
CIOC,PDU,SOLENOID VALVE",manufactured,Stainless Steel 304L,SM - Piece W/HDWE,True,100,234.00,23400.00,23400.00,56
5106,4159638,completed,0042-96796,01,"MOUNTING BRACKET FOR
CIOC,PDU,SOLENOID VALVE",manufactured,Stainless Steel 304L,SM - Piece W/HDWE,True,150,231.00,34650.00,34650.00,63
5106,4159638,completed,0042-96796,01,"MOUNTING BRACKET FOR
CIOC,PDU,SOLENOID VALVE",manufactured,Stainless Steel 304L,SM - Piece W/HDWE,True,200,230.00,46000.00,46000.00,70
5052,4057309,completed,0270-18616,01,"SERVICE PLATFORM, MAINFRAME,ENDURA,TL",assembled,,,False,1,839.74,839.74,839.74,0
5052,4057309,completed,0270-18616,01,"SERVICE PLATFORM, MAINFRAME,ENDURA,TL",assembled,,,False,25,591.78,14794.50,14794.50,0
5052,4057309,completed,0270-18616,01,"SERVICE PLATFORM, MAINFRAME,ENDURA,TL",assembled,,,False,50,584.31,29215.50,29215.50,0
5052,4057309,completed,0270-18616,01,"SERVICE PLATFORM, MAINFRAME,ENDURA,TL",assembled,,,False,75,582.34,43675.50,43675.50,0
5052,4057309,completed,0270-18616,01,"SERVICE PLATFORM, MAINFRAME,ENDURA,TL",assembled,,,False,100,581.50,58150.00,58150.00,0
5116,4117316,no_quote,0041-84236,06,"COVER, PIB, MC PVD",assembled,,No Quote,False,1,435.95,435.95,435.95,250
5116,4117316,no_quote,0041-84236,06,"COVER, PIB, MC PVD",assembled,,No Quote,False,2,0.00,0.00,0.00,5
5116,4117316,no_quote,0041-84236,06,"COVER, PIB, MC PVD",assembled,,No Quote,False,3,0.00,0.00,0.00,5
5116,4117316,no_quote,0041-84236,06,"COVER, PIB, MC PVD",assembled,,No Quote,False,4,0.00,0.00,0.00,5
5115,4117039,no_quote,0021-15982,01,BLADE MOUNT ROBOT WRIST DUAL WAFER,manufactured,,No Quote,False,1,0.00,0.00,0.00,5
5115,4117039,no_quote,0021-15982,01,BLADE MOUNT ROBOT WRIST DUAL WAFER,manufactured,,No Quote,False,5,0.00,0.00,0.00,5
5115,4117039,no_quote,0021-15982,01,BLADE MOUNT ROBOT WRIST DUAL WAFER,manufactured,,No Quote,False,10,0.00,0.00,0.00,5
5114,4128664,completed,0022-38320,03,"GL CLAMP BRACKET, GP2",manufactured,Aluminum 5052-H32,SM - Piece,True,1,15.65,15.65,515.65,42
5114,4128664,completed,0022-38320,03,"GL CLAMP BRACKET, GP2",manufactured,Aluminum 5052-H32,SM - Piece,True,100,15.65,1565.00,1565.00,43
5114,4128664,completed,0022-38320,03,"GL CLAMP BRACKET, GP2",manufactured,Aluminum 5052-H32,SM - Piece,True,850,15.65,13302.50,13302.50,53
5114,4128665,completed,0042-97458,01,DRIP TRAY_5K TMP,assembled,Aluminum 5052-H32,SM - Assy,True,1,125.00,125.00,725.00,36
5114,4128665,completed,0042-97458,01,DRIP TRAY_5K TMP,assembled,Aluminum 5052-H32,SM - Assy,True,100,125.00,12500.00,12500.00,40
5114,4128665,completed,0042-97458,01,DRIP TRAY_5K TMP,assembled,Aluminum 5052-H32,SM - Assy,True,850,125.00,106250.00,106250.00,69
5118,4117787,no_quote,0040-01786,01,"CVR, GAS SPRNG HGE, DXZ, SACVD, FLUORINE",manufactured,,No Quote,False,1,0.00,0.00,0.00,5
5118,4117787,no_quote,0040-01786,01,"CVR, GAS SPRNG HGE, DXZ, SACVD, FLUORINE",manufactured,,No Quote,False,21,0.00,0.00,0.00,5
5119,4117843,completed,512-034-740-021,-,"HINGE, FAIR ASSY, AFT-TRG",assembled,Aluminum 2024,MS - Mill,True,1,1932.00,1932.00,3032.00,55
5119,4117843,completed,512-034-740-021,-,"HINGE, FAIR ASSY, AFT-TRG",assembled,Aluminum 2024,MS - Mill,True,5,402.00,2010.00,3110.00,55
5119,4117843,completed,512-034-740-021,-,"HINGE, FAIR ASSY, AFT-TRG",assembled,Aluminum 2024,MS - Mill,True,10,229.00,2290.00,3390.00,55
5117,4117446,completed,0020-18547,A,"GAS FLANGE, GAS LINES, HDPCVD, ULTIMA",manufactured,Stainless Steel 316L,MS - Mill Turn,True,1,1650.00,1650.00,2450.00,53
5117,4117446,completed,0020-18547,A,"GAS FLANGE, GAS LINES, HDPCVD, ULTIMA",manufactured,Stainless Steel 316L,MS - Mill Turn,True,5,393.00,1965.00,2765.00,53
5117,4117446,completed,0020-18547,A,"GAS FLANGE, GAS LINES, HDPCVD, ULTIMA",manufactured,Stainless Steel 316L,MS - Mill Turn,True,10,236.00,2360.00,3160.00,54
5117,4117446,completed,0020-18547,A,"GAS FLANGE, GAS LINES, HDPCVD, ULTIMA",manufactured,Stainless Steel 316L,MS - Mill Turn,True,20,158.00,3160.00,3960.00,54
5117,4117446,completed,0020-18547,A,"GAS FLANGE, GAS LINES, HDPCVD, ULTIMA",manufactured,Stainless Steel 316L,MS - Mill Turn,True,45,118.00,5310.00,6110.00,56
5117,4117446,completed,0020-18547,A,"GAS FLANGE, GAS LINES, HDPCVD, ULTIMA",manufactured,Stainless Steel 316L,MS - Mill Turn,True,180,94.74,17053.20,17053.20,64
5117,4117447,no_quote,0021-03268,03,"BRACKET, INDEXER INTERFACE-LF, SMIF-PROD",manufactured,,NQ - Not a Core Competency,False,10,0.00,0.00,0.00,5
5117,4117448,no_quote,0040-62805,02,"SENSOR BRACKET, LEFT, BP AWS, XFER CHAMB",manufactured,,NQ - Not a Core Competency,False,18,0.00,0.00,0.00,5
5117,4117449,no_quote,0040-62806,02,"SENSOR BRACKET, RIGHT, BP AWS, XFER CHAM",manufactured,,NQ - Not a Core Competency,False,6,0.00,0.00,0.00,5
5122,4120220,no_quote,0041-99928,07,"FACILITY PLATE, 3 ZONE ESC, PIONEER",assembled,,No Quote,False,50,1.09,54.50,54.50,5
5122,4120221,no_quote,0042-17216,03,"GROUND PLATE, CATHODE, 3Z, VAC PORT, SID",assembled,,No Quote,False,25,61.40,1535.00,1535.00,5
5122,4120222,no_quote,0042-17217,03,"GROUND PLATE, CATHODE, 3Z, VAC PORT, SID",assembled,,No Quote,False,25,61.40,1535.00,1535.00,5
5120,4160944,completed,0041-54580,08,"MAINFRAME PRODUCER S, SPLIT FRAME",assembled,HRS,SM - Assy,True,1,21800.00,21800.00,27700.00,86
5120,4160944,completed,0041-54580,08,"MAINFRAME PRODUCER S, SPLIT FRAME",assembled,HRS,SM - Assy,True,5,9450.00,47250.00,53150.00,90
5120,4160944,completed,0041-54580,08,"MAINFRAME PRODUCER S, SPLIT FRAME",assembled,HRS,SM - Assy,True,10,7920.00,79200.00,85100.00,95
5110,4113175,no_quote,0270-07673,02,"LIFT FIXTURE FOR VD, B BOX & MEGASONIC -SPLIT CLEANER",manufactured,,No Quote,False,1,0.00,0.00,0.00,5
5110,4113176,no_quote,0270-16813,03,Tugger Interconnect Assembly Arm,manufactured,,No Quote,False,1,0.00,0.00,0.00,5
5110,4113177,no_quote,0270-16817,03,Tugger Interconnect Assembly Arm,manufactured,,No Quote,False,1,0.00,0.00,0.00,5
5110,4113178,no_quote,0270-18673,01,Newly designed lift fixture for the CMP Build line,assembled,,No Quote,False,1,0.00,0.00,0.00,5
5110,4113179,no_quote,0270-14561,02,SRC LID LIFTING BRACKET ASSEMBLY,assembled,,No Quote,False,1,3.38,3.38,3.38,5
5110,4113180,no_quote,0270-07832,ZZ,"LEAK CHECK FIXTURE, 4Z ESC, MESA",manufactured,,No Quote,False,1,0.00,0.00,0.00,5
5110,4113181,no_quote,0270-10309,ZZ,"ASSY, LEAK CHECK FIXTURE, 4Z ESC, MESA",manufactured,,No Quote,False,1,0.00,0.00,0.00,5
5110,4113182,no_quote,0041-81927,03,"BLANKOFF, 4ZN ESC, BLACKHAWK FIXED CATHODE",assembled,,No Quote,False,3,0.00,0.00,0.00,5
5110,4113183,no_quote,0270-08898,05,"TOOL, ALIGNMENT, PIN GUIDE AND BUSHING",manufactured,,No Quote,False,3,0.00,0.00,0.00,5
5110,4113184,no_quote,0041-63669,02,"FIBEROPTIC INSTALL TOOL, MESA C3",manufactured,,No Quote,False,2,0.00,0.00,0.00,5
5110,4113185,no_quote,0021-54643,05,Optical tool,manufactured,,No Quote,False,2,0.00,0.00,0.00,5
5110,4113186,no_quote,0270-09556,02,Tool center Feed Install,manufactured,,No Quote,False,2,0.00,0.00,0.00,5
5110,4113187,no_quote,0270-09764,02,T Handles,manufactured,,No Quote,False,2,0.00,0.00,0.00,5
5110,4113188,no_quote,0010-65848,02,ESC Blank-off for Cathode,manufactured,,No Quote,False,5,0.00,0.00,0.00,5
5110,4113189,no_quote,0270-12518,01,Cathode Alignment Weldment,manufactured,,No Quote,False,2,0.00,0.00,0.00,5
5110,4113190,no_quote,0270-09873,,WAFER LIFT POSITION SENSOR TEST FIXTURE,manufactured,,No Quote,False,1,0.00,0.00,0.00,5
5110,4113191,no_quote,0270-08852,,Lid Mounting Ring,manufactured,,No Quote,False,2,0.00,0.00,0.00,5
5110,4113192,no_quote,0270-12115,05,Ground Plate Lift Fixture,manufactured,,No Quote,False,1,0.00,0.00,0.00,5
5110,4113193,no_quote,0270-14408,02,Rotary Cathode Weldment Fixture,manufactured,,No Quote,False,1,0.00,0.00,0.00,5
5110,4113194,no_quote,0270-16352,01,"FORK PLATE, CENTRIS GAS PANEL",assembled,,No Quote,False,1,0.00,0.00,0.00,5
5105,4101957,completed,0010-42064,04,"ASSY, DOOR, CHEM BOX, CLEANER",assembled,Aluminum 5052-H32,SM - Assy,True,1,1040.00,1040.00,1040.00,29
5105,4101957,completed,0010-42064,04,"ASSY, DOOR, CHEM BOX, CLEANER",assembled,Aluminum 5052-H32,SM - Assy,True,10,355.00,3550.00,3550.00,29
5105,4101957,completed,0010-42064,04,"ASSY, DOOR, CHEM BOX, CLEANER",assembled,Aluminum 5052-H32,SM - Assy,True,40,299.00,11960.00,11960.00,35
5105,4102116,completed,0020-75557,03,"SHROUD, LFM & VAPORIZER, CMP 300MM DESIC",manufactured,Stainless Steel 304L,SM - Piece,True,1,438.00,438.00,438.00,19
5105,4102116,completed,0020-75557,03,"SHROUD, LFM & VAPORIZER, CMP 300MM DESIC",manufactured,Stainless Steel 304L,SM - Piece,True,10,72.80,728.00,728.00,19
5105,4102116,completed,0020-75557,03,"SHROUD, LFM & VAPORIZER, CMP 300MM DESIC",manufactured,Stainless Steel 304L,SM - Piece,True,40,42.40,1696.00,1696.00,20
5105,4102131,completed,0021-46896,04,"MIDDLE CABLE COVER, VD, REFLEXION GT",manufactured,Stainless Steel 304L,SM - Piece,True,1,718.00,718.00,1318.00,46
5105,4102131,completed,0021-46896,04,"MIDDLE CABLE COVER, VD, REFLEXION GT",manufactured,Stainless Steel 304L,SM - Piece,True,10,206.00,2060.00,2660.00,46
5105,4102131,completed,0021-46896,04,"MIDDLE CABLE COVER, VD, REFLEXION GT",manufactured,Stainless Steel 304L,SM - Piece,True,40,164.00,6560.00,7160.00,46
5105,4102148,completed,0040-53269,05,"SLIDE COVER, OUTPUT STATION, 300MM DESIC",manufactured,Stainless Steel 304,SM - Piece,True,1,814.75,814.75,814.75,29
5105,4102148,completed,0040-53269,05,"SLIDE COVER, OUTPUT STATION, 300MM DESIC",manufactured,Stainless Steel 304,SM - Piece,True,10,113.75,1137.50,1137.50,29
5105,4102148,completed,0040-53269,05,"SLIDE COVER, OUTPUT STATION, 300MM DESIC",manufactured,Stainless Steel 304,SM - Piece,True,40,57.45,2298.00,2298.00,30
5105,4102148,completed,0040-53269,05,"SLIDE COVER, OUTPUT STATION, 300MM DESIC",manufactured,Stainless Steel 304,SM - Piece,True,80,50.50,4040.00,4040.00,32
5105,4102152,completed,0041-05201,04,"DOOR, INTERIOR, GAS BOX, CMP 300MM SYCAM",assembled,Stainless Steel 316L,SM - Assy,True,1,841.00,841.00,841.00,21
5105,4102152,completed,0041-05201,04,"DOOR, INTERIOR, GAS BOX, CMP 300MM SYCAM",assembled,Stainless Steel 316L,SM - Assy,True,10,329.00,3290.00,3290.00,22
5105,4102152,completed,0041-05201,04,"DOOR, INTERIOR, GAS BOX, CMP 300MM SYCAM",assembled,Stainless Steel 316L,SM - Assy,True,40,290.00,11600.00,11600.00,23
5105,4101962,completed,0041-05208,04,"DOOR, END, GAS BOX, CMP 300MM REFLEXION",assembled,Stainless Steel 304L,SM - Assy,True,1,916.00,916.00,916.00,25
5105,4101962,completed,0041-05208,04,"DOOR, END, GAS BOX, CMP 300MM REFLEXION",assembled,Stainless Steel 304L,SM - Assy,True,10,310.00,3100.00,3100.00,26
5105,4101962,completed,0041-05208,04,"DOOR, END, GAS BOX, CMP 300MM REFLEXION",assembled,Stainless Steel 304L,SM - Assy,True,40,265.00,10600.00,10600.00,27
5105,4278402,completed,0041-13978,02,"COVER, BLKHD DIRECT
FILL GAS BOX,
SYCAMORE, CMP",manufactured,Stainless Steel 304L,SM - Piece W/HDWE,True,1,546.00,546.00,546.00,24
5105,4278402,completed,0041-13978,02,"COVER, BLKHD DIRECT
FILL GAS BOX,
SYCAMORE, CMP",manufactured,Stainless Steel 304L,SM - Piece W/HDWE,True,10,74.00,740.00,740.00,25
5105,4278402,completed,0041-13978,02,"COVER, BLKHD DIRECT
FILL GAS BOX,
SYCAMORE, CMP",manufactured,Stainless Steel 304L,SM - Piece W/HDWE,True,40,49.40,1976.00,1976.00,25
5105,4278401,completed,0041-14406,03,"BACK PANEL, CLEANER EV
MNFLD, REFLEXION GT",manufactured,CRS,SM - Piece W/HDWE,True,1,653.00,653.00,1253.00,50
5105,4278401,completed,0041-14406,03,"BACK PANEL, CLEANER EV
MNFLD, REFLEXION GT",manufactured,CRS,SM - Piece W/HDWE,True,10,120.00,1200.00,1800.00,50
5105,4278401,completed,0041-14406,03,"BACK PANEL, CLEANER EV
MNFLD, REFLEXION GT",manufactured,CRS,SM - Piece W/HDWE,True,40,81.32,3252.80,3852.80,51
5105,4278227,completed,0041-31924,02,"PALLET, GAS BOX, CMP
300MM REFLEXION GT",manufactured,Stainless Steel 304L,SM - Piece W/HDWE,True,1,737.00,737.00,1337.00,48
5105,4278227,completed,0041-31924,02,"PALLET, GAS BOX, CMP
300MM REFLEXION GT",manufactured,Stainless Steel 304L,SM - Piece W/HDWE,True,10,310.00,3100.00,3700.00,48
5105,4278227,completed,0041-31924,02,"PALLET, GAS BOX, CMP
300MM REFLEXION GT",manufactured,Stainless Steel 304L,SM - Piece W/HDWE,True,40,279.00,11160.00,11760.00,49
5105,4102194,completed,0041-35250,03,"INPUT COVER, SIDE A VAPOR DRYER MODULE C",assembled,Stainless Steel 304L,SM - Assy,True,1,1724.00,1724.00,1724.00,39
5105,4102194,completed,0041-35250,03,"INPUT COVER, SIDE A VAPOR DRYER MODULE C",assembled,Stainless Steel 304L,SM - Assy,True,10,563.00,5630.00,5630.00,40
5105,4102194,completed,0041-35250,03,"INPUT COVER, SIDE A VAPOR DRYER MODULE C",assembled,Stainless Steel 304L,SM - Assy,True,40,489.00,19560.00,19560.00,44
5105,4101967,completed,0041-35254,01,"MINI ENVIRONMENT TOP COVER, VD, REFLEXIO",assembled,Stainless Steel 304,SM - Assy,True,1,1710.00,1710.00,2510.00,46
5105,4101967,completed,0041-35254,01,"MINI ENVIRONMENT TOP COVER, VD, REFLEXIO",assembled,Stainless Steel 304,SM - Assy,True,10,543.00,5430.00,6230.00,47
5105,4101967,completed,0041-35254,01,"MINI ENVIRONMENT TOP COVER, VD, REFLEXIO",assembled,Stainless Steel 304,SM - Assy,True,40,450.00,18000.00,18800.00,53
5105,4102198,completed,0041-35255,01,"MINI ENVIRONMENT TOP COVER, VD, REFLEXION GT",assembled,Stainless Steel 304,SM - Assy,True,1,1910.00,1910.00,2710.00,46
5105,4102198,completed,0041-35255,01,"MINI ENVIRONMENT TOP COVER, VD, REFLEXION GT",assembled,Stainless Steel 304,SM - Assy,True,10,653.00,6530.00,7330.00,47
5105,4102198,completed,0041-35255,01,"MINI ENVIRONMENT TOP COVER, VD, REFLEXION GT",assembled,Stainless Steel 304,SM - Assy,True,40,553.00,22120.00,22920.00,53
5105,4101969,completed,0041-35261,06,"MINI ENVIRONMENT BASE, SIDE B, VD CMP RL",assembled,Stainless Steel 304L,SM - Assy,True,1,1790.00,1790.00,2490.00,46
5105,4101969,completed,0041-35261,06,"MINI ENVIRONMENT BASE, SIDE B, VD CMP RL",assembled,Stainless Steel 304L,SM - Assy,True,10,798.00,7980.00,8680.00,47
5105,4101969,completed,0041-35261,06,"MINI ENVIRONMENT BASE, SIDE B, VD CMP RL",assembled,Stainless Steel 304L,SM - Assy,True,40,715.00,28600.00,29300.00,53
5105,4101970,completed,0041-35262,08,"MINI ENVIRONMENT BASE, SIDE A, VD CMP RL",assembled,Stainless Steel 304L,SM - Assy,True,1,1790.00,1790.00,2490.00,46
5105,4101970,completed,0041-35262,08,"MINI ENVIRONMENT BASE, SIDE A, VD CMP RL",assembled,Stainless Steel 304L,SM - Assy,True,10,796.00,7960.00,8660.00,47
5105,4101970,completed,0041-35262,08,"MINI ENVIRONMENT BASE, SIDE A, VD CMP RL",assembled,Stainless Steel 304L,SM - Assy,True,40,714.00,28560.00,29260.00,53
5105,4102209,completed,0041-52833,06,"PNL, I/O BOX - PNEU ENCLSR, CLEANER, RLK",assembled,Aluminum 5052-H32,SM - Assy,True,1,1380.00,1380.00,1380.00,34
5105,4102209,completed,0041-52833,06,"PNL, I/O BOX - PNEU ENCLSR, CLEANER, RLK",assembled,Aluminum 5052-H32,SM - Assy,True,10,577.00,5770.00,5770.00,35
5105,4102209,completed,0041-52833,06,"PNL, I/O BOX - PNEU ENCLSR, CLEANER, RLK",assembled,Aluminum 5052-H32,SM - Assy,True,40,517.00,20680.00,20680.00,40
5105,4102223,completed,0041-54748,05,"BRIDGE COVER, VAPOR
DRYER, RLKP",manufactured,Stainless Steel 304L,SM - Piece W/HDWE,True,1,709.00,709.00,709.00,31
5105,4102223,completed,0041-54748,05,"BRIDGE COVER, VAPOR
DRYER, RLKP",manufactured,Stainless Steel 304L,SM - Piece W/HDWE,True,10,188.00,1880.00,1880.00,32
5105,4102223,completed,0041-54748,05,"BRIDGE COVER, VAPOR
DRYER, RLKP",manufactured,Stainless Steel 304L,SM - Piece W/HDWE,True,40,151.00,6040.00,6040.00,33
5105,4102225,completed,0041-97008,06,"MOUNT PANEL, RIGHT, FI INTERFACE PANELS,",assembled,CRS,SM - Assy,True,1,788.00,788.00,1388.00,45
5105,4102225,completed,0041-97008,06,"MOUNT PANEL, RIGHT, FI INTERFACE PANELS,",assembled,CRS,SM - Assy,True,10,147.00,1470.00,2070.00,46
5105,4102225,completed,0041-97008,06,"MOUNT PANEL, RIGHT, FI INTERFACE PANELS,",assembled,CRS,SM - Assy,True,40,93.53,3741.20,4341.20,48
5105,4102227,completed,0041-98626,05,"MOUNT PANEL, LEFT, FI INTERFACE PANELS,",assembled,CRS,SM - Assy,True,1,844.00,844.00,1444.00,43
5105,4102227,completed,0041-98626,05,"MOUNT PANEL, LEFT, FI INTERFACE PANELS,",assembled,CRS,SM - Assy,True,10,161.00,1610.00,2210.00,44
5105,4102227,completed,0041-98626,05,"MOUNT PANEL, LEFT, FI INTERFACE PANELS,",assembled,CRS,SM - Assy,True,40,104.00,4160.00,4760.00,46
5105,4250169,completed,0042-06844,02,"LOWER PANEL, FI
INTERFACE PANELS, RLKP",manufactured,CRS,SM - Piece W/HDWE,True,1,745.00,745.00,1345.00,46
5105,4250169,completed,0042-06844,02,"LOWER PANEL, FI
INTERFACE PANELS, RLKP",manufactured,CRS,SM - Piece W/HDWE,True,10,231.00,2310.00,2910.00,47
5105,4250169,completed,0042-06844,02,"LOWER PANEL, FI
INTERFACE PANELS, RLKP",manufactured,CRS,SM - Piece W/HDWE,True,40,187.00,7480.00,8080.00,50
5105,4102234,completed,0020-64205,02,"BRACKET, MOUNTING, MFC, CMP 300MM DESICA",manufactured,Stainless Steel 304L,SM - Piece,True,1,264.00,264.00,264.00,15
5105,4102234,completed,0020-64205,02,"BRACKET, MOUNTING, MFC, CMP 300MM DESICA",manufactured,Stainless Steel 304L,SM - Piece,True,10,34.40,344.00,344.00,16
5105,4102234,completed,0020-64205,02,"BRACKET, MOUNTING, MFC, CMP 300MM DESICA",manufactured,Stainless Steel 304L,SM - Piece,True,40,15.32,612.80,612.80,16
5105,4101977,completed,0021-40433,03,"DIN RAIL, WAFER PRESENT SENSOR, POPLAR,",manufactured,CRS,MS - Mill,True,1,422.00,422.00,822.00,29
5105,4101977,completed,0021-40433,03,"DIN RAIL, WAFER PRESENT SENSOR, POPLAR,",manufactured,CRS,MS - Mill,True,10,53.80,538.00,938.00,29
5105,4101977,completed,0021-40433,03,"DIN RAIL, WAFER PRESENT SENSOR, POPLAR,",manufactured,CRS,MS - Mill,True,40,23.65,946.00,1346.00,30
5105,4101977,completed,0021-40433,03,"DIN RAIL, WAFER PRESENT SENSOR, POPLAR,",manufactured,CRS,MS - Mill,True,80,18.70,1496.00,1496.00,30
5105,4101978,completed,0021-46929,03,"BRKT, SIDE, TRIM SEAL, ROBOT, CLEANER, R",manufactured,Aluminum 5052-H32,SM - Piece,True,1,561.00,561.00,1161.00,43
5105,4101978,completed,0021-46929,03,"BRKT, SIDE, TRIM SEAL, ROBOT, CLEANER, R",manufactured,Aluminum 5052-H32,SM - Piece,True,10,67.50,675.00,1275.00,44
5105,4101978,completed,0021-46929,03,"BRKT, SIDE, TRIM SEAL, ROBOT, CLEANER, R",manufactured,Aluminum 5052-H32,SM - Piece,True,40,26.45,1058.00,1658.00,44
5105,4101978,completed,0021-46929,03,"BRKT, SIDE, TRIM SEAL, ROBOT, CLEANER, R",manufactured,Aluminum 5052-H32,SM - Piece,True,80,19.59,1567.20,1567.20,44
5105,4101980,completed,0041-26057,04,"ENCLOSURE GAS BOX CLNR, SYCAMORE, CMP",assembled,Aluminum 5052-H32,SM - Assy,True,1,4760.00,4760.00,6460.00,46
5105,4101980,completed,0041-26057,04,"ENCLOSURE GAS BOX CLNR, SYCAMORE, CMP",assembled,Aluminum 5052-H32,SM - Assy,True,10,2660.00,26600.00,28300.00,51
5105,4101980,completed,0041-26057,04,"ENCLOSURE GAS BOX CLNR, SYCAMORE, CMP",assembled,Aluminum 5052-H32,SM - Assy,True,40,2480.00,99200.00,100900.00,69
5105,4102242,completed,0041-25915,06,BRKT RF GENERATOR RLKP,assembled,Aluminum 5052-H32,SM - Assy,True,1,2290.00,2290.00,3690.00,45
5105,4102242,completed,0041-25915,06,BRKT RF GENERATOR RLKP,assembled,Aluminum 5052-H32,SM - Assy,True,10,1040.00,10400.00,11800.00,52
5105,4102242,completed,0041-25915,06,BRKT RF GENERATOR RLKP,assembled,Aluminum 5052-H32,SM - Assy,True,40,881.00,35240.00,36640.00,73
5105,4101981,no_quote,0041-34316,01,"CONTAINMENT TANK DUAL VAPOR DYER, CLNR R",assembled,,NQ - Not a Core Competency,False,1,0.00,0.00,0.00,5
5105,4101981,no_quote,0041-34316,01,"CONTAINMENT TANK DUAL VAPOR DYER, CLNR R",assembled,,NQ - Not a Core Competency,False,10,0.00,0.00,0.00,5
5105,4101981,no_quote,0041-34316,01,"CONTAINMENT TANK DUAL VAPOR DYER, CLNR R",assembled,,NQ - Not a Core Competency,False,40,0.00,0.00,0.00,5
5105,4101982,completed,0041-35645,07,"WELDMENT, DRIP PAN BOX, PASS THRU, RLKP",assembled,Stainless Steel 304L,SM - Assy,True,1,3790.00,3790.00,4990.00,46
5105,4101982,completed,0041-35645,07,"WELDMENT, DRIP PAN BOX, PASS THRU, RLKP",assembled,Stainless Steel 304L,SM - Assy,True,10,2140.00,21400.00,22600.00,48
5105,4101982,completed,0041-35645,07,"WELDMENT, DRIP PAN BOX, PASS THRU, RLKP",assembled,Stainless Steel 304L,SM - Assy,True,40,2000.00,80000.00,81200.00,55
5105,4101983,completed,0021-82235,02,"STAND, PASS-THRU MOUNT, CLEANER, REFLEXI",manufactured,Stainless Steel 304L,SM - Piece,True,1,1150.00,1150.00,1750.00,51
5105,4101983,completed,0021-82235,02,"STAND, PASS-THRU MOUNT, CLEANER, REFLEXI",manufactured,Stainless Steel 304L,SM - Piece,True,10,425.00,4250.00,4850.00,52
5105,4101983,completed,0021-82235,02,"STAND, PASS-THRU MOUNT, CLEANER, REFLEXI",manufactured,Stainless Steel 304L,SM - Piece,True,40,365.00,14600.00,15200.00,54
5105,4101983,completed,0021-82235,02,"STAND, PASS-THRU MOUNT, CLEANER, REFLEXI",manufactured,Stainless Steel 304L,SM - Piece,True,80,355.00,28400.00,28400.00,57
5105,4101984,completed,0041-34353,04,"WELDMENT, WAFER BOX, PASS-THRU STATION,",assembled,Stainless Steel 304L,SM - Assy,True,1,3150.00,3150.00,4550.00,47
5105,4101984,completed,0041-34353,04,"WELDMENT, WAFER BOX, PASS-THRU STATION,",assembled,Stainless Steel 304L,SM - Assy,True,10,1830.00,18300.00,19700.00,50
5105,4101984,completed,0041-34353,04,"WELDMENT, WAFER BOX, PASS-THRU STATION,",assembled,Stainless Steel 304L,SM - Assy,True,40,1720.00,68800.00,70200.00,60
5105,4101985,completed,0041-35252,02,"OUTPUT COVER, RH, VD, REFLEXION GT",assembled,Stainless Steel 304L,SM - Assy,True,1,2130.00,2130.00,3030.00,46
5105,4101985,completed,0041-35252,02,"OUTPUT COVER, RH, VD, REFLEXION GT",assembled,Stainless Steel 304L,SM - Assy,True,10,613.00,6130.00,7030.00,47
5105,4101985,completed,0041-35252,02,"OUTPUT COVER, RH, VD, REFLEXION GT",assembled,Stainless Steel 304L,SM - Assy,True,40,488.00,19520.00,20420.00,52
5105,4101986,completed,0041-35253,02,"OUTPUT COVER, LH, VD, REFLEXION LKP",assembled,Stainless Steel 304L,SM - Assy,True,1,1650.00,1650.00,2550.00,46
5105,4101986,completed,0041-35253,02,"OUTPUT COVER, LH, VD, REFLEXION LKP",assembled,Stainless Steel 304L,SM - Assy,True,10,549.00,5490.00,6390.00,47
5105,4101986,completed,0041-35253,02,"OUTPUT COVER, LH, VD, REFLEXION LKP",assembled,Stainless Steel 304L,SM - Assy,True,40,460.00,18400.00,19300.00,52
5677,4700486,completed,407-074-021-101,B,CHASSIS ASSEMBLY - GENERIC FCC,manufactured,,Aerospace Assembly,False,4,1586.00,6344.00,7064.00,70
5674,4699802,completed,0020-40729,01,STOP BEARING MOUNT LLC DOOR,manufactured,Stainless Steel 304,MS - Mill,True,1,1010.00,1010.00,1790.00,40
5674,4699802,completed,0020-40729,01,STOP BEARING MOUNT LLC DOOR,manufactured,Stainless Steel 304,MS - Mill,True,5,216.00,1080.00,1860.00,41
5674,4699802,completed,0020-40729,01,STOP BEARING MOUNT LLC DOOR,manufactured,Stainless Steel 304,MS - Mill,True,10,127.00,1270.00,2050.00,41
5674,4699802,completed,0020-40729,01,STOP BEARING MOUNT LLC DOOR,manufactured,Stainless Steel 304,MS - Mill,True,15,97.13,1456.95,2236.95,41
5674,4699802,completed,0020-40729,01,STOP BEARING MOUNT LLC DOOR,manufactured,Stainless Steel 304,MS - Mill,True,25,73.08,1827.00,2607.00,41
5674,4699804,completed,0020-75364,A,CAP BAFFLE SCREEN,manufactured,Aluminum 6061-T6,SM - Piece,True,1,1020.00,1020.00,1620.00,40
5674,4699804,completed,0020-75364,A,CAP BAFFLE SCREEN,manufactured,Aluminum 6061-T6,SM - Piece,True,5,228.00,1140.00,1740.00,40
5674,4699804,completed,0020-75364,A,CAP BAFFLE SCREEN,manufactured,Aluminum 6061-T6,SM - Piece,True,10,134.00,1340.00,1940.00,40
5674,4699804,completed,0020-75364,A,CAP BAFFLE SCREEN,manufactured,Aluminum 6061-T6,SM - Piece,True,15,101.00,1515.00,2115.00,40
5674,4699804,completed,0020-75364,A,CAP BAFFLE SCREEN,manufactured,Aluminum 6061-T6,SM - Piece,True,25,76.20,1905.00,2505.00,36
5674,4699803,completed,0020-75365,01,CAP BAFFLE SCREEN,manufactured,Aluminum 6061-T6,SM - Piece,True,1,1020.00,1020.00,1620.00,36
5674,4699803,completed,0020-75365,01,CAP BAFFLE SCREEN,manufactured,Aluminum 6061-T6,SM - Piece,True,5,228.00,1140.00,1740.00,36
5674,4699803,completed,0020-75365,01,CAP BAFFLE SCREEN,manufactured,Aluminum 6061-T6,SM - Piece,True,10,134.00,1340.00,1940.00,37
5674,4699803,completed,0020-75365,01,CAP BAFFLE SCREEN,manufactured,Aluminum 6061-T6,SM - Piece,True,15,101.00,1515.00,2115.00,37
5674,4699803,completed,0020-75365,01,CAP BAFFLE SCREEN,manufactured,Aluminum 6061-T6,SM - Piece,True,25,76.20,1905.00,2505.00,37
5683,4705105,no_quote,0246-81592,05,"GAS PANEL, AXISWLL, 4-MFC",manufactured,,NQ - No Capacity,False,1,0.00,0.00,0.00,5
5683,4705105,no_quote,0246-81592,05,"GAS PANEL, AXISWLL, 4-MFC",manufactured,,NQ - No Capacity,False,2,0.00,0.00,0.00,5
5678,4703586,not_started,E170450640,1,"SPHERE, FRAME, WELDMENT,
TERMINAL",manufactured,,,False,1,0.00,0.00,0.00,0
5678,4703586,not_started,E170450640,1,"SPHERE, FRAME, WELDMENT,
TERMINAL",manufactured,,,False,5,0.00,0.00,0.00,0
5678,4703586,not_started,E170450640,1,"SPHERE, FRAME, WELDMENT,
TERMINAL",manufactured,,,False,10,0.00,0.00,0.00,0
5678,4703586,not_started,E170450640,1,"SPHERE, FRAME, WELDMENT,
TERMINAL",manufactured,,,False,100,0.00,0.00,0.00,0
5678,4703585,not_started,,,,manufactured,,,False,1,0.00,0.00,0.00,0
5678,4703585,not_started,,,,manufactured,,,False,5,0.00,0.00,0.00,0
5678,4703585,not_started,,,,manufactured,,,False,10,0.00,0.00,0.00,0
5678,4703585,not_started,,,,manufactured,,,False,100,0.00,0.00,0.00,0
5678,4703584,not_started,,,,manufactured,,,False,1,0.00,0.00,0.00,0
5678,4703584,not_started,,,,manufactured,,,False,5,0.00,0.00,0.00,0
5678,4703584,not_started,,,,manufactured,,,False,10,0.00,0.00,0.00,0
5678,4703584,not_started,,,,manufactured,,,False,100,0.00,0.00,0.00,0
5678,4703583,not_started,,,,manufactured,,,False,1,0.00,0.00,0.00,0
5678,4703583,not_started,,,,manufactured,,,False,5,0.00,0.00,0.00,0
5678,4703583,not_started,,,,manufactured,,,False,10,0.00,0.00,0.00,0
5678,4703583,not_started,,,,manufactured,,,False,100,0.00,0.00,0.00,0
5678,4703582,not_started,,,,manufactured,,,False,1,0.00,0.00,0.00,0
5678,4703582,not_started,,,,manufactured,,,False,5,0.00,0.00,0.00,0
5678,4703582,not_started,,,,manufactured,,,False,10,0.00,0.00,0.00,0
5678,4703582,not_started,,,,manufactured,,,False,100,0.00,0.00,0.00,0
5678,4703581,not_started,,,,manufactured,,,False,1,0.00,0.00,0.00,0
5678,4703581,not_started,,,,manufactured,,,False,5,0.00,0.00,0.00,0
5678,4703581,not_started,,,,manufactured,,,False,10,0.00,0.00,0.00,0
5678,4703581,not_started,,,,manufactured,,,False,100,0.00,0.00,0.00,0
5678,4703580,not_started,,,,manufactured,,,False,1,0.00,0.00,0.00,0
5678,4703580,not_started,,,,manufactured,,,False,5,0.00,0.00,0.00,0
5678,4703580,not_started,,,,manufactured,,,False,10,0.00,0.00,0.00,0
5678,4703580,not_started,,,,manufactured,,,False,100,0.00,0.00,0.00,0
5678,4703579,not_started,,,,manufactured,,,False,1,0.00,0.00,0.00,0
5678,4703579,not_started,,,,manufactured,,,False,5,0.00,0.00,0.00,0
5678,4703579,not_started,,,,manufactured,,,False,10,0.00,0.00,0.00,0
5678,4703579,not_started,,,,manufactured,,,False,100,0.00,0.00,0.00,0
5679,4704716,no_quote,0021-22529,A,BLADE 6 HP+ BUFFER ORIG. METAL HTHU RCF,manufactured,,NQ - Not a Core Competency,False,79,0.00,0.00,0.00,5
5680,4704747,no_quote,0020-01271,06,"PLATE, PUMPING 200MM WXZ+",manufactured,,NQ - Not a Core Competency,False,137,0.00,0.00,0.00,5
5680,4704752,no_quote,0020-29343,03,"SHIELD CLAMP, DARKSPACE .727 TALL VECTR",manufactured,,NQ - Not a Core Competency,False,94,0.00,0.00,0.00,5
5685,4705234,no_quote,0040-49624,01,"SHIELD, LEFT, CAP. ASSY., RF FEED",manufactured,,NQ - No Capacity,False,1,0.00,0.00,0.00,5
5685,4705234,no_quote,0040-49624,01,"SHIELD, LEFT, CAP. ASSY., RF FEED",manufactured,,NQ - No Capacity,False,5,0.00,0.00,0.00,5
5685,4705234,no_quote,0040-49624,01,"SHIELD, LEFT, CAP. ASSY., RF FEED",manufactured,,NQ - No Capacity,False,10,0.00,0.00,0.00,5
5685,4705237,no_quote,0020-33166,BA,"SHEET, THERMAL TRANSFER-STD CATHODE",manufactured,,NQ - No Capacity,False,1,0.00,0.00,0.00,5
5685,4705237,no_quote,0020-33166,BA,"SHEET, THERMAL TRANSFER-STD CATHODE",manufactured,,NQ - No Capacity,False,5,0.00,0.00,0.00,5
5685,4705237,no_quote,0020-33166,BA,"SHEET, THERMAL TRANSFER-STD CATHODE",manufactured,,NQ - No Capacity,False,10,0.00,0.00,0.00,5
5684,4705149,no_quote,920C0015-02,E,DIN RAIL 73075-10 2.84 IN ****,manufactured,,NQ - No Capacity,False,200,0.00,0.00,0.00,5
5684,4705150,no_quote,920C0015-04,E,DIN RAIL 73075-10 4.26 IN,manufactured,,NQ - No Capacity,False,80,0.00,0.00,0.00,5
5684,4705151,no_quote,920C0015-09,E,DIN RAIL 73075-10 9.94 IN,manufactured,,NQ - No Capacity,False,30,0.00,0.00,0.00,5
5684,4705152,no_quote,920C0015-14,E,DIN RAIL 73075-10 14.20 IN,manufactured,,NQ - No Capacity,False,40,0.00,0.00,0.00,5
5684,4705153,no_quote,920C0015-15,E,DIN RAIL 73075-10 15.62 IN,manufactured,,NQ - No Capacity,False,60,0.00,0.00,0.00,5
5684,4705154,no_quote,920C0015-18,E,DIN RAIL 73075-10 18.46 IN,manufactured,,NQ - No Capacity,False,20,0.00,0.00,0.00,5
5684,4705155,no_quote,920C0015-19,E,DIN RAIL 73075-01 19.88 IN,manufactured,,NQ - No Capacity,False,5,0.00,0.00,0.00,5
5684,4705156,no_quote,920C0015-22,E,DIN RAIL 73075-10 22.72 IN,manufactured,,NQ - No Capacity,False,10,0.00,0.00,0.00,5
5684,4705157,no_quote,920C0015-29,01,DIN RAIL 73075-10 36. IN,manufactured,,NQ - No Capacity,False,5,0.00,0.00,0.00,5
5684,4705158,no_quote,A0375268,04,"DIN RAIL, COMPONENTS MOUNT, ELECTRICAL A",manufactured,,NQ - No Capacity,False,100,0.00,0.00,0.00,5
5684,4705159,no_quote,A0377498,02,"DIN RAIL, COMPONENTS MOUNT, ELECTRICAL A",manufactured,,NQ - No Capacity,False,50,0.00,0.00,0.00,5
5684,4705160,no_quote,A0386941,02,"DIN RAIL, COMPONENTS MOUNT, ELECTRICAL A",manufactured,,NQ - No Capacity,False,20,0.00,0.00,0.00,5
5684,4705161,no_quote,A0418751,04,"DIN RAIL, COMPONENTS MOUNT, 35 X 430 LG",manufactured,,NQ - No Capacity,False,40,0.00,0.00,0.00,5
5684,4705162,no_quote,A0534222,01,"DIN RAIL-1, 7.5MM HEIGHT, 4.25 INCH",manufactured,,NQ - No Capacity,False,40,0.00,0.00,0.00,5
5686,4705383,completed,512-001-704-102,B,"PEDAL ASSY, RHS",manufactured,Aluminum 7050-T7451,Aerospace Assembly,True,44,2228.00,98032.00,98752.00,70
5686,4705393,completed,512-030-610-241,-,CROSS MEMBER  - RAILS,manufactured,Aluminum 7075,SM - Piece,True,24,226.00,5424.00,5854.00,60
5686,4705395,completed,512-060-412-101,A,MOUNT ASSY-BRACKET-APU-FWD,manufactured,,,False,30,1186.00,35580.00,36300.00,70
5686,4705397,completed,512-000-030-119,A,"BRACKET, L-SHAPE, ALBCBS ASSY",manufactured,,,False,84,153.00,12852.00,13282.00,60
5686,4705406,completed,512-001-712-101,-,"SUPPORT ASSY, PEDAL",assembled,,,False,48,4502.00,216096.00,216096.00,70
5686,4705418,completed,512-000-030-121,B,"BRACKET, L-SHAPE ALBCBS-13 ASSY",assembled,,,False,100,153.00,15300.00,15730.00,60
5687,4705709,completed,0020-34694,05,"LINER, GDP R2 OXIDE",manufactured,,,False,5,0.00,0.00,0.00,0
5687,4705710,completed,0020-61800,05,"BRACKET, ACTUATOR, HDP-CVD",manufactured,,,False,45,0.00,0.00,0.00,0
5687,4705711,completed,0021-06569,05,INSERT RING 200MM PRODUCER,manufactured,,,False,10,0.00,0.00,0.00,0
5687,4705712,completed,0021-06952,08,"PERF PLATE, 200MM SINERGY",manufactured,,,False,10,0.00,0.00,0.00,0
5687,4705713,completed,0021-09104,04,"LINER, CATHODE, ALIGNED, OXIDE ETCH",manufactured,,,False,12,0.00,0.00,0.00,0
5687,4705714,completed,0021-09760,02,"GAS BOX, DXZ",manufactured,,,False,18,0.00,0.00,0.00,0
5687,4705715,completed,0021-41125,05,"GAS DISTRIBUTION PLATE, 133 HOLES",manufactured,,,False,10,0.00,0.00,0.00,0
5687,4705716,completed,0021-54545,03,"BLOCKER, PERF,SILOX 8,UNIV CH,NON-STEPP",manufactured,,,False,135,0.00,0.00,0.00,0
5687,4705717,completed,0040-02520,05,"GAS BOX, SILANE, 200MM PRODUCER",manufactured,,,False,141,0.00,0.00,0.00,0
5687,4705718,completed,0040-09115,03,FEED THROUGH,manufactured,,,False,15,0.00,0.00,0.00,0
5687,4705719,completed,0040-39551,03,"LID, PUMPING PLATE, TEOS, DXZ, DCVD",manufactured,,,False,9,0.00,0.00,0.00,0
5687,4705720,completed,0040-54102,07,LID CHAMBER PRODUCER 200MM,assembled,,,False,100,0.00,0.00,0.00,0
5687,4705721,completed,0040-61265,06,"GAS BOX, TEOS, DXZ DCVD",manufactured,,,False,10,0.00,0.00,0.00,0
5681,4704855,completed,0010-21336,AA,"BAR ASSY, LINKAGE SHUTTER",manufactured,,MS  - Assy,False,33,777.00,25641.00,27601.00,60
5681,4704856,completed,0020-05809,02,NUT RF FEEDTHRU .250 WIDE VECTRA IMP,manufactured,,MS - Mill,False,18,139.00,2502.00,3242.00,43
5681,4704857,completed,0020-08676,04,"BUSHING, GROUNDED UPPER SHIELD, SST, SIP",manufactured,Stainless Steel 316,MS - Lathe,True,31,117.00,3627.00,4327.00,39
5681,4704858,completed,0020-20783,01,CLAMP  SCREEN   TOP,manufactured,Aluminum 6061-T6,SM - Piece,True,37,72.86,2695.82,3095.82,40
5681,4704859,completed,0020-28711,05,"VIEWPORT SHIELD, 10, CH A OR B LID",manufactured,Polycarbonate / PC (Transparent),MS - Mill,True,31,78.21,2424.51,3124.51,31
5681,4704860,completed,0020-48700,01,"EDGE RING, 9 HOLE, PURGE HEATER 200MM TX",manufactured,Aluminum 6061-T6,MS - Lathe,True,62,301.00,18662.00,20452.00,49
5681,4704861,no_quote,0021-03980,P1,"OUTER SHIELD W/O WINDOW, TXZ CHAMBER",manufactured,,,False,174,0.00,0.00,0.00,0
5681,4704862,completed,0021-20983,01,ORIENTER HOOP,manufactured,Aluminum 6061-T6,MS - Mill,True,8,623.00,4984.00,7344.00,60
5681,4704863,no_quote,0021-22584,01,SCRCAP SKT HD 8-32X5/8L HEX SKT NITRONI,manufactured,,,False,1423,0.00,0.00,0.00,0
5681,4704864,completed,0021-23198,02,"HOOP, LIFT, OPEN, 8 MCA E-CHUCK",manufactured,Stainless Steel 304,MS - Mill,True,43,297.00,12771.00,14991.00,60
5681,4704865,completed,0021-70378,04,"MANIFOLD,WATER,INPUT,TXZ",manufactured,Aluminum 6061-T6,MS - Mill,True,43,396.00,17028.00,21288.00,60
5681,4704866,no_quote,0040-03349,04,COOLING WATER BOX 200MM TXZ,manufactured,,,False,31,0.00,0.00,0.00,0
5681,4704867,no_quote,0042-83038,01,"BLADE SHUTTER, 8 BESC/ICE W/PIN",manufactured,,,False,28,0.00,0.00,0.00,0
5681,4704868,no_quote,0042-83239,02,UPPER CAP ROBOT BLADE,assembled,,,False,5,0.00,0.00,0.00,0
5689,4706267,no_quote,0042-29606,03,"CAL. WAFER, LCF, PRODUCER 150MM",assembled,,NQ - No Capacity,False,1,0.00,0.00,0.00,5
5689,4706267,no_quote,0042-29606,03,"CAL. WAFER, LCF, PRODUCER 150MM",assembled,,NQ - No Capacity,False,5,0.00,0.00,0.00,5
5689,4706267,no_quote,0042-29606,03,"CAL. WAFER, LCF, PRODUCER 150MM",assembled,,NQ - No Capacity,False,10,0.00,0.00,0.00,5
5689,4706267,no_quote,0042-29606,03,"CAL. WAFER, LCF, PRODUCER 150MM",assembled,,NQ - No Capacity,False,10,0.00,0.00,0.00,5
5690,4706348,completed,0090-14205,04,"EQUIPMENT RACK, 24W X 34D X 78H",manufactured,,Historical Part Requote,False,54,6100.00,329400.00,329400.00,40
5692,4713933,completed,0020-83810,01,BUS BAR LEFT PRIMARY CONTACTOR MIRRA,manufactured,Copper 110,SM - Piece,True,42,48.45,2034.90,2634.90,36
5691,4713720,completed,901-005-601-105,G,"CHASSIS ASSY,BDD",manufactured,,Aerospace Assembly,False,1,4705.00,4705.00,4705.00,70
5691,4713720,completed,901-005-601-105,G,"CHASSIS ASSY,BDD",manufactured,,Aerospace Assembly,False,2,3079.00,6158.00,6158.00,70
5691,4713720,completed,901-005-601-105,G,"CHASSIS ASSY,BDD",manufactured,,Aerospace Assembly,False,5,2148.00,10740.00,10740.00,70
5691,4713720,completed,901-005-601-105,G,"CHASSIS ASSY,BDD",manufactured,,Aerospace Assembly,False,10,1836.00,18360.00,18360.00,70
5691,4713720,completed,901-005-601-105,G,"CHASSIS ASSY,BDD",manufactured,,Aerospace Assembly,False,18,1698.00,30564.00,30564.00,70
5691,4713720,completed,901-005-601-105,G,"CHASSIS ASSY,BDD",manufactured,,Aerospace Assembly,False,25,1641.00,41025.00,41025.00,70
5691,4713721,completed,901-005-601-106,,"CHASSIS ASSY,BDD",manufactured,,,False,1,4705.00,4705.00,4705.00,70
5691,4713721,completed,901-005-601-106,,"CHASSIS ASSY,BDD",manufactured,,,False,2,3079.00,6158.00,6158.00,70
5691,4713721,completed,901-005-601-106,,"CHASSIS ASSY,BDD",manufactured,,,False,5,2148.00,10740.00,10740.00,70
5691,4713721,completed,901-005-601-106,,"CHASSIS ASSY,BDD",manufactured,,,False,10,1836.00,18360.00,18360.00,70
5691,4713721,completed,901-005-601-106,,"CHASSIS ASSY,BDD",manufactured,,,False,18,1698.00,30564.00,30564.00,70
5691,4713721,completed,901-005-601-106,,"CHASSIS ASSY,BDD",manufactured,,,False,25,1641.00,41025.00,41025.00,70
5691,4713722,completed,901-005-601-105,,"CHASSIS ASSY,BDD",manufactured,,,False,1,4705.00,4705.00,4705.00,70
5691,4713722,completed,901-005-601-105,,"CHASSIS ASSY,BDD",manufactured,,,False,2,3079.00,6158.00,6158.00,70
5691,4713722,completed,901-005-601-105,,"CHASSIS ASSY,BDD",manufactured,,,False,5,2148.00,10740.00,10740.00,70
5691,4713722,completed,901-005-601-105,,"CHASSIS ASSY,BDD",manufactured,,,False,10,1836.00,18360.00,18360.00,70
5691,4713722,completed,901-005-601-105,,"CHASSIS ASSY,BDD",manufactured,,,False,18,1698.00,30564.00,30564.00,70
5691,4713722,completed,901-005-601-105,,"CHASSIS ASSY,BDD",manufactured,,,False,25,1641.00,41025.00,41025.00,70
5691,4713723,completed,901-005-601-106,,"CHASSIS ASSY,BDD",manufactured,,,False,1,4705.00,4705.00,4705.00,70
5691,4713723,completed,901-005-601-106,,"CHASSIS ASSY,BDD",manufactured,,,False,2,3079.00,6158.00,6158.00,70
5691,4713723,completed,901-005-601-106,,"CHASSIS ASSY,BDD",manufactured,,,False,5,2148.00,10740.00,10740.00,70
5691,4713723,completed,901-005-601-106,,"CHASSIS ASSY,BDD",manufactured,,,False,10,1836.00,18360.00,18360.00,70
5691,4713723,completed,901-005-601-106,,"CHASSIS ASSY,BDD",manufactured,,,False,18,1698.00,30564.00,30564.00,70
5691,4713723,completed,901-005-601-106,,"CHASSIS ASSY,BDD",manufactured,,,False,25,1641.00,41025.00,41025.00,70
5691,4713724,completed,901-005-603-103,A,PLATE,manufactured,Aluminum 6061-T6,MS - Mill,True,2,424.00,848.00,1278.00,60
5691,4713724,completed,901-005-603-103,A,PLATE,manufactured,Aluminum 6061-T6,MS - Mill,True,4,233.00,932.00,1362.00,60
5691,4713724,completed,901-005-603-103,A,PLATE,manufactured,Aluminum 6061-T6,MS - Mill,True,10,116.00,1160.00,1590.00,60
5691,4713724,completed,901-005-603-103,A,PLATE,manufactured,Aluminum 6061-T6,MS - Mill,True,20,78.85,1577.00,2007.00,60
5691,4713724,completed,901-005-603-103,A,PLATE,manufactured,Aluminum 6061-T6,MS - Mill,True,36,60.31,2171.16,2601.16,60
5691,4713724,completed,901-005-603-103,A,PLATE,manufactured,Aluminum 6061-T6,MS - Mill,True,50,54.34,2717.00,3147.00,60
5693,4847484,completed,0042-60633,02,"TOP PANEL C3 CENTRIS
OPTIMIZED GP",manufactured,Aluminum 6061-T6,SM - Piece W/HDWE,True,1,240.00,240.00,240.00,20
5693,4847484,completed,0042-60633,02,"TOP PANEL C3 CENTRIS
OPTIMIZED GP",manufactured,Aluminum 6061-T6,SM - Piece W/HDWE,True,45,240.00,10800.00,10800.00,20
5693,4847484,completed,0042-60633,02,"TOP PANEL C3 CENTRIS
OPTIMIZED GP",manufactured,Aluminum 6061-T6,SM - Piece W/HDWE,True,150,240.00,36000.00,36000.00,40
5694,4714294,no_quote,0023-11850,01,TECASINT SHEET,manufactured,,NQ - No Capacity,False,1,0.00,0.00,0.00,5
5694,4714294,no_quote,0023-11850,01,TECASINT SHEET,manufactured,,NQ - No Capacity,False,5,0.00,0.00,0.00,5
5694,4714294,no_quote,0023-11850,01,TECASINT SHEET,manufactured,,NQ - No Capacity,False,10,0.00,0.00,0.00,5
5688,4705875,completed,0042-94555,04,CHAMBER FRAME,assembled,Carbon Steel 1018-CF,SM - Assy,True,1,14500.00,14500.00,22090.00,60
5688,4705875,completed,0042-94555,04,CHAMBER FRAME,assembled,Carbon Steel 1018-CF,SM - Assy,True,5,6340.00,31700.00,39290.00,60
5688,4705875,completed,0042-94555,04,CHAMBER FRAME,assembled,Carbon Steel 1018-CF,SM - Assy,True,10,5330.00,53300.00,60890.00,80
5688,4705875,completed,0042-94555,04,CHAMBER FRAME,assembled,Carbon Steel 1018-CF,SM - Assy,True,15,4990.00,74850.00,82440.00,79
5688,4705875,completed,0042-94555,04,CHAMBER FRAME,assembled,Carbon Steel 1018-CF,SM - Assy,True,25,4720.00,118000.00,125590.00,80
5688,4705876,completed,0042-95227,02,"BRACKET, SUPPORT FRAME",assembled,Carbon Steel A1011-HR,SM - Piece,True,1,768.00,768.00,1268.00,40
5688,4705876,completed,0042-95227,02,"BRACKET, SUPPORT FRAME",assembled,Carbon Steel A1011-HR,SM - Piece,True,5,174.00,870.00,1370.00,40
5688,4705876,completed,0042-95227,02,"BRACKET, SUPPORT FRAME",assembled,Carbon Steel A1011-HR,SM - Piece,True,10,101.00,1010.00,1510.00,40
5688,4705876,completed,0042-95227,02,"BRACKET, SUPPORT FRAME",assembled,Carbon Steel A1011-HR,SM - Piece,True,15,76.30,1144.50,1644.50,40
5688,4705876,completed,0042-95227,02,"BRACKET, SUPPORT FRAME",assembled,Carbon Steel A1011-HR,SM - Piece,True,25,56.86,1421.50,1921.50,40
5695,4714480,no_quote,0042-58178,01,"PANEL, DRIVER/FILTER MTG, CMP ROW",assembled,,NQ - No Capacity,False,1,1.54,1.54,1.54,5
5695,4714480,no_quote,0042-58178,01,"PANEL, DRIVER/FILTER MTG, CMP ROW",assembled,,NQ - No Capacity,False,25,1.43,35.75,35.75,5
5702,4720164,completed,512-030-101-485,A,EXTERNAL DOOR SIGHT ASSY,manufactured,,Aerospace Assembly,False,9,1449.00,13041.00,13041.00,70
5698,4715472,completed,0042-56210,02,MAIN PALLET SYM 3 DESIGN,assembled,CRS,SM - Assy,True,1,1520.00,1520.00,2120.00,31
5698,4715472,completed,0042-56210,02,MAIN PALLET SYM 3 DESIGN,assembled,CRS,SM - Assy,True,5,592.00,2960.00,3560.00,33
5698,4715472,completed,0042-56210,02,MAIN PALLET SYM 3 DESIGN,assembled,CRS,SM - Assy,True,10,476.00,4760.00,5360.00,34
5698,4715472,completed,0042-56210,02,MAIN PALLET SYM 3 DESIGN,assembled,CRS,SM - Assy,True,25,406.00,10150.00,10750.00,39
5698,4715472,completed,0042-56210,02,MAIN PALLET SYM 3 DESIGN,assembled,CRS,SM - Assy,True,50,382.00,19100.00,19700.00,48
5682,4853338,completed,0040-05073,03,"HINGE, L LID LIFT, 300MM HDPCVD",manufactured,Aluminum 6061-T6,MS - Mill,True,1,1940.00,1940.00,3040.00,47
5682,4853338,completed,0040-05073,03,"HINGE, L LID LIFT, 300MM HDPCVD",manufactured,Aluminum 6061-T6,MS - Mill,True,5,546.00,2730.00,3830.00,47
5682,4853338,completed,0040-05073,03,"HINGE, L LID LIFT, 300MM HDPCVD",manufactured,Aluminum 6061-T6,MS - Mill,True,10,384.00,3840.00,4940.00,48
5682,4853338,completed,0040-05073,03,"HINGE, L LID LIFT, 300MM HDPCVD",manufactured,Aluminum 6061-T6,MS - Mill,True,15,330.00,4950.00,6050.00,49
5682,4853338,completed,0040-05073,03,"HINGE, L LID LIFT, 300MM HDPCVD",manufactured,Aluminum 6061-T6,MS - Mill,True,20,303.00,6060.00,7160.00,50
5682,4853338,completed,0040-05073,03,"HINGE, L LID LIFT, 300MM HDPCVD",manufactured,Aluminum 6061-T6,MS - Mill,True,25,287.00,7175.00,8275.00,51
5682,4853338,completed,0040-05073,03,"HINGE, L LID LIFT, 300MM HDPCVD",manufactured,Aluminum 6061-T6,MS - Mill,True,30,276.00,8280.00,9380.00,51
5682,4853364,completed,0040-05074,03,HINGE R LID LIFT 300MM HDPCVD,manufactured,Aluminum 6061-T6,MS - Mill,True,1,2430.00,2430.00,3530.00,46
5682,4853364,completed,0040-05074,03,HINGE R LID LIFT 300MM HDPCVD,manufactured,Aluminum 6061-T6,MS - Mill,True,5,685.00,3425.00,4525.00,47
5682,4853364,completed,0040-05074,03,HINGE R LID LIFT 300MM HDPCVD,manufactured,Aluminum 6061-T6,MS - Mill,True,10,479.00,4790.00,5890.00,48
5682,4853364,completed,0040-05074,03,HINGE R LID LIFT 300MM HDPCVD,manufactured,Aluminum 6061-T6,MS - Mill,True,15,410.00,6150.00,7250.00,49
5682,4853364,completed,0040-05074,03,HINGE R LID LIFT 300MM HDPCVD,manufactured,Aluminum 6061-T6,MS - Mill,True,20,375.00,7500.00,8600.00,50
5682,4853364,completed,0040-05074,03,HINGE R LID LIFT 300MM HDPCVD,manufactured,Aluminum 6061-T6,MS - Mill,True,25,355.00,8875.00,9975.00,51
5682,4853364,completed,0040-05074,03,HINGE R LID LIFT 300MM HDPCVD,manufactured,Aluminum 6061-T6,MS - Mill,True,30,341.00,10230.00,11330.00,51
5682,4853500,completed,0040-05109,03,"SPACER, LIFT LOW, O1-SP, 300MM",manufactured,Aluminum 6061-T6,MS - Mill,True,1,1990.00,1990.00,3390.00,47
5682,4853500,completed,0040-05109,03,"SPACER, LIFT LOW, O1-SP, 300MM",manufactured,Aluminum 6061-T6,MS - Mill,True,5,603.00,3015.00,4415.00,48
5682,4853500,completed,0040-05109,03,"SPACER, LIFT LOW, O1-SP, 300MM",manufactured,Aluminum 6061-T6,MS - Mill,True,10,441.00,4410.00,5810.00,49
5682,4853500,completed,0040-05109,03,"SPACER, LIFT LOW, O1-SP, 300MM",manufactured,Aluminum 6061-T6,MS - Mill,True,15,387.00,5805.00,7205.00,49
5682,4853500,completed,0040-05109,03,"SPACER, LIFT LOW, O1-SP, 300MM",manufactured,Aluminum 6061-T6,MS - Mill,True,20,360.00,7200.00,8600.00,50
5682,4853500,completed,0040-05109,03,"SPACER, LIFT LOW, O1-SP, 300MM",manufactured,Aluminum 6061-T6,MS - Mill,True,25,343.00,8575.00,9975.00,51
5682,4853500,completed,0040-05109,03,"SPACER, LIFT LOW, O1-SP, 300MM",manufactured,Aluminum 6061-T6,MS - Mill,True,30,333.00,9990.00,11390.00,52
5682,4853685,completed,0040-41908,03,"MOUNT, TOP AE GAS EXTENSION PLATE 300MM _HDPCVD_ULTIMA PLUS",manufactured,Aluminum 6061-T6,MS - Mill,True,1,1520.00,1520.00,2620.00,46
5682,4853685,completed,0040-41908,03,"MOUNT, TOP AE GAS EXTENSION PLATE 300MM _HDPCVD_ULTIMA PLUS",manufactured,Aluminum 6061-T6,MS - Mill,True,5,607.00,3035.00,4135.00,47
5682,4853685,completed,0040-41908,03,"MOUNT, TOP AE GAS EXTENSION PLATE 300MM _HDPCVD_ULTIMA PLUS",manufactured,Aluminum 6061-T6,MS - Mill,True,10,502.00,5020.00,6120.00,48
5682,4853685,completed,0040-41908,03,"MOUNT, TOP AE GAS EXTENSION PLATE 300MM _HDPCVD_ULTIMA PLUS",manufactured,Aluminum 6061-T6,MS - Mill,True,15,468.00,7020.00,8120.00,49
5682,4853685,completed,0040-41908,03,"MOUNT, TOP AE GAS EXTENSION PLATE 300MM _HDPCVD_ULTIMA PLUS",manufactured,Aluminum 6061-T6,MS - Mill,True,20,450.00,9000.00,10100.00,50
5682,4853685,completed,0040-41908,03,"MOUNT, TOP AE GAS EXTENSION PLATE 300MM _HDPCVD_ULTIMA PLUS",manufactured,Aluminum 6061-T6,MS - Mill,True,25,440.00,11000.00,12100.00,51
5682,4853685,completed,0040-41908,03,"MOUNT, TOP AE GAS EXTENSION PLATE 300MM _HDPCVD_ULTIMA PLUS",manufactured,Aluminum 6061-T6,MS - Mill,True,30,433.00,12990.00,14090.00,52
5682,4853789,completed,0040-41919,06,"ADAPTER, AE TOP MOUNT, SQOOMM HDPCVD ULTIMA",manufactured,Aluminum 6061-T6,MS - Mill,True,1,1220.00,1220.00,2620.00,47
5682,4853789,completed,0040-41919,06,"ADAPTER, AE TOP MOUNT, SQOOMM HDPCVD ULTIMA",manufactured,Aluminum 6061-T6,MS - Mill,True,5,319.00,1595.00,2995.00,47
5682,4853789,completed,0040-41919,06,"ADAPTER, AE TOP MOUNT, SQOOMM HDPCVD ULTIMA",manufactured,Aluminum 6061-T6,MS - Mill,True,10,207.00,2070.00,3470.00,47
5682,4853789,completed,0040-41919,06,"ADAPTER, AE TOP MOUNT, SQOOMM HDPCVD ULTIMA",manufactured,Aluminum 6061-T6,MS - Mill,True,15,169.00,2535.00,3935.00,48
5682,4853789,completed,0040-41919,06,"ADAPTER, AE TOP MOUNT, SQOOMM HDPCVD ULTIMA",manufactured,Aluminum 6061-T6,MS - Mill,True,20,151.00,3020.00,4420.00,48
5682,4853789,completed,0040-41919,06,"ADAPTER, AE TOP MOUNT, SQOOMM HDPCVD ULTIMA",manufactured,Aluminum 6061-T6,MS - Mill,True,25,141.00,3525.00,4925.00,48
5682,4853789,completed,0040-41919,06,"ADAPTER, AE TOP MOUNT, SQOOMM HDPCVD ULTIMA",manufactured,Aluminum 6061-T6,MS - Mill,True,30,135.00,4050.00,5450.00,49
5682,4853883,completed,0040-53171,03,"BIAS MATCH SWING ARM, REAR PLATE, 300MM",manufactured,Aluminum 6061-T6,MS - Mill,True,1,1460.00,1460.00,2360.00,46
5682,4853883,completed,0040-53171,03,"BIAS MATCH SWING ARM, REAR PLATE, 300MM",manufactured,Aluminum 6061-T6,MS - Mill,True,5,409.00,2045.00,2945.00,46
5682,4853883,completed,0040-53171,03,"BIAS MATCH SWING ARM, REAR PLATE, 300MM",manufactured,Aluminum 6061-T6,MS - Mill,True,10,285.00,2850.00,3750.00,47
5682,4853883,completed,0040-53171,03,"BIAS MATCH SWING ARM, REAR PLATE, 300MM",manufactured,Aluminum 6061-T6,MS - Mill,True,15,246.00,3690.00,4590.00,47
5682,4853883,completed,0040-53171,03,"BIAS MATCH SWING ARM, REAR PLATE, 300MM",manufactured,Aluminum 6061-T6,MS - Mill,True,20,226.00,4520.00,5420.00,48
5682,4853883,completed,0040-53171,03,"BIAS MATCH SWING ARM, REAR PLATE, 300MM",manufactured,Aluminum 6061-T6,MS - Mill,True,25,214.00,5350.00,6250.00,48
5682,4853883,completed,0040-53171,03,"BIAS MATCH SWING ARM, REAR PLATE, 300MM",manufactured,Aluminum 6061-T6,MS - Mill,True,30,206.00,6180.00,7080.00,49
5682,4866729,completed,0041-08120,05,"REAR POST DOME
CENTERING, HDP CVD,
300MM, ULTIMA X",manufactured,Aluminum 6061-T6,MS - Mill,True,1,1090.00,1090.00,1990.00,45
5682,4866729,completed,0041-08120,05,"REAR POST DOME
CENTERING, HDP CVD,
300MM, ULTIMA X",manufactured,Aluminum 6061-T6,MS - Mill,True,5,258.00,1290.00,2190.00,46
5682,4866729,completed,0041-08120,05,"REAR POST DOME
CENTERING, HDP CVD,
300MM, ULTIMA X",manufactured,Aluminum 6061-T6,MS - Mill,True,10,154.00,1540.00,2440.00,46
5682,4866729,completed,0041-08120,05,"REAR POST DOME
CENTERING, HDP CVD,
300MM, ULTIMA X",manufactured,Aluminum 6061-T6,MS - Mill,True,15,120.00,1800.00,2700.00,46
5682,4866729,completed,0041-08120,05,"REAR POST DOME
CENTERING, HDP CVD,
300MM, ULTIMA X",manufactured,Aluminum 6061-T6,MS - Mill,True,20,104.00,2080.00,2980.00,46
5682,4866729,completed,0041-08120,05,"REAR POST DOME
CENTERING, HDP CVD,
300MM, ULTIMA X",manufactured,Aluminum 6061-T6,MS - Mill,True,25,94.84,2371.00,3271.00,47
5682,4866729,completed,0041-08120,05,"REAR POST DOME
CENTERING, HDP CVD,
300MM, ULTIMA X",manufactured,Aluminum 6061-T6,MS - Mill,True,30,88.70,2661.00,3561.00,47
5682,4866784,completed,0041-10756,03,"FLANGE BIAS RF 3OOMM, ULTIMA HDPCVD",manufactured,Aluminum 6061-T6,MS - Mill Turn,True,1,1700.00,1700.00,3500.00,48
5682,4866784,completed,0041-10756,03,"FLANGE BIAS RF 3OOMM, ULTIMA HDPCVD",manufactured,Aluminum 6061-T6,MS - Mill Turn,True,5,427.00,2135.00,3935.00,48
5682,4866784,completed,0041-10756,03,"FLANGE BIAS RF 3OOMM, ULTIMA HDPCVD",manufactured,Aluminum 6061-T6,MS - Mill Turn,True,10,268.00,2680.00,4480.00,49
5682,4866784,completed,0041-10756,03,"FLANGE BIAS RF 3OOMM, ULTIMA HDPCVD",manufactured,Aluminum 6061-T6,MS - Mill Turn,True,15,219.00,3285.00,5085.00,49
5682,4866784,completed,0041-10756,03,"FLANGE BIAS RF 3OOMM, ULTIMA HDPCVD",manufactured,Aluminum 6061-T6,MS - Mill Turn,True,20,194.00,3880.00,5680.00,50
5682,4866784,completed,0041-10756,03,"FLANGE BIAS RF 3OOMM, ULTIMA HDPCVD",manufactured,Aluminum 6061-T6,MS - Mill Turn,True,25,179.00,4475.00,6275.00,50
5682,4866784,completed,0041-10756,03,"FLANGE BIAS RF 3OOMM, ULTIMA HDPCVD",manufactured,Aluminum 6061-T6,MS - Mill Turn,True,30,169.00,5070.00,6870.00,51
5682,4866804,completed,0042-04716,04,"BLOCK, GAS FEED, TOP
CLEAN, 300MM ULTIMA X",manufactured,Aluminum 6061-T6,MS - Mill,True,1,3870.00,3870.00,5970.00,50
5682,4866804,completed,0042-04716,04,"BLOCK, GAS FEED, TOP
CLEAN, 300MM ULTIMA X",manufactured,Aluminum 6061-T6,MS - Mill,True,5,1090.00,5450.00,7550.00,51
5682,4866804,completed,0042-04716,04,"BLOCK, GAS FEED, TOP
CLEAN, 300MM ULTIMA X",manufactured,Aluminum 6061-T6,MS - Mill,True,10,744.00,7440.00,9540.00,52
5682,4866804,completed,0042-04716,04,"BLOCK, GAS FEED, TOP
CLEAN, 300MM ULTIMA X",manufactured,Aluminum 6061-T6,MS - Mill,True,15,632.00,9480.00,11580.00,54
5682,4866804,completed,0042-04716,04,"BLOCK, GAS FEED, TOP
CLEAN, 300MM ULTIMA X",manufactured,Aluminum 6061-T6,MS - Mill,True,20,576.00,11520.00,13620.00,55
5682,4866804,completed,0042-04716,04,"BLOCK, GAS FEED, TOP
CLEAN, 300MM ULTIMA X",manufactured,Aluminum 6061-T6,MS - Mill,True,25,543.00,13575.00,15675.00,56
5682,4866804,completed,0042-04716,04,"BLOCK, GAS FEED, TOP
CLEAN, 300MM ULTIMA X",manufactured,Aluminum 6061-T6,MS - Mill,True,30,520.00,15600.00,17700.00,57
5696,4714536,completed,A0489464,02,"MOUNT, BELLOWS, DOOR ACTUATION, CHAMBER,",manufactured,Aluminum 6061-T6,MS - Mill,True,1,1020.00,1020.00,1820.00,39
5696,4714536,completed,A0489464,02,"MOUNT, BELLOWS, DOOR ACTUATION, CHAMBER,",manufactured,Aluminum 6061-T6,MS - Mill,True,5,241.00,1205.00,2005.00,40
5696,4714536,completed,A0489464,02,"MOUNT, BELLOWS, DOOR ACTUATION, CHAMBER,",manufactured,Aluminum 6061-T6,MS - Mill,True,10,144.00,1440.00,2240.00,40
5696,4714536,completed,A0489464,02,"MOUNT, BELLOWS, DOOR ACTUATION, CHAMBER,",manufactured,Aluminum 6061-T6,MS - Mill,True,20,94.90,1898.00,2698.00,40
5696,4714536,completed,A0489464,02,"MOUNT, BELLOWS, DOOR ACTUATION, CHAMBER,",manufactured,Aluminum 6061-T6,MS - Mill,True,120,54.61,6553.20,6553.20,45
5697,4748226,completed,0041-80354,03,"PLATE, LIFT MOUNT",manufactured,Aluminum 5083,MS - Mill,True,1,4090.00,4090.00,8790.00,53
5697,4748226,completed,0041-80354,03,"PLATE, LIFT MOUNT",manufactured,Aluminum 5083,MS - Mill,True,5,1320.00,6600.00,11300.00,54
5697,4748226,completed,0041-80354,03,"PLATE, LIFT MOUNT",manufactured,Aluminum 5083,MS - Mill,True,10,1010.00,10100.00,14800.00,56
5697,4748226,completed,0041-80354,03,"PLATE, LIFT MOUNT",manufactured,Aluminum 5083,MS - Mill,True,15,904.00,13560.00,18260.00,57
5697,4748226,completed,0041-80354,03,"PLATE, LIFT MOUNT",manufactured,Aluminum 5083,MS - Mill,True,25,806.00,20150.00,24850.00,60
5697,4748371,completed,0041-95990,04,"BRKT, QRTZ MNT,CIP ENP,
VPS 3.0 W QRTZ BTM,
HVM OLYMPIA",manufactured,Aluminum 6063,MS - Mill,True,1,1520.00,1520.00,2320.00,47
5697,4748371,completed,0041-95990,04,"BRKT, QRTZ MNT,CIP ENP,
VPS 3.0 W QRTZ BTM,
HVM OLYMPIA",manufactured,Aluminum 6063,MS - Mill,True,5,343.00,1715.00,2515.00,48
5697,4748371,completed,0041-95990,04,"BRKT, QRTZ MNT,CIP ENP,
VPS 3.0 W QRTZ BTM,
HVM OLYMPIA",manufactured,Aluminum 6063,MS - Mill,True,10,197.00,1970.00,2770.00,48
5697,4748371,completed,0041-95990,04,"BRKT, QRTZ MNT,CIP ENP,
VPS 3.0 W QRTZ BTM,
HVM OLYMPIA",manufactured,Aluminum 6063,MS - Mill,True,15,148.00,2220.00,3020.00,48
5697,4748371,completed,0041-95990,04,"BRKT, QRTZ MNT,CIP ENP,
VPS 3.0 W QRTZ BTM,
HVM OLYMPIA",manufactured,Aluminum 6063,MS - Mill,True,25,109.00,2725.00,3525.00,48
5697,4792282,completed,0042-03711,03,"OUTPUT MANIFOLD, SIDE
1, CENTER FLOW
CONTROL, FRONTIER,",manufactured,Aluminum 6061-T6,MS - Mill,True,1,3320.00,3320.00,6120.00,45
5697,4792282,completed,0042-03711,03,"OUTPUT MANIFOLD, SIDE
1, CENTER FLOW
CONTROL, FRONTIER,",manufactured,Aluminum 6061-T6,MS - Mill,True,5,976.00,4880.00,7680.00,46
5697,4792282,completed,0042-03711,03,"OUTPUT MANIFOLD, SIDE
1, CENTER FLOW
CONTROL, FRONTIER,",manufactured,Aluminum 6061-T6,MS - Mill,True,10,700.00,7000.00,9800.00,47
5697,4792282,completed,0042-03711,03,"OUTPUT MANIFOLD, SIDE
1, CENTER FLOW
CONTROL, FRONTIER,",manufactured,Aluminum 6061-T6,MS - Mill,True,15,607.00,9105.00,11905.00,48
5697,4792282,completed,0042-03711,03,"OUTPUT MANIFOLD, SIDE
1, CENTER FLOW
CONTROL, FRONTIER,",manufactured,Aluminum 6061-T6,MS - Mill,True,25,565.00,14125.00,16925.00,51
5697,4715342,no_quote,0042-49677,06,"COOLING HUB-FULL ENP, SA LIFT PSM",assembled,,NQ - Not a Core Competency,False,1,4559.23,4559.23,4559.23,5
5697,4715342,no_quote,0042-49677,06,"COOLING HUB-FULL ENP, SA LIFT PSM",assembled,,NQ - Not a Core Competency,False,5,1586.83,7934.15,7934.15,5
5697,4715342,no_quote,0042-49677,06,"COOLING HUB-FULL ENP, SA LIFT PSM",assembled,,NQ - Not a Core Competency,False,10,1198.40,11984.00,11984.00,5
5697,4715342,no_quote,0042-49677,06,"COOLING HUB-FULL ENP, SA LIFT PSM",assembled,,NQ - Not a Core Competency,False,15,1155.31,17329.65,17329.65,5
5697,4715342,no_quote,0042-49677,06,"COOLING HUB-FULL ENP, SA LIFT PSM",assembled,,NQ - Not a Core Competency,False,25,968.93,24223.25,24223.25,5
5703,4722017,no_quote,512-012-016-105,-,BUSHING GRIP - .020 OVERSIZE,manufactured,,,False,10,0.00,0.00,0.00,0
5701,4734408,completed,0042-93463,02,"BULK HEAD PLATE, C3
CENTRIS GP DNET & ECAT",manufactured,Steel (Galvanized),SM - Piece W/HDWE,True,1,631.00,631.00,1231.00,32
5701,4734408,completed,0042-93463,02,"BULK HEAD PLATE, C3
CENTRIS GP DNET & ECAT",manufactured,Steel (Galvanized),SM - Piece W/HDWE,True,5,160.00,800.00,1400.00,32
5701,4734408,completed,0042-93463,02,"BULK HEAD PLATE, C3
CENTRIS GP DNET & ECAT",manufactured,Steel (Galvanized),SM - Piece W/HDWE,True,10,101.00,1010.00,1610.00,32
5701,4734408,completed,0042-93463,02,"BULK HEAD PLATE, C3
CENTRIS GP DNET & ECAT",manufactured,Steel (Galvanized),SM - Piece W/HDWE,True,25,64.68,1617.00,2217.00,33
5701,4734408,completed,0042-93463,02,"BULK HEAD PLATE, C3
CENTRIS GP DNET & ECAT",manufactured,Steel (Galvanized),SM - Piece W/HDWE,True,50,52.90,2645.00,3245.00,34
5704,4722042,no_quote,512-012-018-203,-,FITTING DAMPER,manufactured,,,False,5,0.00,0.00,0.00,0
5709,4722252,no_quote,512-012-026-101,-,BUSHING SLIP RING - TR YOKE,manufactured,,,False,5,0.00,0.00,0.00,0
5706,4722101,no_quote,512-012-016-103,-,BUSHING GRIP - .010 OVERSIZE,manufactured,,,False,10,0.00,0.00,0.00,0
5707,4722152,no_quote,512-012-019-103,-,BUSHING DAMPER FITTING - .010 OVERSIZE,manufactured,,,False,10,0.00,0.00,0.00,0
5708,4722217,no_quote,512-012-021-101,-,BUFFER GRIP - TAIL ROTOR,manufactured,,,False,5,0.00,0.00,0.00,0
5699,4715532,completed,0042-56657,03,"ASSEMBLY,COVER, VALVES, C3oAP",assembled,CRS,SM - Assy,True,1,130.00,130.00,130.00,30
5699,4715532,completed,0042-56657,03,"ASSEMBLY,COVER, VALVES, C3oAP",assembled,CRS,SM - Assy,True,100,130.00,13000.00,13000.00,34
5699,4715532,completed,0042-56657,03,"ASSEMBLY,COVER, VALVES, C3oAP",assembled,CRS,SM - Assy,True,1000,130.00,130000.00,130000.00,73
5699,4773383,completed,0042-86432,03,"PANEL, FRONT CIRCUIT BREAKERS",manufactured,CRS,SM - Piece W/HDWE,True,1,115.00,115.00,115.00,33
5699,4773383,completed,0042-86432,03,"PANEL, FRONT CIRCUIT BREAKERS",manufactured,CRS,SM - Piece W/HDWE,True,100,115.00,11500.00,11500.00,42
5699,4773383,completed,0042-86432,03,"PANEL, FRONT CIRCUIT BREAKERS",manufactured,CRS,SM - Piece W/HDWE,True,1000,115.00,115000.00,115000.00,125
5699,4926047,completed,0042-86434,05,"PANEL, FRONT, EMO",manufactured,Steel (Galvanized),SM - Piece W/HDWE,True,1,57.30,57.30,57.30,30
5699,4926047,completed,0042-86434,05,"PANEL, FRONT, EMO",manufactured,Steel (Galvanized),SM - Piece W/HDWE,True,100,57.30,5730.00,5730.00,33
5699,4926047,completed,0042-86434,05,"PANEL, FRONT, EMO",manufactured,Steel (Galvanized),SM - Piece W/HDWE,True,1000,57.30,57300.00,57300.00,59
5699,4715535,completed,0042-78470,03,"BRACKET ASSY, LOTO, MITSUBISHI 3P CB, 10",assembled,Stainless Steel 304L,SM - Assy,True,1,37.22,37.22,37.22,31
5699,4715535,completed,0042-78470,03,"BRACKET ASSY, LOTO, MITSUBISHI 3P CB, 10",assembled,Stainless Steel 304L,SM - Assy,True,100,37.22,3722.00,3722.00,32
5699,4715535,completed,0042-78470,03,"BRACKET ASSY, LOTO, MITSUBISHI 3P CB, 10",assembled,Stainless Steel 304L,SM - Assy,True,1000,37.22,37220.00,37220.00,46
5699,4926780,completed,0042-85595,05,"BRACKET, MOUNTING
COMPONENTS",manufactured,CRS,SM - Piece W/HDWE,True,1,163.00,163.00,163.00,36
5699,4926780,completed,0042-85595,05,"BRACKET, MOUNTING
COMPONENTS",manufactured,CRS,SM - Piece W/HDWE,True,100,163.00,16300.00,16300.00,48
5699,4926780,completed,0042-85595,05,"BRACKET, MOUNTING
COMPONENTS",manufactured,CRS,SM - Piece W/HDWE,True,1000,163.00,163000.00,163000.00,152
5699,4734686,completed,0042-85605,04,"BRACKET, MOUNTING
CIRCUIT BREAKERS",manufactured,CRS,SM - Piece W/HDWE,True,1,147.00,147.00,147.00,36
5699,4734686,completed,0042-85605,04,"BRACKET, MOUNTING
CIRCUIT BREAKERS",manufactured,CRS,SM - Piece W/HDWE,True,100,147.00,14700.00,14700.00,45
5699,4734686,completed,0042-85605,04,"BRACKET, MOUNTING
CIRCUIT BREAKERS",manufactured,CRS,SM - Piece W/HDWE,True,1000,147.00,147000.00,147000.00,131
5699,4734530,completed,0042-86419,03,,manufactured,Steel (Galvanized),SM - Piece W/HDWE,False,1,46.00,46.00,46.00,32
5699,4734530,completed,0042-86419,03,,manufactured,Steel (Galvanized),SM - Piece W/HDWE,False,100,46.00,4600.00,4600.00,36
5699,4734530,completed,0042-86419,03,,manufactured,Steel (Galvanized),SM - Piece W/HDWE,False,1000,46.00,46000.00,46000.00,69
5711,4724564,no_quote,512-014-202-105,B,BEAM ASSEMBLY RH,manufactured,,,False,2,0.00,0.00,0.00,0
5714,4725334,no_quote,212-076-316-001,-,TUBE ASSY,manufactured,,,False,2,0.00,0.00,0.00,0
5710,4724349,no_quote,512-014-201-105,B,2,manufactured,,,False,2,0.00,0.00,0.00,0
5712,4724527,completed,512-014-432-101,-,PLUG,manufactured,Aluminum 7075-T7351,MS - Mill Turn,True,6,849.00,5094.00,8824.00,70
5713,4724905,no_quote,204-001-617-001,-,TUBE ASSY,manufactured,,,False,3,0.00,0.00,0.00,0
5705,4721916,completed,449-005-011-101,A,FRAME ASSY,manufactured,,Aerospace Assembly,False,12,789.00,9468.00,10098.00,70
5705,4721917,completed,449-075-211-103,C,PLATE ASSEMBLY,manufactured,,Aerospace Assembly,False,2,492.00,984.00,1414.00,60
5705,4721918,completed,449-075-211-105,C,PLATE ASSEMBLY,manufactured,,Aerospace Assembly,False,2,557.00,1114.00,1544.00,60
5705,4721919,completed,449-075-249-103,B,PLATE ASSEMBLY,manufactured,,Aerospace Assembly,False,2,538.00,1076.00,1506.00,60
5705,4721920,completed,449-075-249-117,C,PLATE,manufactured,Aluminum 6013-T4,SM - Piece (combo),True,2,641.00,1282.00,1712.00,60
5705,4721921,completed,449-075-355-101,-,COVER,manufactured,Aluminum 6013-T4,SM - Piece (combo),True,4,334.00,1336.00,1766.00,60
5705,4721922,completed,449-075-355-102,-,COVER,manufactured,,,False,3,429.00,1287.00,1287.00,60
5705,4721923,completed,449-075-359-101,-,COVER,manufactured,Aluminum 6013-T4,SM - Piece (combo),True,2,519.00,1038.00,1038.00,60
5705,4721924,completed,449-075-364-101,-,PLATE,manufactured,Aluminum 6013-T4,SM - Piece (combo),True,1,910.00,910.00,910.00,60
5705,4721925,completed,449-075-367-101,-,PLATE,manufactured,Aluminum 6013-T4,SM - Piece (combo),True,2,644.00,1288.00,1718.00,60
5705,4721926,completed,449-075-368-101,B,COVER,manufactured,Aluminum 6013-T4,SM - Piece (combo),True,2,603.00,1206.00,1636.00,60
5705,4721927,no_quote,449-375-013-103,,Chassis,manufactured,,,False,2,0.00,0.00,0.00,0
5705,4721928,completed,449-375-224-101,A,CHASSIS ASSEMBLY,manufactured,,,False,3,2362.00,7086.00,7806.00,70
5705,4721929,completed,449-375-225-101,A,CHASSIS ASSEMBLY,manufactured,,,False,4,1856.00,7424.00,8144.00,70
5705,4721930,completed,449-375-358-101,A,CHASSIS ASSEMBLY,manufactured,,,False,2,2819.00,5638.00,6358.00,70
5705,4721931,completed,449-375-361-101,A,CHASSIS ASSEMBLY,manufactured,Aluminum 5052,Aerospace Assembly,True,1,3784.00,3784.00,3784.00,70
5705,4721932,completed,449-375-365-101,B,CHASSIS,manufactured,,,False,2,1401.00,2802.00,3522.00,70
5705,4721933,completed,449-375-366-101,B,CHASSIS ASSEMBLY,manufactured,Aluminum 5052,Aerospace Assembly,True,2,2153.00,4306.00,5026.00,70
5705,4721934,completed,449-075-601-103,A,COVER,manufactured,Aluminum 5052,SM - Piece (combo),True,11,183.00,2013.00,2443.00,60
5705,4721935,completed,449-375-506-103,,CHASSIS ASSY,manufactured,Aluminum 5052,Aerospace Assembly,True,2,2738.00,5476.00,5476.00,80
5717,4725874,no_quote,0042-91862,02,"BRACKET, ECAT D-NET HUB, SYM3 REDHAWK GP",assembled,,NQ - No Capacity,False,1,0.00,0.00,0.00,5
5717,4725874,no_quote,0042-91862,02,"BRACKET, ECAT D-NET HUB, SYM3 REDHAWK GP",assembled,,NQ - No Capacity,False,5,0.00,0.00,0.00,5
5717,4725874,no_quote,0042-91862,02,"BRACKET, ECAT D-NET HUB, SYM3 REDHAWK GP",assembled,,NQ - No Capacity,False,10,0.00,0.00,0.00,5
5717,4725874,no_quote,0042-91862,02,"BRACKET, ECAT D-NET HUB, SYM3 REDHAWK GP",assembled,,NQ - No Capacity,False,25,0.00,0.00,0.00,5
5717,4725874,no_quote,0042-91862,02,"BRACKET, ECAT D-NET HUB, SYM3 REDHAWK GP",assembled,,NQ - No Capacity,False,50,0.00,0.00,0.00,5
5700,4927717,completed,0042-88331,06,"PANEL, REAR CONNECTORS",manufactured,CRS,SM - Piece W/HDWE,True,1,172.00,172.00,172.00,33
5700,4927717,completed,0042-88331,06,"PANEL, REAR CONNECTORS",manufactured,CRS,SM - Piece W/HDWE,True,100,172.00,17200.00,17200.00,48
5700,4927717,completed,0042-88331,06,"PANEL, REAR CONNECTORS",manufactured,CRS,SM - Piece W/HDWE,True,1000,172.00,172000.00,172000.00,178
5700,4927882,completed,0042-88329,05,"BRACKET,MOUNTING DC-PS,
RMT",manufactured,CRS,SM - Piece W/HDWE,True,1,65.72,65.72,65.72,36
5700,4927882,completed,0042-88329,05,"BRACKET,MOUNTING DC-PS,
RMT",manufactured,CRS,SM - Piece W/HDWE,True,100,65.72,6572.00,6572.00,41
5700,4927882,completed,0042-88329,05,"BRACKET,MOUNTING DC-PS,
RMT",manufactured,CRS,SM - Piece W/HDWE,True,1000,65.72,65720.00,65720.00,82
5700,4927915,completed,0042-88312,03,"WELDMENT, CHASSIS STRUCTURE",assembled,CRS,SM - Assy,True,1,634.00,634.00,634.00,34
5700,4927915,completed,0042-88312,03,"WELDMENT, CHASSIS STRUCTURE",assembled,CRS,SM - Assy,True,100,634.00,63400.00,63400.00,85
5700,4927915,completed,0042-88312,03,"WELDMENT, CHASSIS STRUCTURE",assembled,CRS,SM - Assy,True,1000,634.00,634000.00,634000.00,554
5700,4927080,completed,0042-95677,02,,assembled,CRS,SM - Assy,False,1,2940.00,2940.00,2940.00,9
5700,4927080,completed,0042-95677,02,,assembled,CRS,SM - Assy,False,100,2940.00,294000.00,294000.00,112
5700,4927080,completed,0042-95677,02,,assembled,CRS,SM - Assy,False,1000,2940.00,2940000.00,2940000.00,1048
5700,4715699,completed,0042-88310,05,"PANEL, SIDE COVER",assembled,CRS,SM - Assy,True,1,212.00,212.00,212.00,29
5700,4715699,completed,0042-88310,05,"PANEL, SIDE COVER",assembled,CRS,SM - Assy,True,100,212.00,21200.00,21200.00,31
5700,4715699,completed,0042-88310,05,"PANEL, SIDE COVER",assembled,CRS,SM - Assy,True,1000,212.00,212000.00,212000.00,55
5700,4937992,completed,0042-88311,03,"PANEL, BLANK FACILITY
CONNECTION",manufactured,Steel (Galvanized),SM - Piece W/HDWE,True,1,21.15,21.15,21.15,30
5700,4937992,completed,0042-88311,03,"PANEL, BLANK FACILITY
CONNECTION",manufactured,Steel (Galvanized),SM - Piece W/HDWE,True,100,21.15,2115.00,2115.00,32
5700,4937992,completed,0042-88311,03,"PANEL, BLANK FACILITY
CONNECTION",manufactured,Steel (Galvanized),SM - Piece W/HDWE,True,1000,21.15,21150.00,21150.00,44
5700,4727697,completed,0042-88330,03,"BRACKET, BUS BAR
MOUNTING",manufactured,Stainless Steel 304L,SM - Piece W/HDWE,True,1,18.75,18.75,18.75,35
5700,4727697,completed,0042-88330,03,"BRACKET, BUS BAR
MOUNTING",manufactured,Stainless Steel 304L,SM - Piece W/HDWE,True,100,18.75,1875.00,1875.00,36
5700,4727697,completed,0042-88330,03,"BRACKET, BUS BAR
MOUNTING",manufactured,Stainless Steel 304L,SM - Piece W/HDWE,True,1000,18.75,18750.00,18750.00,42
5720,4726057,completed,0022-27627,03,"OES BLANK-OFF, RADION, PRODUCER GT",manufactured,Aluminum 6061-T6,MS - Mill,True,7,139.00,973.00,1773.00,44
5720,4726057,completed,0022-27627,03,"OES BLANK-OFF, RADION, PRODUCER GT",manufactured,Aluminum 6061-T6,MS - Mill,True,35,139.00,4865.00,5665.00,45
5715,4725606,no_quote,0020-77240,AB,COVER BRAKE ASSEMBLY CROSS SUB-ASSEMBLY,manufactured,,No Quote,False,1,0.00,0.00,0.00,5
5715,4725606,no_quote,0020-77240,AB,COVER BRAKE ASSEMBLY CROSS SUB-ASSEMBLY,manufactured,,No Quote,False,2,0.00,0.00,0.00,5
5715,4725606,no_quote,0020-77240,AB,COVER BRAKE ASSEMBLY CROSS SUB-ASSEMBLY,manufactured,,No Quote,False,3,0.00,0.00,0.00,5
5715,4725606,no_quote,0020-77240,AB,COVER BRAKE ASSEMBLY CROSS SUB-ASSEMBLY,manufactured,,No Quote,False,5,0.00,0.00,0.00,5
5715,4725606,no_quote,0020-77240,AB,COVER BRAKE ASSEMBLY CROSS SUB-ASSEMBLY,manufactured,,No Quote,False,10,0.00,0.00,0.00,5
5721,4726246,completed,0021-31632,04,"SHAFT, MAGNET MOUNTING, SST, 300MM PVD",manufactured,Stainless Steel 304L,MS - Mill Turn,True,8,425.00,3400.00,4200.00,41
5721,4726246,completed,0021-31632,04,"SHAFT, MAGNET MOUNTING, SST, 300MM PVD",manufactured,Stainless Steel 304L,MS - Mill Turn,True,32,425.00,13600.00,14400.00,46
5718,4866968,completed,0040-70837,06,"BLADE, SHUTTER, ENCORE TAN, RPG CHBR",manufactured,Titanium 64 (Ti-6Al-4V),MS - Mill,True,1,2060.00,2060.00,2060.00,42
5718,4866968,completed,0040-70837,06,"BLADE, SHUTTER, ENCORE TAN, RPG CHBR",manufactured,Titanium 64 (Ti-6Al-4V),MS - Mill,True,182,2060.00,374920.00,374920.00,165
5718,4866968,completed,0040-70837,06,"BLADE, SHUTTER, ENCORE TAN, RPG CHBR",manufactured,Titanium 64 (Ti-6Al-4V),MS - Mill,True,1824,2060.00,3757440.00,3757440.00,1282
5716,4769082,completed,0042-93546,03,"BRACKET FRC KIT SYM 3
NGGP",manufactured,Steel (Galvanized),SM - Piece W/HDWE,True,1,662.00,662.00,1262.00,31
5716,4769082,completed,0042-93546,03,"BRACKET FRC KIT SYM 3
NGGP",manufactured,Steel (Galvanized),SM - Piece W/HDWE,True,5,204.00,1020.00,1620.00,31
5716,4769082,completed,0042-93546,03,"BRACKET FRC KIT SYM 3
NGGP",manufactured,Steel (Galvanized),SM - Piece W/HDWE,True,10,146.00,1460.00,2060.00,32
5716,4769082,completed,0042-93546,03,"BRACKET FRC KIT SYM 3
NGGP",manufactured,Steel (Galvanized),SM - Piece W/HDWE,True,25,112.00,2800.00,3400.00,33
5716,4769082,completed,0042-93546,03,"BRACKET FRC KIT SYM 3
NGGP",manufactured,Steel (Galvanized),SM - Piece W/HDWE,True,50,99.38,4969.00,5569.00,35
5723,4740654,completed,20118699,02,AXM Rotor-Sullivan Gen. Prop Ext.,manufactured,Aluminum 7075-T651,MS - Mill,True,5,2417.00,12085.00,16395.00,70
5731,4747051,no_quote,5191445,C,HANDLE,manufactured,,,False,1,0.00,0.00,0.00,0
5731,4747051,no_quote,5191445,C,HANDLE,manufactured,,,False,2,0.00,0.00,0.00,0
5731,4747051,no_quote,5191445,C,HANDLE,manufactured,,,False,4,0.00,0.00,0.00,0
5731,4747051,no_quote,5191445,C,HANDLE,manufactured,,,False,5,0.00,0.00,0.00,0
5731,4747051,no_quote,5191445,C,HANDLE,manufactured,,,False,8,0.00,0.00,0.00,0
5731,4747051,no_quote,5191445,C,HANDLE,manufactured,,,False,10,0.00,0.00,0.00,0
5719,4726010,completed,0023-11578,02,RESERVOIR SUPPORT BRACKET,manufactured,Stainless Steel 304L,SM - Piece,True,1,529.00,529.00,529.00,35
5719,4726010,completed,0023-11578,02,RESERVOIR SUPPORT BRACKET,manufactured,Stainless Steel 304L,SM - Piece,True,5,120.00,600.00,600.00,35
5719,4726010,completed,0023-11578,02,RESERVOIR SUPPORT BRACKET,manufactured,Stainless Steel 304L,SM - Piece,True,10,68.20,682.00,682.00,35
5719,4726010,completed,0023-11578,02,RESERVOIR SUPPORT BRACKET,manufactured,Stainless Steel 304L,SM - Piece,True,25,37.48,937.00,937.00,36
5719,4726010,completed,0023-11578,02,RESERVOIR SUPPORT BRACKET,manufactured,Stainless Steel 304L,SM - Piece,True,50,27.50,1375.00,1375.00,36
5719,4726010,completed,0023-11578,02,RESERVOIR SUPPORT BRACKET,manufactured,Stainless Steel 304L,SM - Piece,True,100,23.37,2337.00,2337.00,37
5719,4766082,completed,0042-87345,03,"BRACKET, GAS PALLET, REPACK CH, 300MM AL",assembled,CRS,SM - Assy,True,1,1140.00,1140.00,1140.00,28
5719,4766082,completed,0042-87345,03,"BRACKET, GAS PALLET, REPACK CH, 300MM AL",assembled,CRS,SM - Assy,True,5,320.00,1600.00,1600.00,28
5719,4766082,completed,0042-87345,03,"BRACKET, GAS PALLET, REPACK CH, 300MM AL",assembled,CRS,SM - Assy,True,10,218.00,2180.00,2180.00,28
5719,4766082,completed,0042-87345,03,"BRACKET, GAS PALLET, REPACK CH, 300MM AL",assembled,CRS,SM - Assy,True,25,156.00,3900.00,3900.00,28
5719,4766082,completed,0042-87345,03,"BRACKET, GAS PALLET, REPACK CH, 300MM AL",assembled,CRS,SM - Assy,True,50,135.00,6750.00,6750.00,29
5719,4766082,completed,0042-87345,03,"BRACKET, GAS PALLET, REPACK CH, 300MM AL",assembled,CRS,SM - Assy,True,100,125.00,12500.00,12500.00,30
5726,4741445,not_started,0020-07468,02,"NUT, SPANNER, WAFER TEMP PROBE, 300MM HD",manufactured,,,False,1,0.00,0.00,0.00,0
5726,4741445,not_started,0020-07468,02,"NUT, SPANNER, WAFER TEMP PROBE, 300MM HD",manufactured,,,False,5,0.00,0.00,0.00,0
5726,4741445,not_started,0020-07468,02,"NUT, SPANNER, WAFER TEMP PROBE, 300MM HD",manufactured,,,False,10,0.00,0.00,0.00,0
5726,4741446,not_started,0020-07469,02,"STRAIN RELIEF, WAFER TEMP, 300MM HDPCVD",manufactured,,,False,1,0.00,0.00,0.00,0
5726,4741446,not_started,0020-07469,02,"STRAIN RELIEF, WAFER TEMP, 300MM HDPCVD",manufactured,,,False,5,0.00,0.00,0.00,0
5726,4741446,not_started,0020-07469,02,"STRAIN RELIEF, WAFER TEMP, 300MM HDPCVD",manufactured,,,False,10,0.00,0.00,0.00,0
5726,4741447,not_started,0020-13168,01,"STUD THUMB NUT, BLOCK CLEAN GAS FEED, 30",manufactured,,,False,1,0.00,0.00,0.00,0
5726,4741447,not_started,0020-13168,01,"STUD THUMB NUT, BLOCK CLEAN GAS FEED, 30",manufactured,,,False,5,0.00,0.00,0.00,0
5726,4741447,not_started,0020-13168,01,"STUD THUMB NUT, BLOCK CLEAN GAS FEED, 30",manufactured,,,False,10,0.00,0.00,0.00,0
5726,4741448,not_started,0020-13671,01,"THUMB NUT, BLOCK CLEAN GAS FEED, 300MM H",manufactured,,,False,1,0.00,0.00,0.00,0
5726,4741448,not_started,0020-13671,01,"THUMB NUT, BLOCK CLEAN GAS FEED, 300MM H",manufactured,,,False,5,0.00,0.00,0.00,0
5726,4741448,not_started,0020-13671,01,"THUMB NUT, BLOCK CLEAN GAS FEED, 300MM H",manufactured,,,False,10,0.00,0.00,0.00,0
5726,4741449,not_started,0020-14668,01,"CLAMP AE, POWER AC CORD, 300MM HDPCVD UL",manufactured,,,False,1,0.00,0.00,0.00,0
5726,4741449,not_started,0020-14668,01,"CLAMP AE, POWER AC CORD, 300MM HDPCVD UL",manufactured,,,False,5,0.00,0.00,0.00,0
5726,4741449,not_started,0020-14668,01,"CLAMP AE, POWER AC CORD, 300MM HDPCVD UL",manufactured,,,False,10,0.00,0.00,0.00,0
5726,4741450,not_started,0020-18436,.A,"GROUND CAP, SIDE COIL TENSIONER",manufactured,,,False,1,0.00,0.00,0.00,0
5726,4741450,not_started,0020-18436,.A,"GROUND CAP, SIDE COIL TENSIONER",manufactured,,,False,5,0.00,0.00,0.00,0
5726,4741450,not_started,0020-18436,.A,"GROUND CAP, SIDE COIL TENSIONER",manufactured,,,False,10,0.00,0.00,0.00,0
5726,4741451,not_started,0020-18438,.A,"SUPPORT, SIDE COIL TENSIONER HDP-CVD",manufactured,,,False,1,0.00,0.00,0.00,0
5726,4741451,not_started,0020-18438,.A,"SUPPORT, SIDE COIL TENSIONER HDP-CVD",manufactured,,,False,5,0.00,0.00,0.00,0
5726,4741451,not_started,0020-18438,.A,"SUPPORT, SIDE COIL TENSIONER HDP-CVD",manufactured,,,False,10,0.00,0.00,0.00,0
5726,4741452,not_started,0020-18519,.A,"MOUNT,SWITCH,INTERLOCK",manufactured,,,False,1,0.00,0.00,0.00,0
5726,4741452,not_started,0020-18519,.A,"MOUNT,SWITCH,INTERLOCK",manufactured,,,False,5,0.00,0.00,0.00,0
5726,4741452,not_started,0020-18519,.A,"MOUNT,SWITCH,INTERLOCK",manufactured,,,False,10,0.00,0.00,0.00,0
5726,4741453,not_started,0020-47488,01,"STRAP, SIDE SOURCE MATCH, 300MM HDPCVD",manufactured,,,False,1,0.00,0.00,0.00,0
5726,4741453,not_started,0020-47488,01,"STRAP, SIDE SOURCE MATCH, 300MM HDPCVD",manufactured,,,False,5,0.00,0.00,0.00,0
5726,4741453,not_started,0020-47488,01,"STRAP, SIDE SOURCE MATCH, 300MM HDPCVD",manufactured,,,False,10,0.00,0.00,0.00,0
5727,4741489,no_quote,119T1331-05,04,CROSS BAR LFTHND THRD ANOD JCK VER2 CFD3,manufactured,,NQ - No Capacity,False,20,0.00,0.00,0.00,5
5727,4741490,no_quote,119T1332-03,03,CROSS BAR RGHTHNDTHRD ANOD JCK TRSN CFD3,manufactured,,NQ - No Capacity,False,20,0.00,0.00,0.00,5
5727,4741491,no_quote,119T1480-01,01,TORSION BAR WLDMNT CROSS BAR ANODE JACK,manufactured,,NQ - No Capacity,False,20,0.00,0.00,0.00,5
5727,4741492,no_quote,244T0292-01,E,COVER UPPER HARMONIC DRIVE ADAPTER,manufactured,,NQ - No Capacity,False,30,0.00,0.00,0.00,5
5727,4741493,no_quote,429T1526-01,D,SCREW JACK DECK SUPPORT,manufactured,,NQ - No Capacity,False,15,0.00,0.00,0.00,5
5727,4741494,no_quote,A0390299,02,"BRACKET, 1/2 IN TUBE CLAMP, 1/2 IN NPP S",manufactured,,NQ - No Capacity,False,40,0.00,0.00,0.00,5
5727,4741495,no_quote,A0406158,03,"MOUNT, BASE, MECHANISM, ADVANCED PADDLE,",manufactured,,NQ - No Capacity,False,15,0.00,0.00,0.00,5
5727,4741496,no_quote,A0411594,01,"FIXTURE, ROD CENTER FIND SWING ARM, PEC",manufactured,,NQ - No Capacity,False,5,0.00,0.00,0.00,5
5727,4741497,no_quote,A0509782,04,"BRACKET, A0470836 POWER SUPPLY",manufactured,,NQ - No Capacity,False,5,0.00,0.00,0.00,5
5727,4741498,no_quote,A0516402,03,"PANEL, REAR, COSMETIC, TOP EXHAUST, 300M",manufactured,,NQ - No Capacity,False,5,0.00,0.00,0.00,5
5727,4741499,no_quote,A0516547,05,"SHP DRW FOR A0516402, PNL, RR, COS, TP E",manufactured,,NQ - No Capacity,False,5,0.00,0.00,0.00,5
5727,4741500,no_quote,A0530269,03,"ASSEMBLY, DOOR, LEFT POD, FRONT, BULKHEA",manufactured,,NQ - No Capacity,False,5,0.00,0.00,0.00,5
5727,4741501,no_quote,A0530372,03,"ASSEMBLY, PANEL, BULKHEAD MOUNT, 2 FOUP",manufactured,,NQ - No Capacity,False,5,0.00,0.00,0.00,5
5727,4741502,no_quote,A0530374,03,"ASSEMBLY, DOOR, REAR, BULKHEAD MOUNT, 2",manufactured,,NQ - No Capacity,False,5,0.00,0.00,0.00,5
5727,4741503,no_quote,A0530732,02,"ASSEMBLY, FRONT PANEL, 2 FOUP FI, RAIDER",manufactured,,NQ - No Capacity,False,5,0.00,0.00,0.00,5
5727,4741504,no_quote,A0530835,02,"ASSEMBLY, RACEWAY COVER, 10 CHAMBER, RIG",manufactured,,NQ - No Capacity,False,5,0.00,0.00,0.00,5
5727,4741505,no_quote,A0530928,03,"ASSEMBLY, RACEWAY COVER, 10 CHAMBER, LEF",manufactured,,NQ - No Capacity,False,5,0.00,0.00,0.00,5
5732,4747380,not_started,512-030-610-241,-,CROSS MEMBER  - RAILS,manufactured,Aluminum 7075,SM - Piece,True,24,226.00,5424.00,5854.00,60
5725,4741138,no_quote,0020-22805,01,PLATE ADAPTER CLAMP WIDE BODY CHAMBER,manufactured,,NQ - Not a Core Competency,False,261,0.00,0.00,0.00,5
5725,4741139,no_quote,0020-23041,.C,"CLAMP, SHIELD 8 WAFER",manufactured,,NQ - Not a Core Competency,False,2494,0.00,0.00,0.00,5
5725,4741140,no_quote,0020-23042,03,ADAPTER SOURCE 13,manufactured,,NQ - Not a Core Competency,False,94,0.00,0.00,0.00,5
5725,4741141,no_quote,0020-23209,01,"LIFT HOOP,8WIDE BODY,101% COVERAGE",manufactured,,NQ - Not a Core Competency,False,83,0.00,0.00,0.00,5
5725,4741142,no_quote,0020-23931,01,PAD THIN POST COVER LIFT,manufactured,,NQ - Not a Core Competency,False,74,0.00,0.00,0.00,5
5725,4741143,no_quote,0020-24057,.B,BRKT VALVE WATER,manufactured,,NQ - Not a Core Competency,False,48,0.00,0.00,0.00,5
5725,4741144,no_quote,0020-25072,PC,PIN  CLMP DEGAS AT E,manufactured,,NQ - Not a Core Competency,False,59,0.00,0.00,0.00,5
5725,4741145,no_quote,0020-25838,04,"COVER,TRANSFER CHAMBER,LIGHTWEIGHT",manufactured,,NQ - Not a Core Competency,False,66,0.00,0.00,0.00,5
5725,4741146,no_quote,0020-27812,.C,PIN  ALIGNMENT G-12 SOURCE FRAME,manufactured,,NQ - Not a Core Competency,False,215,0.00,0.00,0.00,5
5725,4741147,no_quote,0020-28346,01,CLAMP RING 8 SNNF TIN ARC 6 PADS 10462A,manufactured,,NQ - Not a Core Competency,False,42,0.00,0.00,0.00,5
5725,4741148,no_quote,0020-29024,02,"INSULATOR, MAGNETIC SWITCH",manufactured,,NQ - Not a Core Competency,False,166,0.00,0.00,0.00,5
5725,4741149,no_quote,0020-29206,01,"BUSHING COIL SUPPORT, VECTRA IMP",manufactured,,NQ - Not a Core Competency,False,526,0.00,0.00,0.00,5
5725,4741150,no_quote,0020-29348,.A,CUP OUTER FEEDTHRU SUPPORT SST RECESSED,manufactured,,NQ - Not a Core Competency,False,354,0.00,0.00,0.00,5
5725,4741151,no_quote,0020-29640,PA,"REST BUTTON,ADV. 101,3.4 MM, FULL-COV.,T",manufactured,,NQ - Not a Core Competency,False,717,0.00,0.00,0.00,5
5725,4741152,no_quote,0020-29974,.A,CLAMP FEEDTHRU COIL SUPPORT 1.365L VECT,manufactured,,NQ - Not a Core Competency,False,534,0.00,0.00,0.00,5
5725,4741153,no_quote,0020-75873,01,"HOOP, 8 HTHU HEATER",manufactured,,NQ - Not a Core Competency,False,22,0.00,0.00,0.00,5
5722,4728697,completed,0270-19303,01,INSTALLATION FIXTURE_ ABATEMENT_ TL,assembled,Aluminum 6061-T6,SM - Assy,True,1,13000.00,13000.00,17400.00,45
5722,4728697,completed,0270-19303,01,INSTALLATION FIXTURE_ ABATEMENT_ TL,assembled,Aluminum 6061-T6,SM - Assy,True,3,6060.00,18180.00,22580.00,45
5722,4728697,completed,0270-19303,01,INSTALLATION FIXTURE_ ABATEMENT_ TL,assembled,Aluminum 6061-T6,SM - Assy,True,5,4680.00,23400.00,27800.00,46
5722,4728697,completed,0270-19303,01,INSTALLATION FIXTURE_ ABATEMENT_ TL,assembled,Aluminum 6061-T6,SM - Assy,True,10,3650.00,36500.00,40900.00,57
5724,4740980,completed,0020-02514,04,"SHIELD, RF EMISSIONS, CRYOSIDE, SIP TTN",manufactured,Aluminum 5052-H32,SM - Piece,True,7,90.57,633.99,633.99,17
5724,4740980,completed,0020-02514,04,"SHIELD, RF EMISSIONS, CRYOSIDE, SIP TTN",manufactured,Aluminum 5052-H32,SM - Piece,True,77,90.57,6973.89,6973.89,18
5724,4740981,completed,0020-13126,01,"COVER DC, LOWER SOURCE, FLAME RETARDANT",manufactured,Noryl,MS - Mill,True,34,65.03,2211.02,2211.02,8
5724,4740981,completed,0020-13126,01,"COVER DC, LOWER SOURCE, FLAME RETARDANT",manufactured,Noryl,MS - Mill,True,404,65.03,26272.12,26272.12,26
5724,4740982,completed,0020-20113,01,"HUB DC BIAS, SHIELD ASSY",manufactured,Stainless Steel 304L,MS - Lathe,True,187,29.34,5486.58,5486.58,14
5724,4740982,completed,0020-20113,01,"HUB DC BIAS, SHIELD ASSY",manufactured,Stainless Steel 304L,MS - Lathe,True,2239,29.34,65692.26,65692.26,61
5724,4740983,completed,0020-20119,02,PAD DC BIAS,manufactured,Stainless Steel 316L,SM - Piece,True,115,3.97,456.55,456.55,10
5724,4740983,completed,0020-20119,02,PAD DC BIAS,manufactured,Stainless Steel 316L,SM - Piece,True,1372,3.97,5446.84,5446.84,12
5724,4740984,no_quote,0020-20430,01,COLUMATOR 8,manufactured,Stainless Steel 316L,No Quote,True,127,0.00,0.00,0.00,5
5724,4740985,completed,0020-20484,01,HUB  END LAMP  COVER,manufactured,Aluminum 6061-T6,MS - Mill,True,104,96.41,10026.64,10026.64,20
5724,4740985,completed,0020-20484,01,HUB  END LAMP  COVER,manufactured,Aluminum 6061-T6,MS - Mill,True,1246,96.41,120126.86,120126.86,124
5724,4740986,completed,0020-20558,01,BLANK SLIT VALVE,manufactured,Aluminum 6061-T6,MS - Mill,True,14,125.00,1750.00,1750.00,17
5724,4740986,completed,0020-20558,01,BLANK SLIT VALVE,manufactured,Aluminum 6061-T6,MS - Mill,True,165,125.00,20625.00,20625.00,27
5724,4740987,completed,0020-20587,04,"INSERT, SLIT VALVE MACHINED",manufactured,Stainless Steel 316L,MS - Mill,True,63,889.00,56007.00,56007.00,46
5724,4740987,completed,0020-20587,04,"INSERT, SLIT VALVE MACHINED",manufactured,Stainless Steel 316L,MS - Mill,True,751,889.00,667639.00,667639.00,368
5724,4740988,completed,0020-20617,.C,BRACKET HANDLE,manufactured,Aluminum 6061-T6,MS - Mill,True,53,45.38,2405.14,2405.14,17
5724,4740988,completed,0020-20617,.C,BRACKET HANDLE,manufactured,Aluminum 6061-T6,MS - Mill,True,636,45.38,28861.68,28861.68,36
5724,4740989,completed,0020-20700,01,CLAMP END AR FLEX 8 GATE VALVE,manufactured,Aluminum 6061-T6,MS - Mill,True,25,41.40,1035.00,1035.00,10
5724,4740989,completed,0020-20700,01,CLAMP END AR FLEX 8 GATE VALVE,manufactured,Aluminum 6061-T6,MS - Mill,True,292,41.40,12088.80,12088.80,16
5724,4740990,completed,0020-20784,02,TC HOLDER,manufactured,Aluminum 6061-T6,MS - Mill,True,16,69.44,1111.04,1111.04,17
5724,4740990,completed,0020-20784,02,TC HOLDER,manufactured,Aluminum 6061-T6,MS - Mill,True,181,69.44,12568.64,12568.64,23
5724,4740991,completed,0020-21366,01,SCREW SHOULDER DC BIAS TIW,manufactured,Stainless Steel 304L,MS - Mill Turn,True,603,27.26,16437.78,16437.78,23
5724,4740991,completed,0020-21366,01,SCREW SHOULDER DC BIAS TIW,manufactured,Stainless Steel 304L,MS - Mill Turn,True,7227,27.26,197008.02,197008.02,162
5724,4740992,completed,0020-21485,.D,PLATE CONTACT DC SOURCE 13 LEFT,manufactured,Brass,MS - Mill,True,26,67.15,1745.90,1745.90,6
5724,4740992,completed,0020-21485,.D,PLATE CONTACT DC SOURCE 13 LEFT,manufactured,Brass,MS - Mill,True,302,67.15,20279.30,20279.30,16
5724,4740993,completed,0020-21704,01,CHUCK ORIENTER 5,manufactured,Aluminum 6061-T6,MS - Mill Turn,True,4,289.00,1156.00,1156.00,13
5724,4740993,completed,0020-21704,01,CHUCK ORIENTER 5,manufactured,Aluminum 6061-T6,MS - Mill Turn,True,42,289.00,12138.00,12138.00,15
5724,4740994,completed,0020-22805,01,PLATE ADAPTER CLAMP WIDE BODY CHAMBER,manufactured,Aluminum 6061-T6,SM - Piece,True,22,37.73,830.06,830.06,12
5724,4740994,completed,0020-22805,01,PLATE ADAPTER CLAMP WIDE BODY CHAMBER,manufactured,Aluminum 6061-T6,SM - Piece,True,261,37.73,9847.53,9847.53,18
5734,4747743,no_quote,0040-75902,03,"TUBE, ROBOT",manufactured,,NQ - Not a Core Competency,False,1,0.00,0.00,0.00,5
5734,4747743,no_quote,0040-75902,03,"TUBE, ROBOT",manufactured,,NQ - Not a Core Competency,False,5,0.00,0.00,0.00,5
5734,4747743,no_quote,0040-75902,03,"TUBE, ROBOT",manufactured,,NQ - Not a Core Competency,False,10,0.00,0.00,0.00,5
5734,4747743,no_quote,0040-75902,03,"TUBE, ROBOT",manufactured,,NQ - Not a Core Competency,False,15,0.00,0.00,0.00,5
5736,4748114,completed,220-37923-000,04,"MACHINE BLOCK ITEM-3 SST 12GA, 0041-07124-05",manufactured,,Historical Part Requote,False,1,146.50,146.50,146.50,20
5736,4748114,completed,220-37923-000,04,"MACHINE BLOCK ITEM-3 SST 12GA, 0041-07124-05",manufactured,,Historical Part Requote,False,5,70.32,351.60,351.60,20
5736,4748114,completed,220-37923-000,04,"MACHINE BLOCK ITEM-3 SST 12GA, 0041-07124-05",manufactured,,Historical Part Requote,False,10,58.60,586.00,586.00,20
5736,4748114,completed,220-37923-000,04,"MACHINE BLOCK ITEM-3 SST 12GA, 0041-07124-05",manufactured,,Historical Part Requote,False,25,46.88,1172.00,1172.00,20
5736,4748114,completed,220-37923-000,04,"MACHINE BLOCK ITEM-3 SST 12GA, 0041-07124-05",manufactured,,Historical Part Requote,False,50,40.05,2002.50,2002.50,20
5736,4748114,completed,220-37923-000,04,"MACHINE BLOCK ITEM-3 SST 12GA, 0041-07124-05",manufactured,,Historical Part Requote,False,100,40.05,4005.00,4005.00,20
5733,4747680,completed,0020-01927,03,"CLAMP TO COIL, UPPER CHAMBER, ULTIMA",manufactured,Copper 101,MS - Mill,True,1,1630.00,1630.00,2930.00,45
5733,4747680,completed,0020-01927,03,"CLAMP TO COIL, UPPER CHAMBER, ULTIMA",manufactured,Copper 101,MS - Mill,True,5,391.00,1955.00,3255.00,45
5733,4747680,completed,0020-01927,03,"CLAMP TO COIL, UPPER CHAMBER, ULTIMA",manufactured,Copper 101,MS - Mill,True,10,238.00,2380.00,3680.00,46
5733,4747680,completed,0020-01927,03,"CLAMP TO COIL, UPPER CHAMBER, ULTIMA",manufactured,Copper 101,MS - Mill,True,20,155.00,3100.00,4400.00,47
5733,4747680,completed,0020-01927,03,"CLAMP TO COIL, UPPER CHAMBER, ULTIMA",manufactured,Copper 101,MS - Mill,True,48,110.00,5280.00,5280.00,49
5730,4741869,no_quote,0270-19195,01,"SERVICE CART, PRIME AND HENDRIX CHAMBER",assembled,,NQ - No Capacity,False,1,0.00,0.00,0.00,5
5730,4741869,no_quote,0270-19195,01,"SERVICE CART, PRIME AND HENDRIX CHAMBER",assembled,,NQ - No Capacity,False,2,0.00,0.00,0.00,5
5730,4741869,no_quote,0270-19195,01,"SERVICE CART, PRIME AND HENDRIX CHAMBER",assembled,,NQ - No Capacity,False,5,0.00,0.00,0.00,5
5730,4741869,no_quote,0270-19195,01,"SERVICE CART, PRIME AND HENDRIX CHAMBER",assembled,,NQ - No Capacity,False,10,0.00,0.00,0.00,5
5728,5018686,completed,A0596936,02,"SHP DWG FOR
E170434350 ITEM 20
3 X 3 X 1/4 WALL",manufactured,HRS,SM - Tube,True,1,459.00,459.00,459.00,4
5728,5018686,completed,A0596936,02,"SHP DWG FOR
E170434350 ITEM 20
3 X 3 X 1/4 WALL",manufactured,HRS,SM - Tube,True,30,90.43,2712.90,2712.90,5
5728,5018686,completed,A0596936,02,"SHP DWG FOR
E170434350 ITEM 20
3 X 3 X 1/4 WALL",manufactured,HRS,SM - Tube,True,300,79.76,23928.00,23928.00,9
5728,5018691,completed,A0596937,03,"SHP DWG FOR E170434350 ITEM 18, TUBING,",manufactured,HRS,SM - Tube,True,1,383.00,383.00,383.00,4
5728,5018691,completed,A0596937,03,"SHP DWG FOR E170434350 ITEM 18, TUBING,",manufactured,HRS,SM - Tube,True,30,51.00,1530.00,1530.00,5
5728,5018691,completed,A0596937,03,"SHP DWG FOR E170434350 ITEM 18, TUBING,",manufactured,HRS,SM - Tube,True,300,41.09,12327.00,12327.00,8
5728,5019269,completed,A0596939,03,"SHP DWG FOR E170434350 ITEM 32, TUBING,",manufactured,HRS,SM - Tube,True,1,1170.00,1170.00,1170.00,5
5728,5019269,completed,A0596939,03,"SHP DWG FOR E170434350 ITEM 32, TUBING,",manufactured,HRS,SM - Tube,True,30,456.00,13680.00,13680.00,10
5728,5019269,completed,A0596939,03,"SHP DWG FOR E170434350 ITEM 32, TUBING,",manufactured,HRS,SM - Tube,True,300,438.00,131400.00,131400.00,63
5728,5019369,completed,A0596941,03,"SHP DWG FOR E170434350 ITEM 34, TUBING,",manufactured,HRS,SM - Tube,True,1,423.00,423.00,423.00,5
5728,5019369,completed,A0596941,03,"SHP DWG FOR E170434350 ITEM 34, TUBING,",manufactured,HRS,SM - Tube,True,30,153.00,4590.00,4590.00,10
5728,5019369,completed,A0596941,03,"SHP DWG FOR E170434350 ITEM 34, TUBING,",manufactured,HRS,SM - Tube,True,300,146.00,43800.00,43800.00,52
5728,5019375,completed,A0596943,04,"SHP DWG FOR E170434350 ITEM 33, TUBING,",manufactured,HRS,SM - Tube,True,1,740.19,740.19,740.19,5
5728,5019375,completed,A0596943,04,"SHP DWG FOR E170434350 ITEM 33, TUBING,",manufactured,HRS,SM - Tube,True,30,339.42,10182.60,10182.60,13
5728,5019375,completed,A0596943,04,"SHP DWG FOR E170434350 ITEM 33, TUBING,",manufactured,HRS,SM - Tube,True,300,330.23,99069.00,99069.00,85
5728,5018687,completed,A0596945,02,"SHP DWG FOR E170434350 ITEM 28, TUBING,",manufactured,HRS,SM - Tube,True,1,562.00,562.00,562.00,5
5728,5018687,completed,A0596945,02,"SHP DWG FOR E170434350 ITEM 28, TUBING,",manufactured,HRS,SM - Tube,True,30,225.00,6750.00,6750.00,9
5728,5018687,completed,A0596945,02,"SHP DWG FOR E170434350 ITEM 28, TUBING,",manufactured,HRS,SM - Tube,True,300,216.00,64800.00,64800.00,48
5728,5019421,completed,A0596947,02,"SHP DWG FOR E170434350 ITEM 31, TUBING,",manufactured,HRS,SM - Tube,True,1,226.00,226.00,226.00,4
5728,5019421,completed,A0596947,02,"SHP DWG FOR E170434350 ITEM 31, TUBING,",manufactured,HRS,SM - Tube,True,30,61.03,1830.90,1830.90,5
5728,5019421,completed,A0596947,02,"SHP DWG FOR E170434350 ITEM 31, TUBING,",manufactured,HRS,SM - Tube,True,300,56.46,16938.00,16938.00,11
5728,5019444,completed,A0596949,02,"SHP DWG FOR E170434350 ITEM 26, TUBING,",manufactured,HRS,SM - Tube,True,1,239.00,239.00,239.00,4
5728,5019444,completed,A0596949,02,"SHP DWG FOR E170434350 ITEM 26, TUBING,",manufactured,HRS,SM - Tube,True,30,37.43,1122.90,1122.90,5
5728,5019444,completed,A0596949,02,"SHP DWG FOR E170434350 ITEM 26, TUBING,",manufactured,HRS,SM - Tube,True,300,31.48,9444.00,9444.00,7
5728,5019462,completed,A0596951,02,"SHP DWG FOR E170434350 ITEM 29, TUBING,",manufactured,HRS,SM - Tube,True,1,401.00,401.00,401.00,5
5728,5019462,completed,A0596951,02,"SHP DWG FOR E170434350 ITEM 29, TUBING,",manufactured,HRS,SM - Tube,True,30,141.00,4230.00,4230.00,6
5728,5019462,completed,A0596951,02,"SHP DWG FOR E170434350 ITEM 29, TUBING,",manufactured,HRS,SM - Tube,True,300,135.00,40500.00,40500.00,22
5728,5019464,completed,A0596954,03,"SHP DWG FOR E170434350 ITEM 24, TUBING,",manufactured,HRS,SM - Tube,True,1,392.00,392.00,392.00,4
5728,5019464,completed,A0596954,03,"SHP DWG FOR E170434350 ITEM 24, TUBING,",manufactured,HRS,SM - Tube,True,30,85.97,2579.10,2579.10,5
5728,5019464,completed,A0596954,03,"SHP DWG FOR E170434350 ITEM 24, TUBING,",manufactured,HRS,SM - Tube,True,300,77.24,23172.00,23172.00,9
5728,5018694,completed,A0596956,03,"SHP DWG FOR E170434350 ITEM 30, TUBING,",manufactured,HRS,SM - Tube,True,1,1280.00,1280.00,1280.00,5
5728,5018694,completed,A0596956,03,"SHP DWG FOR E170434350 ITEM 30, TUBING,",manufactured,HRS,SM - Tube,True,30,592.00,17760.00,17760.00,14
5728,5018694,completed,A0596956,03,"SHP DWG FOR E170434350 ITEM 30, TUBING,",manufactured,HRS,SM - Tube,True,300,576.00,172800.00,172800.00,103
5728,5018690,completed,A0596964,02,"SHP DWG FOR E170434350 ITEM 16, TUBING,",manufactured,HRS,SM - Tube,True,1,203.00,203.00,203.00,4
5728,5018690,completed,A0596964,02,"SHP DWG FOR E170434350 ITEM 16, TUBING,",manufactured,HRS,SM - Tube,True,30,18.80,564.00,564.00,4
5728,5018690,completed,A0596964,02,"SHP DWG FOR E170434350 ITEM 16, TUBING,",manufactured,HRS,SM - Tube,True,300,13.20,3960.00,3960.00,6
5728,5019481,completed,A0596966,02,"SHP DWG FOR E170434350 ITEM 35, TUBING,",manufactured,HRS,SM - Tube,True,1,704.00,704.00,704.00,4
5728,5019481,completed,A0596966,02,"SHP DWG FOR E170434350 ITEM 35, TUBING,",manufactured,HRS,SM - Tube,True,30,298.00,8940.00,8940.00,7
5728,5019481,completed,A0596966,02,"SHP DWG FOR E170434350 ITEM 35, TUBING,",manufactured,HRS,SM - Tube,True,300,288.00,86400.00,86400.00,28
5728,5019490,completed,A0596969,03,"SHP DWG FOR E170434350 ITEM 25, TUBING,",manufactured,HRS,SM - Tube,True,1,226.00,226.00,226.00,4
5728,5019490,completed,A0596969,03,"SHP DWG FOR E170434350 ITEM 25, TUBING,",manufactured,HRS,SM - Tube,True,30,30.83,924.90,924.90,4
5728,5019490,completed,A0596969,03,"SHP DWG FOR E170434350 ITEM 25, TUBING,",manufactured,HRS,SM - Tube,True,300,25.02,7506.00,7506.00,6
5728,5019492,completed,A0596970,02,"SHP DWG FOR E170434350 ITEM 27, TUBING,",manufactured,HRS,SM - Tube,True,1,529.00,529.00,529.00,4
5728,5019492,completed,A0596970,02,"SHP DWG FOR E170434350 ITEM 27, TUBING,",manufactured,HRS,SM - Tube,True,30,127.00,3810.00,3810.00,5
5728,5019492,completed,A0596970,02,"SHP DWG FOR E170434350 ITEM 27, TUBING,",manufactured,HRS,SM - Tube,True,300,116.00,34800.00,34800.00,10
5728,5018697,completed,A0596975,02,"SHP DWG FOR E170434350 ITEM 21, TUBING,",manufactured,HRS,SM - Tube,True,1,666.00,666.00,666.00,4
5728,5018697,completed,A0596975,02,"SHP DWG FOR E170434350 ITEM 21, TUBING,",manufactured,HRS,SM - Tube,True,30,137.00,4110.00,4110.00,5
5728,5018697,completed,A0596975,02,"SHP DWG FOR E170434350 ITEM 21, TUBING,",manufactured,HRS,SM - Tube,True,300,122.00,36600.00,36600.00,12
5728,5018696,completed,A0596977,02,"SHP DWG FOR E170434350 ITEM 22, TUBING,",manufactured,HRS,SM - Tube,True,1,520.00,520.00,520.00,4
5728,5018696,completed,A0596977,02,"SHP DWG FOR E170434350 ITEM 22, TUBING,",manufactured,HRS,SM - Tube,True,30,122.00,3660.00,3660.00,5
5728,5018696,completed,A0596977,02,"SHP DWG FOR E170434350 ITEM 22, TUBING,",manufactured,HRS,SM - Tube,True,300,111.00,33300.00,33300.00,11
5728,5018688,completed,A0596978,02,"SHP DWG FOR E170434350 ITEM 4, TUBING, 2",manufactured,HRS,SM - Tube,True,1,458.00,458.00,458.00,4
5728,5018688,completed,A0596978,02,"SHP DWG FOR E170434350 ITEM 4, TUBING, 2",manufactured,HRS,SM - Tube,True,30,89.63,2688.90,2688.90,5
5728,5018688,completed,A0596978,02,"SHP DWG FOR E170434350 ITEM 4, TUBING, 2",manufactured,HRS,SM - Tube,True,300,79.00,23700.00,23700.00,9
5728,5018689,completed,A0596979,02,"SHP DWG FOR E170434350 ITEM 19, TUBING,",manufactured,HRS,SM - Tube,True,1,318.00,318.00,318.00,4
5728,5018689,completed,A0596979,02,"SHP DWG FOR E170434350 ITEM 19, TUBING,",manufactured,HRS,SM - Tube,True,30,47.73,1431.90,1431.90,5
5728,5018689,completed,A0596979,02,"SHP DWG FOR E170434350 ITEM 19, TUBING,",manufactured,HRS,SM - Tube,True,300,39.73,11919.00,11919.00,7
5728,5018698,completed,A0596980,02,"SHP DWG FOR E170434350 ITEM 17, TUBING,",manufactured,HRS,SM - Tube,True,1,306.00,306.00,306.00,4
5728,5018698,completed,A0596980,02,"SHP DWG FOR E170434350 ITEM 17, TUBING,",manufactured,HRS,SM - Tube,True,30,41.67,1250.10,1250.10,5
5728,5018698,completed,A0596980,02,"SHP DWG FOR E170434350 ITEM 17, TUBING,",manufactured,HRS,SM - Tube,True,300,33.78,10134.00,10134.00,7
5728,5018695,completed,A0596981,02,"SHP DWG FOR E170434350 ITEM 23, TUBING,",manufactured,HRS,SM - Tube,True,1,311.00,311.00,311.00,4
5728,5018695,completed,A0596981,02,"SHP DWG FOR E170434350 ITEM 23, TUBING,",manufactured,HRS,SM - Tube,True,30,44.53,1335.90,1335.90,5
5728,5018695,completed,A0596981,02,"SHP DWG FOR E170434350 ITEM 23, TUBING,",manufactured,HRS,SM - Tube,True,300,36.60,10980.00,10980.00,7
5740,4749198,completed,0021-34767,02,"TUBE, FEEDTHRU, PRECURSOR, METAL ALD 300",manufactured,,,False,100,0.00,0.00,0.00,0
5740,4749199,no_quote,0022-41330,03,"CHAMBER LINER, UPPER,SIDE WALL,PRECISION",manufactured,,,False,60,0.00,0.00,0.00,0
5740,4749200,no_quote,0023-01843,05,CATHODE LINER,manufactured,,,False,32,0.00,0.00,0.00,0
5740,4749201,completed,0041-49226,05,"ADAPTER, #205 ORING TO NW16, LOMBARD, AL",assembled,,,False,308,0.00,0.00,0.00,0
5740,4749202,completed,0042-16916,03,"BLANK OFF, SiGe RPS ADAPTER, SRP, PRODUC",assembled,,,False,89,0.00,0.00,0.00,0
5740,4749203,no_quote,0042-80826,02,"2X MIN CONTACT OPEN BLOCKER PLATE, PRECI",assembled,,,False,20,0.00,0.00,0.00,0
5741,4772269,completed,449-075-206-101,A,PLATE ASSEMBLY,manufactured,Aluminum 6013-T4,SM - Piece,True,2,981.00,1962.00,1962.00,60
5741,4772270,completed,449-075-206-103,A,PLATE ASSEMBLY,manufactured,Aluminum 6013-T4,SM - Piece,True,2,928.00,1856.00,1856.00,60
5738,4778893,completed,0041-28378,02,"BLOCK, SHAFT RETAINER,",manufactured,Aluminum 6061-T6,MS - Mill,True,1,1380.00,1380.00,2180.00,45
5738,4778893,completed,0041-28378,02,"BLOCK, SHAFT RETAINER,",manufactured,Aluminum 6061-T6,MS - Mill,True,5,336.00,1680.00,2480.00,45
5738,4778893,completed,0041-28378,02,"BLOCK, SHAFT RETAINER,",manufactured,Aluminum 6061-T6,MS - Mill,True,10,206.00,2060.00,2860.00,46
5738,4778893,completed,0041-28378,02,"BLOCK, SHAFT RETAINER,",manufactured,Aluminum 6061-T6,MS - Mill,True,15,162.00,2430.00,3230.00,46
5738,4778893,completed,0041-28378,02,"BLOCK, SHAFT RETAINER,",manufactured,Aluminum 6061-T6,MS - Mill,True,25,129.00,3225.00,4025.00,46
5729,4741725,no_quote,0270-17168,02,"UPPER LAMP/CLAMP RING, X-FIXTURE",assembled,,NQ - No Capacity,False,1,0.00,0.00,0.00,5
5729,4741725,no_quote,0270-17168,02,"UPPER LAMP/CLAMP RING, X-FIXTURE",assembled,,NQ - No Capacity,False,2,0.00,0.00,0.00,5
5729,4741725,no_quote,0270-17168,02,"UPPER LAMP/CLAMP RING, X-FIXTURE",assembled,,NQ - No Capacity,False,5,0.00,0.00,0.00,5
5729,4741725,no_quote,0270-17168,02,"UPPER LAMP/CLAMP RING, X-FIXTURE",assembled,,NQ - No Capacity,False,10,0.00,0.00,0.00,5
5729,4741726,no_quote,0270-17169,02,FIXTURE-CHAMBER BASE PLATE,assembled,,NQ - No Capacity,False,1,0.00,0.00,0.00,5
5729,4741726,no_quote,0270-17169,02,FIXTURE-CHAMBER BASE PLATE,assembled,,NQ - No Capacity,False,2,0.00,0.00,0.00,5
5729,4741726,no_quote,0270-17169,02,FIXTURE-CHAMBER BASE PLATE,assembled,,NQ - No Capacity,False,5,0.00,0.00,0.00,5
5729,4741726,no_quote,0270-17169,02,FIXTURE-CHAMBER BASE PLATE,assembled,,NQ - No Capacity,False,10,0.00,0.00,0.00,5
5746,4774328,no_quote,0040-06823,3P,PANEL CENTER SHORT POLISHER SKIN INTEL,manufactured,,NQ - No Capacity,False,1,0.00,0.00,0.00,5
5746,4774328,no_quote,0040-06823,3P,PANEL CENTER SHORT POLISHER SKIN INTEL,manufactured,,NQ - No Capacity,False,5,0.00,0.00,0.00,5
5746,4774328,no_quote,0040-06823,3P,PANEL CENTER SHORT POLISHER SKIN INTEL,manufactured,,NQ - No Capacity,False,10,0.00,0.00,0.00,5
5746,4774328,no_quote,0040-06823,3P,PANEL CENTER SHORT POLISHER SKIN INTEL,manufactured,,NQ - No Capacity,False,15,0.00,0.00,0.00,5
5745,4774123,completed,0010-73106,01,"ASSEMBLY, CONTROLLER, AC FRAME, CENTURA",manufactured,,Historical Part Requote,False,1,9676.00,9676.00,9676.00,50
5745,4774123,completed,0010-73106,01,"ASSEMBLY, CONTROLLER, AC FRAME, CENTURA",manufactured,,Historical Part Requote,False,5,9676.00,48380.00,48380.00,50
5745,4774123,completed,0010-73106,01,"ASSEMBLY, CONTROLLER, AC FRAME, CENTURA",manufactured,,Historical Part Requote,False,10,9676.00,96760.00,96760.00,50
5744,4773296,completed,415-00376,00,"LIP, BARREL SEAL, SINGLE SWEEP, RIVETED HULL, 
SPYGLASS",manufactured,Aluminum 6061-T651,MS - Mill,True,1,15200.00,15200.00,19200.00,10
5744,4773296,completed,415-00376,00,"LIP, BARREL SEAL, SINGLE SWEEP, RIVETED HULL, 
SPYGLASS",manufactured,Aluminum 6061-T651,MS - Mill,True,10,7280.00,72800.00,76800.00,10
5735,4747881,completed,0021-42053,06,"PLATE, LOTO (ACD) ENDURA 2",manufactured,,Historical Part Requote,False,1,37.50,37.50,37.50,15
5735,4747881,completed,0021-42053,06,"PLATE, LOTO (ACD) ENDURA 2",manufactured,,Historical Part Requote,False,5,18.00,90.00,90.00,15
5735,4747881,completed,0021-42053,06,"PLATE, LOTO (ACD) ENDURA 2",manufactured,,Historical Part Requote,False,10,13.75,137.50,137.50,15
5735,4747881,completed,0021-42053,06,"PLATE, LOTO (ACD) ENDURA 2",manufactured,,Historical Part Requote,False,25,12.00,300.00,300.00,15
5735,4747881,completed,0021-42053,06,"PLATE, LOTO (ACD) ENDURA 2",manufactured,,Historical Part Requote,False,50,11.77,588.50,588.50,15
5735,4747881,completed,0021-42053,06,"PLATE, LOTO (ACD) ENDURA 2",manufactured,,Historical Part Requote,False,100,11.77,1177.00,1177.00,15
5735,4888782,completed,0041-00627,10,"PANEL REAR, AC BOX CVD/
ALD ENDURA2",manufactured,CRS,SM - Piece W/HDWE,True,1,549.00,549.00,649.00,14
5735,4888782,completed,0041-00627,10,"PANEL REAR, AC BOX CVD/
ALD ENDURA2",manufactured,CRS,SM - Piece W/HDWE,True,5,140.00,700.00,800.00,14
5735,4888782,completed,0041-00627,10,"PANEL REAR, AC BOX CVD/
ALD ENDURA2",manufactured,CRS,SM - Piece W/HDWE,True,10,94.20,942.00,1042.00,15
5735,4888782,completed,0041-00627,10,"PANEL REAR, AC BOX CVD/
ALD ENDURA2",manufactured,CRS,SM - Piece W/HDWE,True,25,69.52,1738.00,1838.00,15
5735,4888782,completed,0041-00627,10,"PANEL REAR, AC BOX CVD/
ALD ENDURA2",manufactured,CRS,SM - Piece W/HDWE,True,50,61.06,3053.00,3153.00,16
5735,4888782,completed,0041-00627,10,"PANEL REAR, AC BOX CVD/
ALD ENDURA2",manufactured,CRS,SM - Piece W/HDWE,True,100,56.85,5685.00,5685.00,18
5735,4747883,completed,0041-28569,07,"PANEL FRONT, AC BOX CVD/ALD ENDURA2",assembled,CRS,SM - Assy,True,1,1060.00,1060.00,1660.00,37
5735,4747883,completed,0041-28569,07,"PANEL FRONT, AC BOX CVD/ALD ENDURA2",assembled,CRS,SM - Assy,True,5,337.00,1685.00,2285.00,38
5735,4747883,completed,0041-28569,07,"PANEL FRONT, AC BOX CVD/ALD ENDURA2",assembled,CRS,SM - Assy,True,10,258.00,2580.00,3180.00,39
5735,4747883,completed,0041-28569,07,"PANEL FRONT, AC BOX CVD/ALD ENDURA2",assembled,CRS,SM - Assy,True,25,210.00,5250.00,5850.00,41
5735,4747883,completed,0041-28569,07,"PANEL FRONT, AC BOX CVD/ALD ENDURA2",assembled,CRS,SM - Assy,True,50,195.00,9750.00,10350.00,45
5735,4747883,completed,0041-28569,07,"PANEL FRONT, AC BOX CVD/ALD ENDURA2",assembled,CRS,SM - Assy,True,100,187.00,18700.00,18700.00,53
5735,4747884,completed,0020-45895,05,"BUSS BAR, JUMPER  1 FPR CB'S, (ACD) REPA",manufactured,,Historical Part Requote,False,1,31.35,31.35,31.35,15
5735,4747884,completed,0020-45895,05,"BUSS BAR, JUMPER  1 FPR CB'S, (ACD) REPA",manufactured,,Historical Part Requote,False,5,16.72,83.60,83.60,15
5735,4747884,completed,0020-45895,05,"BUSS BAR, JUMPER  1 FPR CB'S, (ACD) REPA",manufactured,,Historical Part Requote,False,10,13.79,137.90,137.90,15
5735,4747884,completed,0020-45895,05,"BUSS BAR, JUMPER  1 FPR CB'S, (ACD) REPA",manufactured,,Historical Part Requote,False,25,11.86,296.50,296.50,15
5735,4747884,completed,0020-45895,05,"BUSS BAR, JUMPER  1 FPR CB'S, (ACD) REPA",manufactured,,Historical Part Requote,False,50,10.66,533.00,533.00,15
5735,4747884,completed,0020-45895,05,"BUSS BAR, JUMPER  1 FPR CB'S, (ACD) REPA",manufactured,,Historical Part Requote,False,100,9.14,914.00,914.00,15
5735,4747885,completed,0020-63528,05,BRACKET SIDE MOUNTING AC BOX,manufactured,,Historical Part Requote,False,1,57.05,57.05,57.05,15
5735,4747885,completed,0020-63528,05,BRACKET SIDE MOUNTING AC BOX,manufactured,,Historical Part Requote,False,5,30.43,152.15,152.15,15
5735,4747885,completed,0020-63528,05,BRACKET SIDE MOUNTING AC BOX,manufactured,,Historical Part Requote,False,10,25.10,251.00,251.00,15
5735,4747885,completed,0020-63528,05,BRACKET SIDE MOUNTING AC BOX,manufactured,,Historical Part Requote,False,25,21.58,539.50,539.50,15
5735,4747885,completed,0020-63528,05,BRACKET SIDE MOUNTING AC BOX,manufactured,,Historical Part Requote,False,50,17.90,895.00,895.00,15
5735,4747885,completed,0020-63528,05,BRACKET SIDE MOUNTING AC BOX,manufactured,,Historical Part Requote,False,100,16.63,1663.00,1663.00,15
5735,4747886,completed,0040-88182,06,BEZEL CB AC BOX CVD ENDURA2,assembled,CRS,SM - Assy,True,1,832.00,832.00,832.00,20
5735,4747886,completed,0040-88182,06,BEZEL CB AC BOX CVD ENDURA2,assembled,CRS,SM - Assy,True,5,250.00,1250.00,1250.00,20
5735,4747886,completed,0040-88182,06,BEZEL CB AC BOX CVD ENDURA2,assembled,CRS,SM - Assy,True,10,177.00,1770.00,1770.00,20
5735,4747886,completed,0040-88182,06,BEZEL CB AC BOX CVD ENDURA2,assembled,CRS,SM - Assy,True,25,134.00,3350.00,3350.00,20
5735,4747886,completed,0040-88182,06,BEZEL CB AC BOX CVD ENDURA2,assembled,CRS,SM - Assy,True,50,119.00,5950.00,5950.00,20
5735,4747886,completed,0040-88182,06,BEZEL CB AC BOX CVD ENDURA2,assembled,CRS,SM - Assy,True,100,112.00,11200.00,11200.00,25
5735,4889873,completed,0040-94097,06,"BRKT, SAFETY SHIELD,
AC CVD ENDURA2",manufactured,CRS,SM - Piece W/HDWE,True,1,534.00,534.00,1134.00,36
5735,4889873,completed,0040-94097,06,"BRKT, SAFETY SHIELD,
AC CVD ENDURA2",manufactured,CRS,SM - Piece W/HDWE,True,5,118.00,590.00,1190.00,36
5735,4889873,completed,0040-94097,06,"BRKT, SAFETY SHIELD,
AC CVD ENDURA2",manufactured,CRS,SM - Piece W/HDWE,True,10,65.20,652.00,1252.00,36
5735,4889873,completed,0040-94097,06,"BRKT, SAFETY SHIELD,
AC CVD ENDURA2",manufactured,CRS,SM - Piece W/HDWE,True,25,33.92,848.00,1448.00,37
5735,4889873,completed,0040-94097,06,"BRKT, SAFETY SHIELD,
AC CVD ENDURA2",manufactured,CRS,SM - Piece W/HDWE,True,50,23.46,1173.00,1773.00,37
5735,4889873,completed,0040-94097,06,"BRKT, SAFETY SHIELD,
AC CVD ENDURA2",manufactured,CRS,SM - Piece W/HDWE,True,100,18.87,1887.00,1887.00,38
5735,4889889,completed,0040-99986,04,"INTERFACE, ACD CCT,
CVD/ALD ENDURA2",manufactured,CRS,SM - Piece W/HDWE,True,1,560.00,560.00,1160.00,36
5735,4889889,completed,0040-99986,04,"INTERFACE, ACD CCT,
CVD/ALD ENDURA2",manufactured,CRS,SM - Piece W/HDWE,True,5,128.00,640.00,1240.00,36
5735,4889889,completed,0040-99986,04,"INTERFACE, ACD CCT,
CVD/ALD ENDURA2",manufactured,CRS,SM - Piece W/HDWE,True,10,73.80,738.00,1338.00,36
5735,4889889,completed,0040-99986,04,"INTERFACE, ACD CCT,
CVD/ALD ENDURA2",manufactured,CRS,SM - Piece W/HDWE,True,25,42.48,1062.00,1662.00,37
5735,4889889,completed,0040-99986,04,"INTERFACE, ACD CCT,
CVD/ALD ENDURA2",manufactured,CRS,SM - Piece W/HDWE,True,50,33.62,1681.00,2281.00,37
5735,4889889,completed,0040-99986,04,"INTERFACE, ACD CCT,
CVD/ALD ENDURA2",manufactured,CRS,SM - Piece W/HDWE,True,100,29.20,2920.00,2920.00,38
5735,4747889,completed,0041-00679,08,"ENCLOSURE, AC BOX CVD/ALD ENDURA2",assembled,CRS,SM - Assy,True,1,659.00,659.00,659.00,14
5735,4747889,completed,0041-00679,08,"ENCLOSURE, AC BOX CVD/ALD ENDURA2",assembled,CRS,SM - Assy,True,5,421.00,2105.00,2105.00,15
5735,4747889,completed,0041-00679,08,"ENCLOSURE, AC BOX CVD/ALD ENDURA2",assembled,CRS,SM - Assy,True,10,391.00,3910.00,3910.00,16
5735,4747889,completed,0041-00679,08,"ENCLOSURE, AC BOX CVD/ALD ENDURA2",assembled,CRS,SM - Assy,True,25,372.00,9300.00,9300.00,19
5735,4747889,completed,0041-00679,08,"ENCLOSURE, AC BOX CVD/ALD ENDURA2",assembled,CRS,SM - Assy,True,50,366.00,18300.00,18300.00,25
5735,4747889,completed,0041-00679,08,"ENCLOSURE, AC BOX CVD/ALD ENDURA2",assembled,CRS,SM - Assy,True,100,362.00,36200.00,36200.00,37
5735,4747890,completed,0020-45896,05,"BUSS BAR, JUMPER 2 FOR CB'S, (ACD) REPAC",manufactured,Brass,SM - Piece,True,1,456.00,456.00,556.00,13
5735,4747890,completed,0020-45896,05,"BUSS BAR, JUMPER 2 FOR CB'S, (ACD) REPAC",manufactured,Brass,SM - Piece,True,5,103.00,515.00,615.00,13
5735,4747890,completed,0020-45896,05,"BUSS BAR, JUMPER 2 FOR CB'S, (ACD) REPAC",manufactured,Brass,SM - Piece,True,10,58.70,587.00,687.00,14
5735,4747890,completed,0020-45896,05,"BUSS BAR, JUMPER 2 FOR CB'S, (ACD) REPAC",manufactured,Brass,SM - Piece,True,25,32.28,807.00,907.00,14
5735,4747890,completed,0020-45896,05,"BUSS BAR, JUMPER 2 FOR CB'S, (ACD) REPAC",manufactured,Brass,SM - Piece,True,50,23.46,1173.00,1173.00,14
5735,4747890,completed,0020-45896,05,"BUSS BAR, JUMPER 2 FOR CB'S, (ACD) REPAC",manufactured,Brass,SM - Piece,True,100,19.22,1922.00,1922.00,15
5735,4747891,completed,0020-48551,05,BUSS BAR 19 POSITION NUMBER 10 AND 1/4 G,manufactured,Brass 360,MS - Mill,True,1,1420.00,1420.00,1420.00,17
5735,4747891,completed,0020-48551,05,BUSS BAR 19 POSITION NUMBER 10 AND 1/4 G,manufactured,Brass 360,MS - Mill,True,5,435.00,2175.00,2175.00,18
5735,4747891,completed,0020-48551,05,BUSS BAR 19 POSITION NUMBER 10 AND 1/4 G,manufactured,Brass 360,MS - Mill,True,10,308.00,3080.00,3080.00,18
5735,4747891,completed,0020-48551,05,BUSS BAR 19 POSITION NUMBER 10 AND 1/4 G,manufactured,Brass 360,MS - Mill,True,25,244.00,6100.00,6100.00,20
5735,4747891,completed,0020-48551,05,BUSS BAR 19 POSITION NUMBER 10 AND 1/4 G,manufactured,Brass 360,MS - Mill,True,50,210.00,10500.00,10500.00,24
5735,4747891,completed,0020-48551,05,BUSS BAR 19 POSITION NUMBER 10 AND 1/4 G,manufactured,Brass 360,MS - Mill,True,100,202.00,20200.00,20200.00,32
5735,4747892,completed,0020-70908,04,"HARNESS GUIDE, CB PANEL, AC, CVD ENDURA2",manufactured,CRS,SM - Piece,True,1,526.00,526.00,1126.00,35
5735,4747892,completed,0020-70908,04,"HARNESS GUIDE, CB PANEL, AC, CVD ENDURA2",manufactured,CRS,SM - Piece,True,5,117.00,585.00,1185.00,35
5735,4747892,completed,0020-70908,04,"HARNESS GUIDE, CB PANEL, AC, CVD ENDURA2",manufactured,CRS,SM - Piece,True,10,65.70,657.00,1257.00,35
5735,4747892,completed,0020-70908,04,"HARNESS GUIDE, CB PANEL, AC, CVD ENDURA2",manufactured,CRS,SM - Piece,True,25,36.64,916.00,1516.00,36
5735,4747892,completed,0020-70908,04,"HARNESS GUIDE, CB PANEL, AC, CVD ENDURA2",manufactured,CRS,SM - Piece,True,50,28.42,1421.00,2021.00,36
5735,4747892,completed,0020-70908,04,"HARNESS GUIDE, CB PANEL, AC, CVD ENDURA2",manufactured,CRS,SM - Piece,True,100,24.29,2429.00,2429.00,37
5735,4747893,completed,0020-99061,02,"SAFETY SHIELD, CONTACTOR, ACD ENDURA2",manufactured,Polycarbonate / PC (Transparent),SM - Piece (combo),True,1,473.00,473.00,873.00,21
5735,4747893,completed,0020-99061,02,"SAFETY SHIELD, CONTACTOR, ACD ENDURA2",manufactured,Polycarbonate / PC (Transparent),SM - Piece (combo),True,5,112.00,560.00,960.00,21
5735,4747893,completed,0020-99061,02,"SAFETY SHIELD, CONTACTOR, ACD ENDURA2",manufactured,Polycarbonate / PC (Transparent),SM - Piece (combo),True,10,66.60,666.00,1066.00,21
5735,4747893,completed,0020-99061,02,"SAFETY SHIELD, CONTACTOR, ACD ENDURA2",manufactured,Polycarbonate / PC (Transparent),SM - Piece (combo),True,25,39.56,989.00,1389.00,22
5735,4747893,completed,0020-99061,02,"SAFETY SHIELD, CONTACTOR, ACD ENDURA2",manufactured,Polycarbonate / PC (Transparent),SM - Piece (combo),True,50,30.52,1526.00,1526.00,22
5735,4747893,completed,0020-99061,02,"SAFETY SHIELD, CONTACTOR, ACD ENDURA2",manufactured,Polycarbonate / PC (Transparent),SM - Piece (combo),True,100,26.23,2623.00,2623.00,23
5747,4774882,completed,0042-91150,02,"MOUNT PL, HTTP TEMP
CNTRLR",manufactured,CRS,SM - Piece W/HDWE,True,1,531.00,531.00,1131.00,30
5747,4774882,completed,0042-91150,02,"MOUNT PL, HTTP TEMP
CNTRLR",manufactured,CRS,SM - Piece W/HDWE,True,5,122.00,610.00,1210.00,30
5747,4774882,completed,0042-91150,02,"MOUNT PL, HTTP TEMP
CNTRLR",manufactured,CRS,SM - Piece W/HDWE,True,10,70.00,700.00,1300.00,30
5747,4774882,completed,0042-91150,02,"MOUNT PL, HTTP TEMP
CNTRLR",manufactured,CRS,SM - Piece W/HDWE,True,25,39.24,981.00,1581.00,31
5747,4774882,completed,0042-91150,02,"MOUNT PL, HTTP TEMP
CNTRLR",manufactured,CRS,SM - Piece W/HDWE,True,50,29.00,1450.00,2050.00,31
5747,4774882,completed,0042-91150,02,"MOUNT PL, HTTP TEMP
CNTRLR",manufactured,CRS,SM - Piece W/HDWE,True,100,23.88,2388.00,2388.00,32
5747,4774882,completed,0042-91150,02,"MOUNT PL, HTTP TEMP
CNTRLR",manufactured,CRS,SM - Piece W/HDWE,True,150,22.11,3316.50,3316.50,33
5747,4775033,completed,0042-90097,07,"PANEL, EYED / MZ ACTINIUM CONTROLLER ENC",manufactured,CRS,SM - Piece W/HDWE,True,1,1220.76,1220.76,1420.76,25
5747,4775033,completed,0042-90097,07,"PANEL, EYED / MZ ACTINIUM CONTROLLER ENC",manufactured,CRS,SM - Piece W/HDWE,True,5,509.08,2545.40,2745.40,25
5747,4775033,completed,0042-90097,07,"PANEL, EYED / MZ ACTINIUM CONTROLLER ENC",manufactured,CRS,SM - Piece W/HDWE,True,10,421.35,4213.50,4413.50,25
5747,4775033,completed,0042-90097,07,"PANEL, EYED / MZ ACTINIUM CONTROLLER ENC",manufactured,CRS,SM - Piece W/HDWE,True,25,367.30,9182.50,9382.50,30
5747,4775033,completed,0042-90097,07,"PANEL, EYED / MZ ACTINIUM CONTROLLER ENC",manufactured,CRS,SM - Piece W/HDWE,True,50,350.43,17521.50,17721.50,35
5747,4775033,completed,0042-90097,07,"PANEL, EYED / MZ ACTINIUM CONTROLLER ENC",manufactured,CRS,SM - Piece W/HDWE,True,100,341.96,34196.00,34196.00,40
5747,4775033,completed,0042-90097,07,"PANEL, EYED / MZ ACTINIUM CONTROLLER ENC",manufactured,CRS,SM - Piece W/HDWE,True,150,336.24,50436.00,50436.00,40
5737,4748244,completed,0020-07468,02,"NUT, SPANNER, WAFER TEMP PROBE, 300MM HD",manufactured,Stainless Steel 304,MS - Lathe,True,1,935.00,935.00,1735.00,40
5737,4748244,completed,0020-07468,02,"NUT, SPANNER, WAFER TEMP PROBE, 300MM HD",manufactured,Stainless Steel 304,MS - Lathe,True,5,222.00,1110.00,1910.00,40
5737,4748244,completed,0020-07468,02,"NUT, SPANNER, WAFER TEMP PROBE, 300MM HD",manufactured,Stainless Steel 304,MS - Lathe,True,10,132.00,1320.00,2120.00,41
5737,4748244,completed,0020-07468,02,"NUT, SPANNER, WAFER TEMP PROBE, 300MM HD",manufactured,Stainless Steel 304,MS - Lathe,True,15,103.00,1545.00,2345.00,41
5737,4748244,completed,0020-07468,02,"NUT, SPANNER, WAFER TEMP PROBE, 300MM HD",manufactured,Stainless Steel 304,MS - Lathe,True,25,79.44,1986.00,2786.00,41
5737,4748244,completed,0020-07468,02,"NUT, SPANNER, WAFER TEMP PROBE, 300MM HD",manufactured,Stainless Steel 304,MS - Lathe,True,50,63.76,3188.00,3188.00,42
5737,4748244,completed,0020-07468,02,"NUT, SPANNER, WAFER TEMP PROBE, 300MM HD",manufactured,Stainless Steel 304,MS - Lathe,True,100,56.42,5642.00,5642.00,45
5737,4748245,completed,0020-07469,02,"STRAIN RELIEF, WAFER TEMP, 300MM HDPCVD",manufactured,Aluminum 6061-T6,MS - Mill,True,1,1028.00,1028.00,1828.00,44
5737,4748245,completed,0020-07469,02,"STRAIN RELIEF, WAFER TEMP, 300MM HDPCVD",manufactured,Aluminum 6061-T6,MS - Mill,True,5,222.00,1110.00,1910.00,45
5737,4748245,completed,0020-07469,02,"STRAIN RELIEF, WAFER TEMP, 300MM HDPCVD",manufactured,Aluminum 6061-T6,MS - Mill,True,10,130.00,1300.00,2100.00,45
5737,4748245,completed,0020-07469,02,"STRAIN RELIEF, WAFER TEMP, 300MM HDPCVD",manufactured,Aluminum 6061-T6,MS - Mill,True,15,101.00,1515.00,2315.00,45
5737,4748245,completed,0020-07469,02,"STRAIN RELIEF, WAFER TEMP, 300MM HDPCVD",manufactured,Aluminum 6061-T6,MS - Mill,True,25,77.22,1930.50,2730.50,45
5737,4748245,completed,0020-07469,02,"STRAIN RELIEF, WAFER TEMP, 300MM HDPCVD",manufactured,Aluminum 6061-T6,MS - Mill,True,50,62.23,3111.50,3111.50,46
5737,4748245,completed,0020-07469,02,"STRAIN RELIEF, WAFER TEMP, 300MM HDPCVD",manufactured,Aluminum 6061-T6,MS - Mill,True,100,54.58,5458.00,5458.00,49
5737,4748246,completed,0020-13168,01,"STUD THUMB NUT, BLOCK CLEAN GAS FEED, 30",manufactured,Stainless Steel 304,MS - Lathe,True,1,925.00,925.00,1725.00,40
5737,4748246,completed,0020-13168,01,"STUD THUMB NUT, BLOCK CLEAN GAS FEED, 30",manufactured,Stainless Steel 304,MS - Lathe,True,5,204.00,1020.00,1820.00,40
5737,4748246,completed,0020-13168,01,"STUD THUMB NUT, BLOCK CLEAN GAS FEED, 30",manufactured,Stainless Steel 304,MS - Lathe,True,10,114.00,1140.00,1940.00,40
5737,4748246,completed,0020-13168,01,"STUD THUMB NUT, BLOCK CLEAN GAS FEED, 30",manufactured,Stainless Steel 304,MS - Lathe,True,15,83.73,1255.95,2055.95,41
5737,4748246,completed,0020-13168,01,"STUD THUMB NUT, BLOCK CLEAN GAS FEED, 30",manufactured,Stainless Steel 304,MS - Lathe,True,25,60.68,1517.00,2317.00,41
5737,4748246,completed,0020-13168,01,"STUD THUMB NUT, BLOCK CLEAN GAS FEED, 30",manufactured,Stainless Steel 304,MS - Lathe,True,50,45.40,2270.00,2270.00,42
5737,4748246,completed,0020-13168,01,"STUD THUMB NUT, BLOCK CLEAN GAS FEED, 30",manufactured,Stainless Steel 304,MS - Lathe,True,100,38.06,3806.00,3806.00,43
5737,4748247,completed,0020-13671,01,"THUMB NUT, BLOCK CLEAN GAS FEED, 300MM H",manufactured,Stainless Steel 304,MS - Lathe,True,1,698.00,698.00,1498.00,40
5737,4748247,completed,0020-13671,01,"THUMB NUT, BLOCK CLEAN GAS FEED, 300MM H",manufactured,Stainless Steel 304,MS - Lathe,True,5,153.00,765.00,1565.00,40
5737,4748247,completed,0020-13671,01,"THUMB NUT, BLOCK CLEAN GAS FEED, 300MM H",manufactured,Stainless Steel 304,MS - Lathe,True,10,84.40,844.00,1644.00,40
5737,4748247,completed,0020-13671,01,"THUMB NUT, BLOCK CLEAN GAS FEED, 300MM H",manufactured,Stainless Steel 304,MS - Lathe,True,15,61.67,925.05,1725.05,40
5737,4748247,completed,0020-13671,01,"THUMB NUT, BLOCK CLEAN GAS FEED, 300MM H",manufactured,Stainless Steel 304,MS - Lathe,True,25,44.44,1111.00,1911.00,40
5737,4748247,completed,0020-13671,01,"THUMB NUT, BLOCK CLEAN GAS FEED, 300MM H",manufactured,Stainless Steel 304,MS - Lathe,True,50,33.02,1651.00,1651.00,41
5737,4748247,completed,0020-13671,01,"THUMB NUT, BLOCK CLEAN GAS FEED, 300MM H",manufactured,Stainless Steel 304,MS - Lathe,True,100,27.52,2752.00,2752.00,42
5737,4748248,completed,0020-14668,01,"CLAMP AE, POWER AC CORD, 300MM HDPCVD UL",manufactured,Aluminum 6061-T6,MS - Mill,True,1,814.00,814.00,1614.00,44
5737,4748248,completed,0020-14668,01,"CLAMP AE, POWER AC CORD, 300MM HDPCVD UL",manufactured,Aluminum 6061-T6,MS - Mill,True,5,188.00,940.00,1740.00,44
5737,4748248,completed,0020-14668,01,"CLAMP AE, POWER AC CORD, 300MM HDPCVD UL",manufactured,Aluminum 6061-T6,MS - Mill,True,10,109.00,1090.00,1890.00,45
5737,4748248,completed,0020-14668,01,"CLAMP AE, POWER AC CORD, 300MM HDPCVD UL",manufactured,Aluminum 6061-T6,MS - Mill,True,15,82.73,1240.95,2040.95,45
5737,4748248,completed,0020-14668,01,"CLAMP AE, POWER AC CORD, 300MM HDPCVD UL",manufactured,Aluminum 6061-T6,MS - Mill,True,25,62.84,1571.00,2371.00,45
5737,4748248,completed,0020-14668,01,"CLAMP AE, POWER AC CORD, 300MM HDPCVD UL",manufactured,Aluminum 6061-T6,MS - Mill,True,50,49.36,2468.00,2468.00,46
5737,4748248,completed,0020-14668,01,"CLAMP AE, POWER AC CORD, 300MM HDPCVD UL",manufactured,Aluminum 6061-T6,MS - Mill,True,100,42.99,4299.00,4299.00,48
5737,4748249,completed,0020-18436,.A,"GROUND CAP, SIDE COIL TENSIONER",manufactured,Copper 110,MS - Mill,True,1,879.00,879.00,1679.00,34
5737,4748249,completed,0020-18436,.A,"GROUND CAP, SIDE COIL TENSIONER",manufactured,Copper 110,MS - Mill,True,5,218.00,1090.00,1890.00,35
5737,4748249,completed,0020-18436,.A,"GROUND CAP, SIDE COIL TENSIONER",manufactured,Copper 110,MS - Mill,True,10,145.00,1450.00,2250.00,35
5737,4748249,completed,0020-18436,.A,"GROUND CAP, SIDE COIL TENSIONER",manufactured,Copper 110,MS - Mill,True,15,118.00,1770.00,2570.00,35
5737,4748249,completed,0020-18436,.A,"GROUND CAP, SIDE COIL TENSIONER",manufactured,Copper 110,MS - Mill,True,25,102.00,2550.00,3350.00,35
5737,4748249,completed,0020-18436,.A,"GROUND CAP, SIDE COIL TENSIONER",manufactured,Copper 110,MS - Mill,True,50,80.45,4022.50,4022.50,37
5737,4748249,completed,0020-18436,.A,"GROUND CAP, SIDE COIL TENSIONER",manufactured,Copper 110,MS - Mill,True,100,73.42,7342.00,7342.00,39
5737,4748250,completed,0020-18438,.A,"SUPPORT, SIDE COIL TENSIONER HDP-CVD",manufactured,Stainless Steel 304,MS - Mill,True,1,712.00,712.00,1512.00,33
5737,4748250,completed,0020-18438,.A,"SUPPORT, SIDE COIL TENSIONER HDP-CVD",manufactured,Stainless Steel 304,MS - Mill,True,5,186.00,930.00,1730.00,33
5737,4748250,completed,0020-18438,.A,"SUPPORT, SIDE COIL TENSIONER HDP-CVD",manufactured,Stainless Steel 304,MS - Mill,True,10,103.00,1030.00,1830.00,33
5737,4748250,completed,0020-18438,.A,"SUPPORT, SIDE COIL TENSIONER HDP-CVD",manufactured,Stainless Steel 304,MS - Mill,True,15,78.30,1174.50,1974.50,33
5737,4748250,completed,0020-18438,.A,"SUPPORT, SIDE COIL TENSIONER HDP-CVD",manufactured,Stainless Steel 304,MS - Mill,True,25,59.55,1488.75,2288.75,33
5737,4748250,completed,0020-18438,.A,"SUPPORT, SIDE COIL TENSIONER HDP-CVD",manufactured,Stainless Steel 304,MS - Mill,True,50,45.47,2273.50,2273.50,34
5737,4748250,completed,0020-18438,.A,"SUPPORT, SIDE COIL TENSIONER HDP-CVD",manufactured,Stainless Steel 304,MS - Mill,True,100,36.52,3652.00,3652.00,35
5737,4748251,completed,0020-18519,.A,"MOUNT,SWITCH,INTERLOCK",manufactured,Aluminum 6061-T6,MS - Mill,True,1,743.00,743.00,1543.00,39
5737,4748251,completed,0020-18519,.A,"MOUNT,SWITCH,INTERLOCK",manufactured,Aluminum 6061-T6,MS - Mill,True,5,212.00,1060.00,1860.00,39
5737,4748251,completed,0020-18519,.A,"MOUNT,SWITCH,INTERLOCK",manufactured,Aluminum 6061-T6,MS - Mill,True,10,112.00,1120.00,1920.00,40
5737,4748251,completed,0020-18519,.A,"MOUNT,SWITCH,INTERLOCK",manufactured,Aluminum 6061-T6,MS - Mill,True,15,83.15,1247.25,2047.25,40
5737,4748251,completed,0020-18519,.A,"MOUNT,SWITCH,INTERLOCK",manufactured,Aluminum 6061-T6,MS - Mill,True,25,59.55,1488.75,2288.75,40
5737,4748251,completed,0020-18519,.A,"MOUNT,SWITCH,INTERLOCK",manufactured,Aluminum 6061-T6,MS - Mill,True,50,44.56,2228.00,2228.00,41
5737,4748251,completed,0020-18519,.A,"MOUNT,SWITCH,INTERLOCK",manufactured,Aluminum 6061-T6,MS - Mill,True,100,36.95,3695.00,3695.00,43
5737,4748252,completed,0020-47488,01,"STRAP, SIDE SOURCE MATCH, 300MM HDPCVD",manufactured,Copper 101,SM - Piece (combo),True,1,774.00,774.00,1174.00,27
5737,4748252,completed,0020-47488,01,"STRAP, SIDE SOURCE MATCH, 300MM HDPCVD",manufactured,Copper 101,SM - Piece (combo),True,5,165.00,825.00,1225.00,28
5737,4748252,completed,0020-47488,01,"STRAP, SIDE SOURCE MATCH, 300MM HDPCVD",manufactured,Copper 101,SM - Piece (combo),True,10,87.94,879.40,1279.40,28
5737,4748252,completed,0020-47488,01,"STRAP, SIDE SOURCE MATCH, 300MM HDPCVD",manufactured,Copper 101,SM - Piece (combo),True,15,63.27,949.05,1349.05,28
5737,4748252,completed,0020-47488,01,"STRAP, SIDE SOURCE MATCH, 300MM HDPCVD",manufactured,Copper 101,SM - Piece (combo),True,25,42.92,1073.00,1473.00,28
5737,4748252,completed,0020-47488,01,"STRAP, SIDE SOURCE MATCH, 300MM HDPCVD",manufactured,Copper 101,SM - Piece (combo),True,50,28.56,1428.00,1428.00,28
5737,4748252,completed,0020-47488,01,"STRAP, SIDE SOURCE MATCH, 300MM HDPCVD",manufactured,Copper 101,SM - Piece (combo),True,100,23.71,2371.00,2371.00,29
5743,4772817,completed,0010-60333,04,"ASSEMBLY, PVD CHAMBER LOWER FRAME (CLF),",assembled,,,False,1,30000.00,30000.00,30000.00,0
5743,4772817,completed,0010-60333,04,"ASSEMBLY, PVD CHAMBER LOWER FRAME (CLF),",assembled,,,False,5,30000.00,150000.00,150000.00,0
5743,4772817,completed,0010-60333,04,"ASSEMBLY, PVD CHAMBER LOWER FRAME (CLF),",assembled,,,False,10,30000.00,300000.00,300000.00,0
5748,4896381,completed,0023-21538,02,"FORKLIFT POCKET_WELDED
10X4 C3oC",manufactured,HRS,SM - Piece,True,100,53.38,5338.00,5338.00,11
5748,4896381,completed,0023-21538,02,"FORKLIFT POCKET_WELDED
10X4 C3oC",manufactured,HRS,SM - Piece,True,1200,53.38,64056.00,64056.00,52
5750,4777626,no_quote,0020-27309,03,COVER RING  8 TI 101%,manufactured,,NQ - Not a Core Competency,False,26,0.00,0.00,0.00,5
5750,4777627,no_quote,0020-27944,03,CLAMP RING  6INCH SMF HOT AL HTHU 6 PADS,manufactured,,NQ - Not a Core Competency,False,5,0.00,0.00,0.00,5
5750,4777628,no_quote,0020-29431,01,"CLAMP RING, 8 SNNF, SST, E/E 2.54MM 104",manufactured,,NQ - Not a Core Competency,False,27,0.00,0.00,0.00,5
5750,4777629,no_quote,0021-02983,02,"SHIELD, INNER, TXZ, STD",manufactured,,NQ - Not a Core Competency,False,103,0.00,0.00,0.00,5
5750,4777630,no_quote,0021-20152,01,"CLAMP RING, 8 SNNF WITH SMALL FLAT",manufactured,,NQ - Not a Core Competency,False,6,0.00,0.00,0.00,5
5750,4777631,completed,0021-20911,01,"BRACKET, MTG AR PURGE VALVE CVD TIN RGLT",manufactured,Stainless Steel 304L,SM - Piece,True,1,438.00,438.00,1038.00,30
5750,4777631,completed,0021-20911,01,"BRACKET, MTG AR PURGE VALVE CVD TIN RGLT",manufactured,Stainless Steel 304L,SM - Piece,True,8,66.50,532.00,1132.00,30
5750,4777632,no_quote,0021-21885,.A,"RING, DEPOSITION, 6 JMF, 9MM, TI/TIN, H",manufactured,,NQ - Not a Core Competency,False,14,0.00,0.00,0.00,5
5750,4777633,no_quote,0022-69631,02,"PLATE, BACKING SOURCE 11.30",manufactured,,NQ - Not a Core Competency,False,12,0.00,0.00,0.00,5
5749,4775230,completed,0011-03674,03,ASSEMBLY FRAME C3oC,manufactured,,Historical Part Requote,False,1,3260.00,3260.00,3260.00,50
5749,4775230,completed,0011-03674,03,ASSEMBLY FRAME C3oC,manufactured,,Historical Part Requote,False,5,3260.00,16300.00,16300.00,50
5749,4775230,completed,0011-03674,03,ASSEMBLY FRAME C3oC,manufactured,,Historical Part Requote,False,10,3260.00,32600.00,32600.00,50
5749,4775230,completed,0011-03674,03,ASSEMBLY FRAME C3oC,manufactured,,Historical Part Requote,False,25,3260.00,81500.00,81500.00,50
5749,4775230,completed,0011-03674,03,ASSEMBLY FRAME C3oC,manufactured,,Historical Part Requote,False,50,3260.00,163000.00,163000.00,50
5749,4775230,completed,0011-03674,03,ASSEMBLY FRAME C3oC,manufactured,,Historical Part Requote,False,100,3260.00,326000.00,326000.00,50
5749,4775230,completed,0011-03674,03,ASSEMBLY FRAME C3oC,manufactured,,Historical Part Requote,False,150,3260.00,489000.00,489000.00,50
5749,4775230,completed,0011-03674,03,ASSEMBLY FRAME C3oC,manufactured,,Historical Part Requote,False,200,3260.00,652000.00,652000.00,50
5754,4786153,completed,10055130,_,"COVER,ACCESS",manufactured,Aluminum 6061-T6,SM - Piece,True,1,844.00,844.00,1444.00,50
5754,4786153,completed,10055130,_,"COVER,ACCESS",manufactured,Aluminum 6061-T6,SM - Piece,True,2,467.00,934.00,1534.00,50
5754,4786153,completed,10055130,_,"COVER,ACCESS",manufactured,Aluminum 6061-T6,SM - Piece,True,5,236.00,1180.00,1780.00,50
5754,4786153,completed,10055130,_,"COVER,ACCESS",manufactured,Aluminum 6061-T6,SM - Piece,True,10,161.00,1610.00,2210.00,50
5754,4786153,completed,10055130,_,"COVER,ACCESS",manufactured,Aluminum 6061-T6,SM - Piece,True,20,123.00,2460.00,3060.00,50
5754,4786154,completed,10055131,A,"BUS,CONDUCTOR",manufactured,Copper 110,SM - Piece,True,1,1182.00,1182.00,1782.00,50
5754,4786154,completed,10055131,A,"BUS,CONDUCTOR",manufactured,Copper 110,SM - Piece,True,2,641.00,1282.00,1882.00,50
5754,4786154,completed,10055131,A,"BUS,CONDUCTOR",manufactured,Copper 110,SM - Piece,True,5,309.00,1545.00,2145.00,50
5754,4786154,completed,10055131,A,"BUS,CONDUCTOR",manufactured,Copper 110,SM - Piece,True,10,201.00,2010.00,2610.00,50
5754,4786154,completed,10055131,A,"BUS,CONDUCTOR",manufactured,Copper 110,SM - Piece,True,20,147.00,2940.00,3540.00,50
5754,4786155,completed,10055546,_,"BUS,CONDUCTOR",manufactured,Copper 110,SM - Piece,True,1,1085.00,1085.00,1685.00,50
5754,4786155,completed,10055546,_,"BUS,CONDUCTOR",manufactured,Copper 110,SM - Piece,True,2,552.00,1104.00,1704.00,50
5754,4786155,completed,10055546,_,"BUS,CONDUCTOR",manufactured,Copper 110,SM - Piece,True,5,225.00,1125.00,1725.00,50
5754,4786155,completed,10055546,_,"BUS,CONDUCTOR",manufactured,Copper 110,SM - Piece,True,10,115.00,1150.00,1750.00,50
5754,4786155,completed,10055546,_,"BUS,CONDUCTOR",manufactured,Copper 110,SM - Piece,True,20,58.49,1169.80,1769.80,50
5754,4786152,completed,157D4209,B,"STIFFENER,CCA",manufactured,Aluminum 6061-T6,MS - Mill,True,2,714.00,1428.00,2028.00,50
5754,4786152,completed,157D4209,B,"STIFFENER,CCA",manufactured,Aluminum 6061-T6,MS - Mill,True,4,382.00,1528.00,2128.00,50
5754,4786152,completed,157D4209,B,"STIFFENER,CCA",manufactured,Aluminum 6061-T6,MS - Mill,True,10,189.00,1890.00,2490.00,50
5754,4786152,completed,157D4209,B,"STIFFENER,CCA",manufactured,Aluminum 6061-T6,MS - Mill,True,20,128.00,2560.00,3160.00,50
5754,4786152,completed,157D4209,B,"STIFFENER,CCA",manufactured,Aluminum 6061-T6,MS - Mill,True,40,96.59,3863.60,4463.60,50
5751,4778465,no_quote,0040-20313,01,HOOP LIFT 6 WELDMENT,manufactured,,,False,3,0.00,0.00,0.00,0
5751,4778466,completed,0240-13063,.A,CONFIGURED NO CHAMBER PURCHASED KIT,manufactured,CRS,Kit - Assy,True,14,431.00,6034.00,6634.00,40
5751,4778467,completed,0240-50743,01,8 COMMON ORIENTER PARTS W/TC,manufactured,,,False,108,0.00,0.00,0.00,0
5751,4778468,completed,0270-20296,01,"CAL TOOL 6, HEATER TO ROBOT, HT-ESC",manufactured,,,False,7,0.00,0.00,0.00,0
5755,4974506,completed,0040-84830,09,"BASE PAN BASE PLATE,
MAGASONIC 300MM",manufactured,Aluminum 6061-T6,MS - Mill,True,1,4800.00,4800.00,6600.00,50
5755,4974506,completed,0040-84830,09,"BASE PAN BASE PLATE,
MAGASONIC 300MM",manufactured,Aluminum 6061-T6,MS - Mill,True,5,2120.00,10600.00,12400.00,53
5755,4974506,completed,0040-84830,09,"BASE PAN BASE PLATE,
MAGASONIC 300MM",manufactured,Aluminum 6061-T6,MS - Mill,True,10,1780.00,17800.00,19600.00,57
5742,4872167,not_started,E170453420,M,"FRAME, WELDMENT, BEAMLINE,810XE-P",assembled,HRS,SM - Assy,True,10,6064.64,60646.40,60646.40,50
5742,4872167,not_started,E170453420,M,"FRAME, WELDMENT, BEAMLINE,810XE-P",assembled,HRS,SM - Assy,True,20,5645.06,112901.20,112901.20,50
5742,4872167,not_started,E170453420,M,"FRAME, WELDMENT, BEAMLINE,810XE-P",assembled,HRS,SM - Assy,True,81,5331.45,431847.45,431847.45,50
5742,4872170,not_started,E170453440,M,"FRAME, WELDMENT, BEAMLINE,810XE-P",assembled,HRS,SM - Assy,True,10,5496.53,54965.30,54965.30,50
5742,4872170,not_started,E170453440,M,"FRAME, WELDMENT, BEAMLINE,810XE-P",assembled,HRS,SM - Assy,True,20,5137.17,102743.40,102743.40,50
5742,4872170,not_started,E170453440,M,"FRAME, WELDMENT, BEAMLINE,810XE-P",assembled,HRS,SM - Assy,True,81,4869.63,394440.03,394440.03,50
5756,4786618,completed,0270-16610,02,"WET ROBOT LIFT FIXTURE, POLISHER AND CLE",assembled,,MS  - Assy,False,1,4090.00,4090.00,6090.00,33
5756,4786618,completed,0270-16610,02,"WET ROBOT LIFT FIXTURE, POLISHER AND CLE",assembled,,MS  - Assy,False,5,1950.00,9750.00,11750.00,33
5756,4786618,completed,0270-16610,02,"WET ROBOT LIFT FIXTURE, POLISHER AND CLE",assembled,,MS  - Assy,False,10,1680.00,16800.00,18800.00,33
5756,4786618,completed,0270-16610,02,"WET ROBOT LIFT FIXTURE, POLISHER AND CLE",assembled,,MS  - Assy,False,15,1590.00,23850.00,25850.00,33
5739,4748890,not_started,0270-19303,01,"INSTALLATION FIXTURE, ABATEMENT, TL",assembled,,,False,1,0.00,0.00,0.00,0
5739,4748890,not_started,0270-19303,01,"INSTALLATION FIXTURE, ABATEMENT, TL",assembled,,,False,5,0.00,0.00,0.00,0
5739,4748890,not_started,0270-19303,01,"INSTALLATION FIXTURE, ABATEMENT, TL",assembled,,,False,10,0.00,0.00,0.00,0
5757,4786853,completed,3X LENGTH GW BRACKET,,3X LENGTH GW BRACKET,manufactured,Carbon Steel A366/1008-CR,SM - Piece (combo),True,500,4.52,2260.00,2260.00,24
5757,4786852,completed,2X LENGTH GW BRACKET,,2X LENGTH GW BRACKET,manufactured,Carbon Steel A366/1008-CR,SM - Piece (combo),True,500,4.51,2255.00,2255.00,24
5757,4786850,completed,4X LENGTH GW BRACKET,,4X LENGTH GW BRACKET,manufactured,Carbon Steel A366/1008-CR,SM - Piece (combo),True,500,4.63,2315.00,2315.00,24
5759,4787398,no_quote,E17206761,A,CHASSIS,manufactured,,,False,1,0.00,0.00,0.00,0
5759,4787398,no_quote,E17206761,A,CHASSIS,manufactured,,,False,2,0.00,0.00,0.00,0
5759,4787398,no_quote,E17206761,A,CHASSIS,manufactured,,,False,5,0.00,0.00,0.00,0
5759,4787398,no_quote,E17206761,A,CHASSIS,manufactured,,,False,8,0.00,0.00,0.00,0
5759,4787398,no_quote,E17206761,A,CHASSIS,manufactured,,,False,10,0.00,0.00,0.00,0
5759,4787398,no_quote,E17206761,A,CHASSIS,manufactured,,,False,20,0.00,0.00,0.00,0
5759,4787399,no_quote,E17206770,C,"PANEL,FRONT",manufactured,,,False,1,0.00,0.00,0.00,0
5759,4787399,no_quote,E17206770,C,"PANEL,FRONT",manufactured,,,False,2,0.00,0.00,0.00,0
5759,4787399,no_quote,E17206770,C,"PANEL,FRONT",manufactured,,,False,5,0.00,0.00,0.00,0
5759,4787399,no_quote,E17206770,C,"PANEL,FRONT",manufactured,,,False,8,0.00,0.00,0.00,0
5759,4787399,no_quote,E17206770,C,"PANEL,FRONT",manufactured,,,False,10,0.00,0.00,0.00,0
5759,4787399,no_quote,E17206770,C,"PANEL,FRONT",manufactured,,,False,20,0.00,0.00,0.00,0
5759,4787400,no_quote,E17206781,A,"PANEL, REAR",manufactured,,,False,1,0.00,0.00,0.00,0
5759,4787400,no_quote,E17206781,A,"PANEL, REAR",manufactured,,,False,2,0.00,0.00,0.00,0
5759,4787400,no_quote,E17206781,A,"PANEL, REAR",manufactured,,,False,5,0.00,0.00,0.00,0
5759,4787400,no_quote,E17206781,A,"PANEL, REAR",manufactured,,,False,8,0.00,0.00,0.00,0
5759,4787400,no_quote,E17206781,A,"PANEL, REAR",manufactured,,,False,10,0.00,0.00,0.00,0
5759,4787400,no_quote,E17206781,A,"PANEL, REAR",manufactured,,,False,20,0.00,0.00,0.00,0
5759,4787401,no_quote,E17206790,C,"COVER,TOP",manufactured,,,False,1,0.00,0.00,0.00,0
5759,4787401,no_quote,E17206790,C,"COVER,TOP",manufactured,,,False,2,0.00,0.00,0.00,0
5759,4787401,no_quote,E17206790,C,"COVER,TOP",manufactured,,,False,5,0.00,0.00,0.00,0
5759,4787401,no_quote,E17206790,C,"COVER,TOP",manufactured,,,False,8,0.00,0.00,0.00,0
5759,4787401,no_quote,E17206790,C,"COVER,TOP",manufactured,,,False,10,0.00,0.00,0.00,0
5759,4787401,no_quote,E17206790,C,"COVER,TOP",manufactured,,,False,20,0.00,0.00,0.00,0
5759,4787402,no_quote,E17215840,C,"SHELF,PCB",manufactured,,,False,1,0.00,0.00,0.00,0
5759,4787402,no_quote,E17215840,C,"SHELF,PCB",manufactured,,,False,2,0.00,0.00,0.00,0
5759,4787402,no_quote,E17215840,C,"SHELF,PCB",manufactured,,,False,5,0.00,0.00,0.00,0
5759,4787402,no_quote,E17215840,C,"SHELF,PCB",manufactured,,,False,8,0.00,0.00,0.00,0
5759,4787402,no_quote,E17215840,C,"SHELF,PCB",manufactured,,,False,10,0.00,0.00,0.00,0
5759,4787402,no_quote,E17215840,C,"SHELF,PCB",manufactured,,,False,20,0.00,0.00,0.00,0
5759,4787403,no_quote,E17218450,C,"BASEPLATE,RELAY",manufactured,,,False,1,0.00,0.00,0.00,0
5759,4787403,no_quote,E17218450,C,"BASEPLATE,RELAY",manufactured,,,False,2,0.00,0.00,0.00,0
5759,4787403,no_quote,E17218450,C,"BASEPLATE,RELAY",manufactured,,,False,5,0.00,0.00,0.00,0
5759,4787403,no_quote,E17218450,C,"BASEPLATE,RELAY",manufactured,,,False,8,0.00,0.00,0.00,0
5759,4787403,no_quote,E17218450,C,"BASEPLATE,RELAY",manufactured,,,False,10,0.00,0.00,0.00,0
5759,4787403,no_quote,E17218450,C,"BASEPLATE,RELAY",manufactured,,,False,20,0.00,0.00,0.00,0
5759,4787404,no_quote,E17225250,D,"BKT,LIGHTNING ARRESTOR",manufactured,,,False,1,0.00,0.00,0.00,0
5759,4787404,no_quote,E17225250,D,"BKT,LIGHTNING ARRESTOR",manufactured,,,False,2,0.00,0.00,0.00,0
5759,4787404,no_quote,E17225250,D,"BKT,LIGHTNING ARRESTOR",manufactured,,,False,5,0.00,0.00,0.00,0
5759,4787404,no_quote,E17225250,D,"BKT,LIGHTNING ARRESTOR",manufactured,,,False,8,0.00,0.00,0.00,0
5759,4787404,no_quote,E17225250,D,"BKT,LIGHTNING ARRESTOR",manufactured,,,False,10,0.00,0.00,0.00,0
5759,4787404,no_quote,E17225250,D,"BKT,LIGHTNING ARRESTOR",manufactured,,,False,20,0.00,0.00,0.00,0
5759,4787397,no_quote,E17015290,2,,manufactured,,,False,1,0.00,0.00,0.00,0
5759,4787397,no_quote,E17015290,2,,manufactured,,,False,2,0.00,0.00,0.00,0
5759,4787397,no_quote,E17015290,2,,manufactured,,,False,5,0.00,0.00,0.00,0
5759,4787397,no_quote,E17015290,2,,manufactured,,,False,8,0.00,0.00,0.00,0
5759,4787397,no_quote,E17015290,2,,manufactured,,,False,10,0.00,0.00,0.00,0
5759,4787397,no_quote,E17015290,2,,manufactured,,,False,20,0.00,0.00,0.00,0
5763,4792589,completed,0020-20343,02,CYLINDER ADAPTER TRANSFER SLIT VALVE,manufactured,Stainless Steel 316L,MS - Mill Turn,True,1,1120.00,1120.00,1920.00,40
5763,4792589,completed,0020-20343,02,CYLINDER ADAPTER TRANSFER SLIT VALVE,manufactured,Stainless Steel 316L,MS - Mill Turn,True,5,269.00,1345.00,2145.00,40
5763,4792589,completed,0020-20343,02,CYLINDER ADAPTER TRANSFER SLIT VALVE,manufactured,Stainless Steel 316L,MS - Mill Turn,True,10,163.00,1630.00,2430.00,41
5763,4792589,completed,0020-20343,02,CYLINDER ADAPTER TRANSFER SLIT VALVE,manufactured,Stainless Steel 316L,MS - Mill Turn,True,15,128.00,1920.00,2720.00,41
5763,4792589,completed,0020-20343,02,CYLINDER ADAPTER TRANSFER SLIT VALVE,manufactured,Stainless Steel 316L,MS - Mill Turn,True,25,99.88,2497.00,3297.00,41
5763,4792590,completed,0020-20345,05,MOUNTING BLOCK SLIT VALVE,manufactured,,,False,1,0.00,0.00,0.00,0
5763,4792590,completed,0020-20345,05,MOUNTING BLOCK SLIT VALVE,manufactured,,,False,5,0.00,0.00,0.00,0
5763,4792590,completed,0020-20345,05,MOUNTING BLOCK SLIT VALVE,manufactured,,,False,10,0.00,0.00,0.00,0
5763,4792590,completed,0020-20345,05,MOUNTING BLOCK SLIT VALVE,manufactured,,,False,15,0.00,0.00,0.00,0
5763,4792590,completed,0020-20345,05,MOUNTING BLOCK SLIT VALVE,manufactured,,,False,25,0.00,0.00,0.00,0
5763,4792591,completed,0020-22412,02,"UPPER COVER, SLIT VALVE BELLOWS",manufactured,,,False,1,0.00,0.00,0.00,0
5763,4792591,completed,0020-22412,02,"UPPER COVER, SLIT VALVE BELLOWS",manufactured,,,False,5,0.00,0.00,0.00,0
5763,4792591,completed,0020-22412,02,"UPPER COVER, SLIT VALVE BELLOWS",manufactured,,,False,10,0.00,0.00,0.00,0
5763,4792591,completed,0020-22412,02,"UPPER COVER, SLIT VALVE BELLOWS",manufactured,,,False,15,0.00,0.00,0.00,0
5763,4792591,completed,0020-22412,02,"UPPER COVER, SLIT VALVE BELLOWS",manufactured,,,False,25,0.00,0.00,0.00,0
5763,4792592,completed,0020-22413,02,"LOWER COVER, SLIT VALVE BELLOWS",manufactured,,,False,1,0.00,0.00,0.00,0
5763,4792592,completed,0020-22413,02,"LOWER COVER, SLIT VALVE BELLOWS",manufactured,,,False,5,0.00,0.00,0.00,0
5763,4792592,completed,0020-22413,02,"LOWER COVER, SLIT VALVE BELLOWS",manufactured,,,False,10,0.00,0.00,0.00,0
5763,4792592,completed,0020-22413,02,"LOWER COVER, SLIT VALVE BELLOWS",manufactured,,,False,15,0.00,0.00,0.00,0
5763,4792592,completed,0020-22413,02,"LOWER COVER, SLIT VALVE BELLOWS",manufactured,,,False,25,0.00,0.00,0.00,0
5766,4798453,no_quote,5544076-PUR,B,"FILTER BOX BRACKET, MACHINED",manufactured,,,False,2,0.00,0.00,0.00,0
5766,4798453,no_quote,5544076-PUR,B,"FILTER BOX BRACKET, MACHINED",manufactured,,,False,4,0.00,0.00,0.00,0
5766,4798453,no_quote,5544076-PUR,B,"FILTER BOX BRACKET, MACHINED",manufactured,,,False,5,0.00,0.00,0.00,0
5766,4798453,no_quote,5544076-PUR,B,"FILTER BOX BRACKET, MACHINED",manufactured,,,False,6,0.00,0.00,0.00,0
5766,4798453,no_quote,5544076-PUR,B,"FILTER BOX BRACKET, MACHINED",manufactured,,,False,10,0.00,0.00,0.00,0
5766,4798453,no_quote,5544076-PUR,B,"FILTER BOX BRACKET, MACHINED",manufactured,,,False,17,0.00,0.00,0.00,0
5766,4798453,no_quote,5544076-PUR,B,"FILTER BOX BRACKET, MACHINED",manufactured,,,False,24,0.00,0.00,0.00,0
5761,4793413,no_quote,0010-58815,04,"ASSY, FACILITY TRAY PURGE BOX, EPI 300MM",manufactured,,NQ - Not a Core Competency,False,1,0.00,0.00,0.00,5
5753,4785074,completed,0015-06249,02,"STANDOFF, ADJUSTABLE, INSIDE MOUNT, INPU",manufactured,Stainless Steel 304L,MS - Mill,True,1,1210.00,1210.00,1210.00,39
5753,4785074,completed,0015-06249,02,"STANDOFF, ADJUSTABLE, INSIDE MOUNT, INPU",manufactured,Stainless Steel 304L,MS - Mill,True,14,1210.00,16940.00,16940.00,40
5753,4785074,completed,0015-06249,02,"STANDOFF, ADJUSTABLE, INSIDE MOUNT, INPU",manufactured,Stainless Steel 304L,MS - Mill,True,135,1210.00,163350.00,163350.00,49
5753,4785075,completed,0015-06250,02,"STANDOFF, ADJUSTABLE MOUNT INPUT SHUTTLE",manufactured,Stainless Steel 304L,MS - Mill,True,1,1230.00,1230.00,1230.00,39
5753,4785075,completed,0015-06250,02,"STANDOFF, ADJUSTABLE MOUNT INPUT SHUTTLE",manufactured,Stainless Steel 304L,MS - Mill,True,14,1230.00,17220.00,17220.00,41
5753,4785075,completed,0015-06250,02,"STANDOFF, ADJUSTABLE MOUNT INPUT SHUTTLE",manufactured,Stainless Steel 304L,MS - Mill,True,135,1230.00,166050.00,166050.00,54
5753,4785076,completed,0021-82226,01,"COUPLER, MODULE MTG ADJUSTER, CLEANER, R",manufactured,Stainless Steel 304/304L,MS - Mill Turn,True,1,442.00,442.00,442.00,41
5753,4785076,completed,0021-82226,01,"COUPLER, MODULE MTG ADJUSTER, CLEANER, R",manufactured,Stainless Steel 304/304L,MS - Mill Turn,True,22,442.00,9724.00,9724.00,45
5753,4785076,completed,0021-82226,01,"COUPLER, MODULE MTG ADJUSTER, CLEANER, R",manufactured,Stainless Steel 304/304L,MS - Mill Turn,True,220,442.00,97240.00,97240.00,80
5753,4785077,completed,0021-84954,02,"BAR, VERTICAL STIFFENER, INPUT SHUTTLE,",manufactured,Stainless Steel 304L,MS - Mill,True,1,294.00,294.00,294.00,40
5753,4785077,completed,0021-84954,02,"BAR, VERTICAL STIFFENER, INPUT SHUTTLE,",manufactured,Stainless Steel 304L,MS - Mill,True,27,294.00,7938.00,7938.00,44
5753,4785077,completed,0021-84954,02,"BAR, VERTICAL STIFFENER, INPUT SHUTTLE,",manufactured,Stainless Steel 304L,MS - Mill,True,270,294.00,79380.00,79380.00,84
5753,4785078,completed,0022-26238,04,"TREAD PLATE, LOWER, SMALL, CLEANER,RLKP",manufactured,Aluminum 3003,SM - Piece,True,1,309.00,309.00,309.00,36
5753,4785078,completed,0022-26238,04,"TREAD PLATE, LOWER, SMALL, CLEANER,RLKP",manufactured,Aluminum 3003,SM - Piece,True,8,309.00,2472.00,2472.00,36
5753,4785078,completed,0022-26238,04,"TREAD PLATE, LOWER, SMALL, CLEANER,RLKP",manufactured,Aluminum 3003,SM - Piece,True,80,309.00,24720.00,24720.00,41
5753,4785079,completed,0041-26447,03,"SHIELD SUPPORT INPUT HANDLER CLNR, REFLE",manufactured,Aluminum 6061-T6,MS - Mill,True,1,247.00,247.00,247.00,41
5753,4785079,completed,0041-26447,03,"SHIELD SUPPORT INPUT HANDLER CLNR, REFLE",manufactured,Aluminum 6061-T6,MS - Mill,True,15,247.00,3705.00,3705.00,43
5753,4785079,completed,0041-26447,03,"SHIELD SUPPORT INPUT HANDLER CLNR, REFLE",manufactured,Aluminum 6061-T6,MS - Mill,True,145,247.00,35815.00,35815.00,60
5753,5069199,completed,0041-29088,03,"STAND ASSEMBLY, THK
MOUNT, INPUT SHUTTLE,
REFLEXION GT",manufactured,Aluminum 6061-T6,MS - Mill,True,1,497.00,497.00,497.00,42
5753,5069199,completed,0041-29088,03,"STAND ASSEMBLY, THK
MOUNT, INPUT SHUTTLE,
REFLEXION GT",manufactured,Aluminum 6061-T6,MS - Mill,True,28,497.00,13916.00,13916.00,50
5753,5069199,completed,0041-29088,03,"STAND ASSEMBLY, THK
MOUNT, INPUT SHUTTLE,
REFLEXION GT",manufactured,Aluminum 6061-T6,MS - Mill,True,275,497.00,136675.00,136675.00,116
5753,5069194,completed,0041-33898,04,"INPUT GRIPPER MOUNT 2,
CLEANER,
REFLEXION LK PRIME",manufactured,Aluminum 6061-T6,MS - Mill,True,1,561.00,561.00,561.00,42
5753,5069194,completed,0041-33898,04,"INPUT GRIPPER MOUNT 2,
CLEANER,
REFLEXION LK PRIME",manufactured,Aluminum 6061-T6,MS - Mill,True,15,561.00,8415.00,8415.00,46
5753,5069194,completed,0041-33898,04,"INPUT GRIPPER MOUNT 2,
CLEANER,
REFLEXION LK PRIME",manufactured,Aluminum 6061-T6,MS - Mill,True,145,561.00,81345.00,81345.00,85
5753,5069195,completed,0041-33899,04,"INPUT GRIPPER MOUNT 1,
CLEANER,
REFLEXION LK PRIME",manufactured,Aluminum 6061-T6,MS - Mill,True,1,561.00,561.00,561.00,42
5753,5069195,completed,0041-33899,04,"INPUT GRIPPER MOUNT 1,
CLEANER,
REFLEXION LK PRIME",manufactured,Aluminum 6061-T6,MS - Mill,True,15,561.00,8415.00,8415.00,46
5753,5069195,completed,0041-33899,04,"INPUT GRIPPER MOUNT 1,
CLEANER,
REFLEXION LK PRIME",manufactured,Aluminum 6061-T6,MS - Mill,True,145,561.00,81345.00,81345.00,85
5753,5069193,completed,0041-34508,01,"PLATE, BRUSH BOX INSIDE MIG, CLEANER
REFLEXION G",manufactured,Stainless Steel 304,MS - Mill,True,1,283.00,283.00,283.00,41
5753,5069193,completed,0041-34508,01,"PLATE, BRUSH BOX INSIDE MIG, CLEANER
REFLEXION G",manufactured,Stainless Steel 304,MS - Mill,True,22,283.00,6226.00,6226.00,43
5753,5069193,completed,0041-34508,01,"PLATE, BRUSH BOX INSIDE MIG, CLEANER
REFLEXION G",manufactured,Stainless Steel 304,MS - Mill,True,220,283.00,62260.00,62260.00,68
5753,5069189,completed,0041-37619,01,"SPACER, WAFER HANGER,
INPUT SHUTTLE,",manufactured,Stainless Steel 304,MS - Mill,True,1,749.00,749.00,749.00,42
5753,5069189,completed,0041-37619,01,"SPACER, WAFER HANGER,
INPUT SHUTTLE,",manufactured,Stainless Steel 304,MS - Mill,True,14,749.00,10486.00,10486.00,47
5753,5069189,completed,0041-37619,01,"SPACER, WAFER HANGER,
INPUT SHUTTLE,",manufactured,Stainless Steel 304,MS - Mill,True,135,749.00,101115.00,101115.00,94
5753,5068323,completed,0041-37620,01,"BAR ASSY, WAFER HOLDER MOUNT, INPUT",manufactured,Stainless Steel 304,MS - Mill,True,1,629.00,629.00,629.00,41
5753,5068323,completed,0041-37620,01,"BAR ASSY, WAFER HOLDER MOUNT, INPUT",manufactured,Stainless Steel 304,MS - Mill,True,14,629.00,8806.00,8806.00,45
5753,5068323,completed,0041-37620,01,"BAR ASSY, WAFER HOLDER MOUNT, INPUT",manufactured,Stainless Steel 304,MS - Mill,True,135,629.00,84915.00,84915.00,82
5753,5067396,completed,0042-33977,03,"GRIPPER MOUNTING ARM
WAFER HANDER, CLNR
REFLEXION LK PRIME",manufactured,Aluminum 6061-T6,MS - Mill,True,1,921.00,921.00,921.00,41
5753,5067396,completed,0042-33977,03,"GRIPPER MOUNTING ARM
WAFER HANDER, CLNR
REFLEXION LK PRIME",manufactured,Aluminum 6061-T6,MS - Mill,True,15,921.00,13815.00,13815.00,47
5753,5067396,completed,0042-33977,03,"GRIPPER MOUNTING ARM
WAFER HANDER, CLNR
REFLEXION LK PRIME",manufactured,Aluminum 6061-T6,MS - Mill,True,145,921.00,133545.00,133545.00,104
5753,5048682,completed,0042-94161,04,"TREAD PLATE, LARGE
RIGHT, CLEANER, LKP",manufactured,Aluminum 3003,SM - Piece,True,1,1040.00,1040.00,1040.00,35
5753,5048682,completed,0042-94161,04,"TREAD PLATE, LARGE
RIGHT, CLEANER, LKP",manufactured,Aluminum 3003,SM - Piece,True,14,1040.00,14560.00,14560.00,37
5753,5048682,completed,0042-94161,04,"TREAD PLATE, LARGE
RIGHT, CLEANER, LKP",manufactured,Aluminum 3003,SM - Piece,True,140,1040.00,145600.00,145600.00,51
5769,4798671,completed,6007454-2,B,"BRACKET, HEATSINK",manufactured,Aluminum 6061-T6,SM - Piece,True,16,132.00,2112.00,2112.00,60
5752,4784609,completed,0015-04159,03,"SLOTTED PUNCHED CHANNEL, CONDOR",manufactured,CRS,MS - Mill,True,1,214.00,214.00,214.00,20
5752,4784609,completed,0015-04159,03,"SLOTTED PUNCHED CHANNEL, CONDOR",manufactured,CRS,MS - Mill,True,5,52.20,261.00,261.00,20
5752,4784609,completed,0015-04159,03,"SLOTTED PUNCHED CHANNEL, CONDOR",manufactured,CRS,MS - Mill,True,10,32.00,320.00,320.00,20
5752,4784609,completed,0015-04159,03,"SLOTTED PUNCHED CHANNEL, CONDOR",manufactured,CRS,MS - Mill,True,15,25.20,378.00,378.00,20
5752,4784610,completed,0021-53222,05,"TOP CLAMP, ADJUSTABLE FOOT",manufactured,Aluminum 6061-T6,MS - Mill,True,1,637.00,637.00,637.00,20
5752,4784610,completed,0021-53222,05,"TOP CLAMP, ADJUSTABLE FOOT",manufactured,Aluminum 6061-T6,MS - Mill,True,5,158.00,790.00,790.00,20
5752,4784610,completed,0021-53222,05,"TOP CLAMP, ADJUSTABLE FOOT",manufactured,Aluminum 6061-T6,MS - Mill,True,10,97.80,978.00,978.00,20
5752,4784610,completed,0021-53222,05,"TOP CLAMP, ADJUSTABLE FOOT",manufactured,Aluminum 6061-T6,MS - Mill,True,15,77.80,1167.00,1167.00,20
5752,4784611,completed,0021-53224,05,"GUIDE, 60 MHz",manufactured,ABS Black,MS - Mill,True,1,659.00,659.00,659.00,20
5752,4784611,completed,0021-53224,05,"GUIDE, 60 MHz",manufactured,ABS Black,MS - Mill,True,5,173.00,865.00,865.00,20
5752,4784611,completed,0021-53224,05,"GUIDE, 60 MHz",manufactured,ABS Black,MS - Mill,True,10,113.00,1130.00,1130.00,20
5752,4784611,completed,0021-53224,05,"GUIDE, 60 MHz",manufactured,ABS Black,MS - Mill,True,15,91.93,1378.95,1378.95,20
5752,4784612,completed,0021-53225,04,"GUIDE, 13.56 RF, UPPER",manufactured,ABS Black,MS - Mill,True,1,606.00,606.00,606.00,20
5752,4784612,completed,0021-53225,04,"GUIDE, 13.56 RF, UPPER",manufactured,ABS Black,MS - Mill,True,5,161.00,805.00,805.00,20
5752,4784612,completed,0021-53225,04,"GUIDE, 13.56 RF, UPPER",manufactured,ABS Black,MS - Mill,True,10,106.00,1060.00,1060.00,20
5752,4784612,completed,0021-53225,04,"GUIDE, 13.56 RF, UPPER",manufactured,ABS Black,MS - Mill,True,15,86.93,1303.95,1303.95,20
5752,4784613,completed,0021-53511,03,"SUPPORT, TURBO CTRLR",manufactured,ABS Black,MS - Mill,True,1,548.00,548.00,548.00,20
5752,4784613,completed,0021-53511,03,"SUPPORT, TURBO CTRLR",manufactured,ABS Black,MS - Mill,True,5,136.00,680.00,680.00,20
5752,4784613,completed,0021-53511,03,"SUPPORT, TURBO CTRLR",manufactured,ABS Black,MS - Mill,True,10,84.60,846.00,846.00,20
5752,4784613,completed,0021-53511,03,"SUPPORT, TURBO CTRLR",manufactured,ABS Black,MS - Mill,True,15,67.40,1011.00,1011.00,20
5752,4784614,completed,0021-60045,03,"BRACKET, MANUAL VALVE, CONDOR",manufactured,CRS,SM - Piece,True,1,567.00,567.00,567.00,20
5752,4784614,completed,0021-60045,03,"BRACKET, MANUAL VALVE, CONDOR",manufactured,CRS,SM - Piece,True,5,126.00,630.00,630.00,20
5752,4784614,completed,0021-60045,03,"BRACKET, MANUAL VALVE, CONDOR",manufactured,CRS,SM - Piece,True,10,70.90,709.00,709.00,20
5752,4784614,completed,0021-60045,03,"BRACKET, MANUAL VALVE, CONDOR",manufactured,CRS,SM - Piece,True,15,52.53,787.95,787.95,20
5752,4784615,completed,0021-60418,02,"COVER PLATE, SMALL",manufactured,Aluminum 6061-T6,SM - Piece,True,1,468.00,468.00,468.00,20
5752,4784615,completed,0021-60418,02,"COVER PLATE, SMALL",manufactured,Aluminum 6061-T6,SM - Piece,True,5,101.00,505.00,505.00,20
5752,4784615,completed,0021-60418,02,"COVER PLATE, SMALL",manufactured,Aluminum 6061-T6,SM - Piece,True,10,54.90,549.00,549.00,20
5752,4784615,completed,0021-60418,02,"COVER PLATE, SMALL",manufactured,Aluminum 6061-T6,SM - Piece,True,15,39.60,594.00,594.00,20
5752,4784616,completed,0021-60486,03,"BRACKET, E2S, BOTTOM",manufactured,Aluminum 5052-H32,SM - Piece,True,1,597.00,597.00,597.00,20
5752,4784616,completed,0021-60486,03,"BRACKET, E2S, BOTTOM",manufactured,Aluminum 5052-H32,SM - Piece,True,5,128.00,640.00,640.00,20
5752,4784616,completed,0021-60486,03,"BRACKET, E2S, BOTTOM",manufactured,Aluminum 5052-H32,SM - Piece,True,10,69.40,694.00,694.00,20
5752,4784616,completed,0021-60486,03,"BRACKET, E2S, BOTTOM",manufactured,Aluminum 5052-H32,SM - Piece,True,15,49.93,748.95,748.95,20
5752,4784617,completed,0021-60919,03,"BRACKET, SHIPPING - 1",manufactured,Aluminum 6061-T6,MS - Mill,True,1,928.00,928.00,928.00,20
5752,4784617,completed,0021-60919,03,"BRACKET, SHIPPING - 1",manufactured,Aluminum 6061-T6,MS - Mill,True,5,210.00,1050.00,1050.00,20
5752,4784617,completed,0021-60919,03,"BRACKET, SHIPPING - 1",manufactured,Aluminum 6061-T6,MS - Mill,True,10,120.00,1200.00,1200.00,20
5752,4784617,completed,0021-60919,03,"BRACKET, SHIPPING - 1",manufactured,Aluminum 6061-T6,MS - Mill,True,15,89.73,1345.95,1345.95,20
5752,4784618,completed,0021-60953,03,SHIP BRACKET,manufactured,Aluminum 6061-T6,SM - Piece,True,1,441.00,441.00,441.00,20
5752,4784618,completed,0021-60953,03,SHIP BRACKET,manufactured,Aluminum 6061-T6,SM - Piece,True,5,94.00,470.00,470.00,20
5752,4784618,completed,0021-60953,03,SHIP BRACKET,manufactured,Aluminum 6061-T6,SM - Piece,True,10,50.60,506.00,506.00,20
5752,4784618,completed,0021-60953,03,SHIP BRACKET,manufactured,Aluminum 6061-T6,SM - Piece,True,15,36.13,541.95,541.95,20
5752,4784619,completed,0021-81444,02,EMO BLANKOFF,manufactured,CRS,SM - Piece,True,1,481.00,481.00,481.00,20
5752,4784619,completed,0021-81444,02,EMO BLANKOFF,manufactured,CRS,SM - Piece,True,5,102.00,510.00,510.00,20
5752,4784619,completed,0021-81444,02,EMO BLANKOFF,manufactured,CRS,SM - Piece,True,10,53.90,539.00,539.00,20
5752,4784619,completed,0021-81444,02,EMO BLANKOFF,manufactured,CRS,SM - Piece,True,15,38.00,570.00,570.00,20
5752,4784620,completed,0021-87475,03,"BRACKET, E2S, ETHERNET, TOP",manufactured,Aluminum 5052-H32,SM - Piece,True,1,739.00,739.00,739.00,20
5752,4784620,completed,0021-87475,03,"BRACKET, E2S, ETHERNET, TOP",manufactured,Aluminum 5052-H32,SM - Piece,True,5,184.00,920.00,920.00,20
5752,4784620,completed,0021-87475,03,"BRACKET, E2S, ETHERNET, TOP",manufactured,Aluminum 5052-H32,SM - Piece,True,10,132.00,1320.00,1320.00,20
5752,4784620,completed,0021-87475,03,"BRACKET, E2S, ETHERNET, TOP",manufactured,Aluminum 5052-H32,SM - Piece,True,15,114.00,1710.00,1710.00,20
5752,4975840,completed,0041-26075,04,"BRACKET MODIFIED,
CHAMBER FRAME, CONDOR",manufactured,Aluminum 6061-T6,MS - Mill,True,1,998.00,998.00,998.00,20
5752,4975840,completed,0041-26075,04,"BRACKET MODIFIED,
CHAMBER FRAME, CONDOR",manufactured,Aluminum 6061-T6,MS - Mill,True,5,276.00,1380.00,1380.00,20
5752,4975840,completed,0041-26075,04,"BRACKET MODIFIED,
CHAMBER FRAME, CONDOR",manufactured,Aluminum 6061-T6,MS - Mill,True,10,186.00,1860.00,1860.00,20
5752,4975840,completed,0041-26075,04,"BRACKET MODIFIED,
CHAMBER FRAME, CONDOR",manufactured,Aluminum 6061-T6,MS - Mill,True,15,156.00,2340.00,2340.00,20
5752,4975841,completed,0041-26321,05,"BRACKET, RF SUPT",manufactured,CRS,SM - Piece W/HDWE,True,1,620.00,620.00,620.00,20
5752,4975841,completed,0041-26321,05,"BRACKET, RF SUPT",manufactured,CRS,SM - Piece W/HDWE,True,5,155.00,775.00,775.00,20
5752,4975841,completed,0041-26321,05,"BRACKET, RF SUPT",manufactured,CRS,SM - Piece W/HDWE,True,10,96.30,963.00,963.00,20
5752,4975841,completed,0041-26321,05,"BRACKET, RF SUPT",manufactured,CRS,SM - Piece W/HDWE,True,15,76.93,1153.95,1153.95,20
5752,4975842,completed,0041-26528,06,,manufactured,Aluminum 5052-H32,SM - Piece W/HDWE,False,1,542.00,542.00,542.00,20
5752,4975842,completed,0041-26528,06,,manufactured,Aluminum 5052-H32,SM - Piece W/HDWE,False,5,175.00,875.00,875.00,20
5752,4975842,completed,0041-26528,06,,manufactured,Aluminum 5052-H32,SM - Piece W/HDWE,False,10,129.00,1290.00,1290.00,20
5752,4975842,completed,0041-26528,06,,manufactured,Aluminum 5052-H32,SM - Piece W/HDWE,False,15,113.00,1695.00,1695.00,20
5752,4784624,completed,0041-26529,04,"BRACKET TURBO CTRLR 3, ASSY",manufactured,Aluminum 5052-H32,SM - Piece W/HDWE,True,1,594.00,594.00,594.00,20
5752,4784624,completed,0041-26529,04,"BRACKET TURBO CTRLR 3, ASSY",manufactured,Aluminum 5052-H32,SM - Piece W/HDWE,True,5,139.00,695.00,695.00,20
5752,4784624,completed,0041-26529,04,"BRACKET TURBO CTRLR 3, ASSY",manufactured,Aluminum 5052-H32,SM - Piece W/HDWE,True,10,81.70,817.00,817.00,20
5752,4784624,completed,0041-26529,04,"BRACKET TURBO CTRLR 3, ASSY",manufactured,Aluminum 5052-H32,SM - Piece W/HDWE,True,15,62.67,940.05,940.05,20
5752,4975844,completed,0041-26671,04,"BRACKET, He GASLINE
SUPPORT, CONDOR",manufactured,CRS,SM - Piece W/HDWE,True,1,558.00,558.00,558.00,20
5752,4975844,completed,0041-26671,04,"BRACKET, He GASLINE
SUPPORT, CONDOR",manufactured,CRS,SM - Piece W/HDWE,True,5,122.00,610.00,610.00,20
5752,4975844,completed,0041-26671,04,"BRACKET, He GASLINE
SUPPORT, CONDOR",manufactured,CRS,SM - Piece W/HDWE,True,10,67.60,676.00,676.00,20
5752,4975844,completed,0041-26671,04,"BRACKET, He GASLINE
SUPPORT, CONDOR",manufactured,CRS,SM - Piece W/HDWE,True,15,49.40,741.00,741.00,20
5752,4975846,completed,0041-26677,03,"BRACKET FOR
FORELINE-CHAMBER 2,
CONDOR",manufactured,CRS,SM - Piece W/HDWE,True,1,561.00,561.00,561.00,20
5752,4975846,completed,0041-26677,03,"BRACKET FOR
FORELINE-CHAMBER 2,
CONDOR",manufactured,CRS,SM - Piece W/HDWE,True,5,125.00,625.00,625.00,20
5752,4975846,completed,0041-26677,03,"BRACKET FOR
FORELINE-CHAMBER 2,
CONDOR",manufactured,CRS,SM - Piece W/HDWE,True,10,70.60,706.00,706.00,20
5752,4975846,completed,0041-26677,03,"BRACKET FOR
FORELINE-CHAMBER 2,
CONDOR",manufactured,CRS,SM - Piece W/HDWE,True,15,52.40,786.00,786.00,20
5752,4975848,completed,0041-27276,03,,manufactured,Aluminum 6061-T6,SM - Piece W/HDWE,False,1,541.00,541.00,541.00,20
5752,4975848,completed,0041-27276,03,,manufactured,Aluminum 6061-T6,SM - Piece W/HDWE,False,5,132.00,660.00,660.00,20
5752,4975848,completed,0041-27276,03,,manufactured,Aluminum 6061-T6,SM - Piece W/HDWE,False,10,80.40,804.00,804.00,20
5752,4975848,completed,0041-27276,03,,manufactured,Aluminum 6061-T6,SM - Piece W/HDWE,False,15,63.33,949.95,949.95,20
5752,4975852,completed,0041-27304,03,,manufactured,Aluminum 6061-T6,MS - Mill,False,1,769.00,769.00,769.00,20
5752,4975852,completed,0041-27304,03,,manufactured,Aluminum 6061-T6,MS - Mill,False,5,181.00,905.00,905.00,20
5752,4975852,completed,0041-27304,03,,manufactured,Aluminum 6061-T6,MS - Mill,False,10,110.00,1100.00,1100.00,20
5752,4975852,completed,0041-27304,03,,manufactured,Aluminum 6061-T6,MS - Mill,False,15,85.73,1285.95,1285.95,20
5752,4975849,completed,0041-29858,03,"BRACKET, FORELINE CH 2,
CONDOR",manufactured,CRS,SM - Piece W/HDWE,True,1,564.00,564.00,564.00,20
5752,4975849,completed,0041-29858,03,"BRACKET, FORELINE CH 2,
CONDOR",manufactured,CRS,SM - Piece W/HDWE,True,5,128.00,640.00,640.00,20
5752,4975849,completed,0041-29858,03,"BRACKET, FORELINE CH 2,
CONDOR",manufactured,CRS,SM - Piece W/HDWE,True,10,73.60,736.00,736.00,20
5752,4975849,completed,0041-29858,03,"BRACKET, FORELINE CH 2,
CONDOR",manufactured,CRS,SM - Piece W/HDWE,True,15,55.40,831.00,831.00,20
5752,4975838,completed,0041-35790,05,"COVER, COMPONENT TRAY,
CONDOR",manufactured,CRS,SM - Piece W/HDWE,True,1,626.00,626.00,626.00,20
5752,4975838,completed,0041-35790,05,"COVER, COMPONENT TRAY,
CONDOR",manufactured,CRS,SM - Piece W/HDWE,True,5,182.00,910.00,910.00,20
5752,4975838,completed,0041-35790,05,"COVER, COMPONENT TRAY,
CONDOR",manufactured,CRS,SM - Piece W/HDWE,True,10,126.00,1260.00,1260.00,20
5752,4975838,completed,0041-35790,05,"COVER, COMPONENT TRAY,
CONDOR",manufactured,CRS,SM - Piece W/HDWE,True,15,107.00,1605.00,1605.00,20
5752,4975827,completed,0041-35797,04,"COVER, PLATE BACK EyeD
IEP",manufactured,CRS,SM - Piece W/HDWE,True,1,437.00,437.00,437.00,20
5752,4975827,completed,0041-35797,04,"COVER, PLATE BACK EyeD
IEP",manufactured,CRS,SM - Piece W/HDWE,True,5,111.00,555.00,555.00,20
5752,4975827,completed,0041-35797,04,"COVER, PLATE BACK EyeD
IEP",manufactured,CRS,SM - Piece W/HDWE,True,10,69.70,697.00,697.00,20
5752,4975827,completed,0041-35797,04,"COVER, PLATE BACK EyeD
IEP",manufactured,CRS,SM - Piece W/HDWE,True,15,56.13,841.95,841.95,20
5752,4784632,completed,0041-35801,07,ENCLOSURE COMPONENT TRAY CONDOR,assembled,CRS,SM - Assy,True,1,2020.00,2020.00,2020.00,20
5752,4784632,completed,0041-35801,07,ENCLOSURE COMPONENT TRAY CONDOR,assembled,CRS,SM - Assy,True,5,865.00,4325.00,4325.00,20
5752,4784632,completed,0041-35801,07,ENCLOSURE COMPONENT TRAY CONDOR,assembled,CRS,SM - Assy,True,10,722.00,7220.00,7220.00,20
5752,4784632,completed,0041-35801,07,ENCLOSURE COMPONENT TRAY CONDOR,assembled,CRS,SM - Assy,True,15,675.00,10125.00,10125.00,20
5752,4975425,completed,0041-35808,01,"PANEL, TURBO CTRLR",manufactured,Aluminum 5052-H32,SM - Piece W/HDWE,True,1,546.00,546.00,546.00,20
5752,4975425,completed,0041-35808,01,"PANEL, TURBO CTRLR",manufactured,Aluminum 5052-H32,SM - Piece W/HDWE,True,5,159.00,795.00,795.00,20
5752,4975425,completed,0041-35808,01,"PANEL, TURBO CTRLR",manufactured,Aluminum 5052-H32,SM - Piece W/HDWE,True,10,111.00,1110.00,1110.00,20
5752,4975425,completed,0041-35808,01,"PANEL, TURBO CTRLR",manufactured,Aluminum 5052-H32,SM - Piece W/HDWE,True,15,94.13,1411.95,1411.95,20
5752,4975395,completed,0041-35922,02,"BRACKET, TURBO CTRLR,
ASSY",manufactured,Aluminum 5052-H32,SM - Piece W/HDWE,True,1,642.00,642.00,642.00,20
5752,4975395,completed,0041-35922,02,"BRACKET, TURBO CTRLR,
ASSY",manufactured,Aluminum 5052-H32,SM - Piece W/HDWE,True,5,183.00,915.00,915.00,20
5752,4975395,completed,0041-35922,02,"BRACKET, TURBO CTRLR,
ASSY",manufactured,Aluminum 5052-H32,SM - Piece W/HDWE,True,10,126.00,1260.00,1260.00,20
5752,4975395,completed,0041-35922,02,"BRACKET, TURBO CTRLR,
ASSY",manufactured,Aluminum 5052-H32,SM - Piece W/HDWE,True,15,107.00,1605.00,1605.00,20
5758,4787229,completed,0021-47825,03,"BASE PLATE, DUAL MANIFOLD TANK, INPUT SH",manufactured,MIC 6,MS - Mill,True,1,3670.00,3670.00,5970.00,39
5758,4787229,completed,0021-47825,03,"BASE PLATE, DUAL MANIFOLD TANK, INPUT SH",manufactured,MIC 6,MS - Mill,True,14,1170.00,16380.00,18680.00,50
5758,4787229,completed,0021-47825,03,"BASE PLATE, DUAL MANIFOLD TANK, INPUT SH",manufactured,MIC 6,MS - Mill,True,135,1010.00,136350.00,136350.00,150
5758,5106442,completed,0021-47825,03,"BASE PLATE, DUAL MANIFOLD TANK",manufactured,MIC 6,MS - Mill,True,68,1270.37,86385.16,86385.16,300
5758,4787230,completed,0021-55403,05,"SHIPPING CLAMP, DIVIDER PANELS, REFLEXIO",manufactured,Aluminum 5052-H32,SM - Piece,True,1,653.00,653.00,1453.00,37
5758,4787230,completed,0021-55403,05,"SHIPPING CLAMP, DIVIDER PANELS, REFLEXIO",manufactured,Aluminum 5052-H32,SM - Piece,True,26,66.38,1725.88,2525.88,37
5758,4787230,completed,0021-55403,05,"SHIPPING CLAMP, DIVIDER PANELS, REFLEXIO",manufactured,Aluminum 5052-H32,SM - Piece,True,260,48.67,12654.20,12654.20,41
5758,4787231,completed,0022-26237,05,"TREAD PLATE, LOWER, LARGE, CLEANER,RLKP",manufactured,,,False,125,0.00,0.00,0.00,0
5758,4787232,completed,0022-41165,02,"LABYRINTH, RIGHT DOOR, WR DRIP PAN, CLEA",manufactured,,,False,145,0.00,0.00,0.00,0
5758,4787233,completed,0041-77644,04,"REMOVEABLE FLANGE, ROBOT DOOR, RLKP",assembled,,,False,145,0.00,0.00,0.00,0
5758,4787234,completed,0041-86200,05,"SUPPORT PLATE, INDEPENDENT LDM, CLEANER",assembled,,,False,125,0.00,0.00,0.00,0
5758,4787235,completed,0041-86433,04,"SUPPORT PLATE, INDEPENDENT LDM, CLEANER",assembled,,,False,65,0.00,0.00,0.00,0
5758,4787236,completed,0041-97004,06,"ACCESS PANEL, LOWER, GASBOX, FI INTERFAC",assembled,,,False,150,0.00,0.00,0.00,0
5758,4787237,completed,0041-97007,05,"FIXED PANEL, MID LOWER, FI INTERFACE PAN",assembled,,,False,150,0.00,0.00,0.00,0
5758,4787238,completed,0042-00449,06,"WELDMENT, MIDDLE, FI INTERFACE PANELS, R",assembled,,,False,145,0.00,0.00,0.00,0
5758,4787239,completed,0022-38315,02,"BULB SEAL BRACKET, FI INTERFACE PANELS,",manufactured,,,False,145,0.00,0.00,0.00,0
5758,4787240,completed,0041-34221,03,"MOUNTING BRKT FLEX CABLE Z-AXIS CLNR, RE",assembled,,,False,145,0.00,0.00,0.00,0
5758,4787241,completed,0041-52831,07,"BRACKET, CLC CONTROLLER SUPPORT MOUNT, C",assembled,,,False,145,0.00,0.00,0.00,0
5758,4787242,completed,0041-54342,04,"BRACKET, MOUNTING, EXHST SNSRS, PNEU BOX",assembled,,,False,120,0.00,0.00,0.00,0
5758,4787243,completed,0041-84392,05,"BRACKET, CLC CONTROLLER MOUNTING, CLEANE",assembled,,,False,80,0.00,0.00,0.00,0
5758,4787244,completed,0041-84770,04,"SUPPORT, WETROBOT DRIP PAN, RLKP",assembled,,,False,80,0.00,0.00,0.00,0
5758,4787245,completed,0041-26223,04,"ENCLOSURE, FIRE EXHAUST PNEUMATIC, CLEAN",assembled,,,False,145,0.00,0.00,0.00,0
5758,4787246,completed,0041-34320,04,"ENCLOSURE, DIW, CDA & N2, FACILITIES, CL",assembled,,,False,50,0.00,0.00,0.00,0
5758,4787247,completed,0023-17944,04,"TREAD PLATE, SMALL REAR, CLEANER, LKP",manufactured,,,False,140,0.00,0.00,0.00,0
5758,4787248,completed,0023-18004,04,"TREAD PLATE, LOWER, LARGE, CLEANER, LKP",manufactured,,,False,60,0.00,0.00,0.00,0
5758,4787249,completed,0023-18124,04,"TREAD PLATE, LOWER, LARGE, CLEANER, LKP",manufactured,,,False,60,0.00,0.00,0.00,0
5758,4787250,completed,0023-18244,04,"TREAD PLATE, LOWER, LARGE, CLEANER, LKP",manufactured,,,False,60,0.00,0.00,0.00,0
5758,4787251,completed,0041-30377,04,"WELDMENT, FRAME, DISK BRUSH LDMX LDM, CL",assembled,,,False,80,0.00,0.00,0.00,0
5758,4787252,completed,0042-02718,05,"WELDMENT, STEP FRAME, HF, CLEANER",assembled,,,False,65,0.00,0.00,0.00,0
5758,5106278,completed,0042-02720,05,"WELDMENT STEP FRAME, CLEANER",assembled,Stainless Steel 304,SM - Assy,True,1,3220.00,3220.00,5620.00,300
5758,5106278,completed,0042-02720,05,"WELDMENT STEP FRAME, CLEANER",assembled,Stainless Steel 304,SM - Assy,True,7,3220.00,22540.00,24940.00,300
5758,5106278,completed,0042-02720,05,"WELDMENT STEP FRAME, CLEANER",assembled,Stainless Steel 304,SM - Assy,True,65,3220.00,209300.00,209300.00,300
5758,4787254,completed,0042-19304,02,"WLDMNT, FRAME, LOWER STEP PLATES, BOTTM.",assembled,,,False,55,0.00,0.00,0.00,0
5765,4798333,completed,0021-04652,03,"LIFT COVER B101, BLT, 101, HTESC",manufactured,,,False,18,0.00,0.00,0.00,0
5765,4798334,completed,0022-62599,02,"ADAPTER,MCVD/DCS CHAMBER",manufactured,,,False,26,0.00,0.00,0.00,0
5765,4798335,completed,0040-44480,02,"COVER, 10 VIEWPORT, CH. A OR B",manufactured,,,False,146,0.00,0.00,0.00,0
5765,4798336,completed,0040-22457,03,"WELDMENT, OUTRIGGER, CVD GASBOX",manufactured,,,False,64,0.00,0.00,0.00,0
5765,4798337,completed,0021-20718,01,PEDESTAL COVER LOWER 8 B101 REV 2.1 SST,manufactured,,,False,147,0.00,0.00,0.00,0
5765,4798338,completed,0021-20790,.A,"DISK, SHUTTER, 8 SNNF, E-CHUCK",manufactured,,,False,103,0.00,0.00,0.00,0
5765,4798339,completed,0021-22018,04,"FLANGE, HUB, HEATER, 1.574 DIA SHAFT, BE",manufactured,,,False,52,0.00,0.00,0.00,0
5765,4798340,completed,0021-22589,01,"SCREW, CAPTIVE MODIFIED",manufactured,,,False,981,0.00,0.00,0.00,0
5765,4798341,completed,0021-28203,01,LIFTER 8 INSULATED O/D HIGH UNIFORMITY,manufactured,,,False,10,0.00,0.00,0.00,0
5765,4798342,completed,0021-36022,01,"MANIFOLD,OUTPUT,TXZ",manufactured,,,False,68,0.00,0.00,0.00,0
5765,4798343,completed,0021-37886,01,"LOCK, BALL-END LEVELING STUD",manufactured,,,False,502,0.00,0.00,0.00,0
5765,4798344,completed,0021-39885,P1,"LID CLAMP ISOLATOR, TXZ",manufactured,,,False,198,0.00,0.00,0.00,0
5765,4798345,completed,0022-48298,01,"GAUGE,STANDOFF SET POSITION,10.25MM,PVD",manufactured,,,False,22,0.00,0.00,0.00,0
5765,4798346,completed,0022-54705,02,"BRKT,CLAMP SPRT,SOURCE,PULSER,200MM PVD",manufactured,,,False,24,0.00,0.00,0.00,0
5765,4798347,completed,0040-03733,04,"COVER, ORIENTER/DEGAS",assembled,,,False,169,0.00,0.00,0.00,0
5765,4798348,completed,0040-22811,.A,FINGER EXTENDED LIFT HOOP 6 B101,manufactured,,,False,38,0.00,0.00,0.00,0
5765,4798349,completed,0040-37676,02,LID CLAMP 200MM TXZ,manufactured,,,False,153,0.00,0.00,0.00,0
5765,4798350,completed,0041-30416,03,"WELDMENT, 8 HOOP, PVD W/B CHAMBER",manufactured,,,False,106,0.00,0.00,0.00,0
5765,4798351,completed,0041-47100,03,"INPUT MANIFOLD WATER, HP TXZ 200MM CIP,",manufactured,,,False,61,0.00,0.00,0.00,0
5762,4792522,completed,0022-41332,02,"CHAMBER LINER, LOWER, PRECISION",manufactured,Aluminum 6061-T6,MS - Mill Turn,True,1,2040.00,2040.00,5040.00,50
5762,4792522,completed,0022-41332,02,"CHAMBER LINER, LOWER, PRECISION",manufactured,Aluminum 6061-T6,MS - Mill Turn,True,5,2040.00,10200.00,13200.00,51
5762,4792522,completed,0022-41332,02,"CHAMBER LINER, LOWER, PRECISION",manufactured,Aluminum 6061-T6,MS - Mill Turn,True,48,2040.00,97920.00,100920.00,68
5762,4792523,completed,0022-41333,02,"CHAMBER LINER, INNER,PRECISION",manufactured,Aluminum 6061-T6,MS - Lathe,True,1,803.00,803.00,1903.00,41
5762,4792523,completed,0022-41333,02,"CHAMBER LINER, INNER,PRECISION",manufactured,Aluminum 6061-T6,MS - Lathe,True,5,803.00,4015.00,5115.00,42
5762,4792523,completed,0022-41333,02,"CHAMBER LINER, INNER,PRECISION",manufactured,Aluminum 6061-T6,MS - Lathe,True,50,803.00,40150.00,41250.00,49
5764,4882593,completed,0041-36137,04,,manufactured,Stainless Steel 304/304L,SM - Piece,False,1,625.00,625.00,1225.00,32
5764,4882593,completed,0041-36137,04,,manufactured,Stainless Steel 304/304L,SM - Piece,False,3,269.00,807.00,1407.00,32
5764,4882593,completed,0041-36137,04,,manufactured,Stainless Steel 304/304L,SM - Piece,False,5,198.00,990.00,1590.00,32
5764,4882593,completed,0041-36137,04,,manufactured,Stainless Steel 304/304L,SM - Piece,False,10,144.00,1440.00,2040.00,32
5764,4882593,completed,0041-36137,04,,manufactured,Stainless Steel 304/304L,SM - Piece,False,15,126.00,1890.00,2490.00,33
5764,4882593,completed,0041-36137,04,,manufactured,Stainless Steel 304/304L,SM - Piece,False,20,117.00,2340.00,2940.00,33
5760,4787939,completed,0022-87901,06,"PANEL, 54 POSITION CB PANELBOARD COVER,",manufactured,Carbon Steel A366/1008-CR,SM - Piece,True,24,104.00,2496.00,2926.00,31
5760,4787940,completed,0022-89241,04,"PANEL, 42 POSITION CB PANELBOARD COVER,",manufactured,Carbon Steel A366/1008-CR,SM - Piece,True,32,87.50,2800.00,3230.00,31
5760,4787941,completed,0020-25976,03,BRACKETDOOR HANDLEGAS BOX CVD,manufactured,Stainless Steel 304,SM - Piece,True,22,32.50,715.00,1315.00,35
5760,4787942,completed,0021-83325,02,UPA MOUNTING BRACKET,manufactured,Aluminum 5052-H32,SM - Piece,True,5,138.00,690.00,1290.00,35
5760,4787943,completed,0020-13974,AA,"BLOCK, MOUNTING, BOTTOM SENSOR LLKA, WBL",manufactured,Aluminum 6061-T6,MS - Mill,True,29,141.00,4089.00,5879.00,41
5760,4787944,completed,0020-13975,.B,"BLOCK, MOUNTING, TOP SENSOR LLKB, WBLL",manufactured,Aluminum 6061-T6,MS - Mill,True,29,164.00,4756.00,6546.00,47
5760,4787945,completed,0020-13998,02,"PLATE, SOURCE ALIGNMENT PIN",manufactured,Stainless Steel 304,SM - Piece,True,80,29.30,2344.00,2974.00,29
5760,4787945,completed,0020-13998,02,"PLATE, SOURCE ALIGNMENT PIN",manufactured,Stainless Steel 304,SM - Piece,True,102,26.79,2732.58,3362.58,29
5760,4787946,completed,0020-20716,.C,FINGER HOOP CD/PT 125/150 MM,manufactured,Aluminum 6061-T6,MS - Mill,True,39,46.36,1808.04,2508.04,43
5760,4787947,completed,0020-21856,05,"NUT, ARC 8-32 BC DIA 15.00",manufactured,,,False,119,0.00,0.00,0.00,0
5760,4787948,completed,0020-24573,AA,MTG BLOCK SENSOR SWITCH CVD TIN,manufactured,Aluminum 6061-T6,MS - Mill,True,16,68.81,1100.96,1800.96,43
5760,4787949,no_quote,0020-32060,01,4-40X1/2 FLATHEAD ALUMINUM SCREW,manufactured,,,False,5,0.00,0.00,0.00,0
5760,4787950,no_quote,0020-42036,01,"SHAFT,GROUND,CAP MANO PNL,WXZ",manufactured,,,False,24,0.00,0.00,0.00,0
5760,4787951,completed,0020-76732,.B,"CHANNEL, CHAMBER INTERCONNECT, RIGHT",manufactured,CRS,SM - Piece,True,17,212.00,3604.00,4034.00,40
5760,4787952,completed,0021-20207,.A,SPACER 3.5MM MAGNET ROTARY FEEDTHRU SHIM,manufactured,Aluminum 6061-T6,SM - Piece (combo),True,24,83.42,2002.08,2202.08,25
5760,4787953,no_quote,0021-21704,03,"SCREEN RF SHIELD, 6 VIEWPORT IMP, PVD",manufactured,,,False,5,0.00,0.00,0.00,0
5760,4787954,completed,0021-22230,01,CLAMP BOTTOM CABLE HOLDER SOURCE GN,manufactured,Aluminum 6061-T6,MS - Mill,True,163,39.57,6449.91,6449.91,44
5760,4787955,completed,0040-07598,03,"BRKT, ENDURA STAND SUPPORT W/ HE MANIFOL",manufactured,CRS,SM - Piece,True,7,179.00,1253.00,1653.00,33
5760,4787956,completed,0040-21715,.A,"BRACKET, LIFT SUPPORT",manufactured,Carbon Steel A36,SM - Piece,True,10,615.00,6150.00,6750.00,40
5770,4798690,completed,0011-05907,01,"ASSEMBLY, CONDUIT ENTRY INSTALL",assembled,CRS,SM - Assy,True,1,665.00,665.00,1265.00,31
5770,4798690,completed,0011-05907,01,"ASSEMBLY, CONDUIT ENTRY INSTALL",assembled,CRS,SM - Assy,True,3,242.00,726.00,1326.00,31
5770,4798690,completed,0011-05907,01,"ASSEMBLY, CONDUIT ENTRY INSTALL",assembled,CRS,SM - Assy,True,5,157.00,785.00,1385.00,31
5770,4798690,completed,0011-05907,01,"ASSEMBLY, CONDUIT ENTRY INSTALL",assembled,CRS,SM - Assy,True,10,93.60,936.00,1536.00,31
5770,4798690,completed,0011-05907,01,"ASSEMBLY, CONDUIT ENTRY INSTALL",assembled,CRS,SM - Assy,True,15,72.40,1086.00,1686.00,31
5767,4798511,completed,AC-DC POWER SUPPLIES ENCLOSED,A,"PARTITION, L.E. QUAD",manufactured,,,False,1,0.00,0.00,0.00,0
5767,4798511,completed,AC-DC POWER SUPPLIES ENCLOSED,A,"PARTITION, L.E. QUAD",manufactured,,,False,2,0.00,0.00,0.00,0
5767,4798511,completed,AC-DC POWER SUPPLIES ENCLOSED,A,"PARTITION, L.E. QUAD",manufactured,,,False,5,0.00,0.00,0.00,0
5767,4798511,completed,AC-DC POWER SUPPLIES ENCLOSED,A,"PARTITION, L.E. QUAD",manufactured,,,False,8,0.00,0.00,0.00,0
5767,4798511,completed,AC-DC POWER SUPPLIES ENCLOSED,A,"PARTITION, L.E. QUAD",manufactured,,,False,10,0.00,0.00,0.00,0
5767,4798511,completed,AC-DC POWER SUPPLIES ENCLOSED,A,"PARTITION, L.E. QUAD",manufactured,,,False,20,0.00,0.00,0.00,0
5767,4798512,completed,E17015290,A,MULTI-GROUND BUS BAR,manufactured,,,False,2,0.00,0.00,0.00,0
5767,4798512,completed,E17015290,A,MULTI-GROUND BUS BAR,manufactured,,,False,4,0.00,0.00,0.00,0
5767,4798512,completed,E17015290,A,MULTI-GROUND BUS BAR,manufactured,,,False,10,0.00,0.00,0.00,0
5767,4798512,completed,E17015290,A,MULTI-GROUND BUS BAR,manufactured,,,False,16,0.00,0.00,0.00,0
5767,4798512,completed,E17015290,A,MULTI-GROUND BUS BAR,manufactured,,,False,20,0.00,0.00,0.00,0
5767,4798512,completed,E17015290,A,MULTI-GROUND BUS BAR,manufactured,,,False,40,0.00,0.00,0.00,0
5767,4798513,completed,E17207460,D,"CHASSIS,L.E. QUAD POLARITY",manufactured,,,False,1,0.00,0.00,0.00,0
5767,4798513,completed,E17207460,D,"CHASSIS,L.E. QUAD POLARITY",manufactured,,,False,2,0.00,0.00,0.00,0
5767,4798513,completed,E17207460,D,"CHASSIS,L.E. QUAD POLARITY",manufactured,,,False,5,0.00,0.00,0.00,0
5767,4798513,completed,E17207460,D,"CHASSIS,L.E. QUAD POLARITY",manufactured,,,False,8,0.00,0.00,0.00,0
5767,4798513,completed,E17207460,D,"CHASSIS,L.E. QUAD POLARITY",manufactured,,,False,10,0.00,0.00,0.00,0
5767,4798513,completed,E17207460,D,"CHASSIS,L.E. QUAD POLARITY",manufactured,,,False,20,0.00,0.00,0.00,0
5767,4798514,completed,E17207470,A,"COVER,L.E. QUAD POLARITY",manufactured,,,False,1,0.00,0.00,0.00,0
5767,4798514,completed,E17207470,A,"COVER,L.E. QUAD POLARITY",manufactured,,,False,2,0.00,0.00,0.00,0
5767,4798514,completed,E17207470,A,"COVER,L.E. QUAD POLARITY",manufactured,,,False,5,0.00,0.00,0.00,0
5767,4798514,completed,E17207470,A,"COVER,L.E. QUAD POLARITY",manufactured,,,False,8,0.00,0.00,0.00,0
5767,4798514,completed,E17207470,A,"COVER,L.E. QUAD POLARITY",manufactured,,,False,10,0.00,0.00,0.00,0
5767,4798514,completed,E17207470,A,"COVER,L.E. QUAD POLARITY",manufactured,,,False,20,0.00,0.00,0.00,0
5767,4798515,completed,E17207490,E,"COVER,HV IN,LE QUAD",manufactured,,,False,1,0.00,0.00,0.00,0
5767,4798515,completed,E17207490,E,"COVER,HV IN,LE QUAD",manufactured,,,False,2,0.00,0.00,0.00,0
5767,4798515,completed,E17207490,E,"COVER,HV IN,LE QUAD",manufactured,,,False,5,0.00,0.00,0.00,0
5767,4798515,completed,E17207490,E,"COVER,HV IN,LE QUAD",manufactured,,,False,8,0.00,0.00,0.00,0
5767,4798515,completed,E17207490,E,"COVER,HV IN,LE QUAD",manufactured,,,False,10,0.00,0.00,0.00,0
5767,4798515,completed,E17207490,E,"COVER,HV IN,LE QUAD",manufactured,,,False,20,0.00,0.00,0.00,0
5767,4798516,completed,E17207491,D,"COVER,HV OUT,LE QUAD",manufactured,,,False,1,0.00,0.00,0.00,0
5767,4798516,completed,E17207491,D,"COVER,HV OUT,LE QUAD",manufactured,,,False,2,0.00,0.00,0.00,0
5767,4798516,completed,E17207491,D,"COVER,HV OUT,LE QUAD",manufactured,,,False,5,0.00,0.00,0.00,0
5767,4798516,completed,E17207491,D,"COVER,HV OUT,LE QUAD",manufactured,,,False,8,0.00,0.00,0.00,0
5767,4798516,completed,E17207491,D,"COVER,HV OUT,LE QUAD",manufactured,,,False,10,0.00,0.00,0.00,0
5767,4798516,completed,E17207491,D,"COVER,HV OUT,LE QUAD",manufactured,,,False,20,0.00,0.00,0.00,0
5767,4798517,completed,E17207500,A,"BRACKET,RELAY,LE QUAD",manufactured,,,False,1,0.00,0.00,0.00,0
5767,4798517,completed,E17207500,A,"BRACKET,RELAY,LE QUAD",manufactured,,,False,2,0.00,0.00,0.00,0
5767,4798517,completed,E17207500,A,"BRACKET,RELAY,LE QUAD",manufactured,,,False,5,0.00,0.00,0.00,0
5767,4798517,completed,E17207500,A,"BRACKET,RELAY,LE QUAD",manufactured,,,False,8,0.00,0.00,0.00,0
5767,4798517,completed,E17207500,A,"BRACKET,RELAY,LE QUAD",manufactured,,,False,10,0.00,0.00,0.00,0
5767,4798517,completed,E17207500,A,"BRACKET,RELAY,LE QUAD",manufactured,,,False,20,0.00,0.00,0.00,0
5767,4798518,completed,E17338120,A,"CHASSIS,VAPORIZER CONTROLLER",manufactured,,,False,1,0.00,0.00,0.00,0
5767,4798518,completed,E17338120,A,"CHASSIS,VAPORIZER CONTROLLER",manufactured,,,False,2,0.00,0.00,0.00,0
5767,4798518,completed,E17338120,A,"CHASSIS,VAPORIZER CONTROLLER",manufactured,,,False,5,0.00,0.00,0.00,0
5767,4798518,completed,E17338120,A,"CHASSIS,VAPORIZER CONTROLLER",manufactured,,,False,8,0.00,0.00,0.00,0
5767,4798518,completed,E17338120,A,"CHASSIS,VAPORIZER CONTROLLER",manufactured,,,False,10,0.00,0.00,0.00,0
5767,4798518,completed,E17338120,A,"CHASSIS,VAPORIZER CONTROLLER",manufactured,,,False,20,0.00,0.00,0.00,0
5775,4806059,no_quote,5180224,-,"BRACKET,SUBCOVER",manufactured,,,False,4,0.00,0.00,0.00,0
5775,4806059,no_quote,5180224,-,"BRACKET,SUBCOVER",manufactured,,,False,8,0.00,0.00,0.00,0
5775,4806059,no_quote,5180224,-,"BRACKET,SUBCOVER",manufactured,,,False,12,0.00,0.00,0.00,0
5772,4805557,no_quote,0022-23235,04,"TOP COVER, VOLTA WW",manufactured,,NQ - No Capacity,False,18,0.00,0.00,0.00,5
5772,4805558,no_quote,0022-53883,02,"SPACER, SHIP BRACKET, TGB REAR SUPPORT,",manufactured,,NQ - No Capacity,False,3,0.00,0.00,0.00,5
5776,4806334,no_quote,0021-78782,1Q,"BAR STIFFINER, MIRRA LOCATION TOOL",manufactured,,No Quote,False,1,0.00,0.00,0.00,5
5776,4806334,no_quote,0021-78782,1Q,"BAR STIFFINER, MIRRA LOCATION TOOL",manufactured,,No Quote,False,2,0.00,0.00,0.00,5
5776,4806334,no_quote,0021-78782,1Q,"BAR STIFFINER, MIRRA LOCATION TOOL",manufactured,,No Quote,False,3,0.00,0.00,0.00,5
5776,4806334,no_quote,0021-78782,1Q,"BAR STIFFINER, MIRRA LOCATION TOOL",manufactured,,No Quote,False,4,0.00,0.00,0.00,5
5776,4806334,no_quote,0021-78782,1Q,"BAR STIFFINER, MIRRA LOCATION TOOL",manufactured,,No Quote,False,6,0.00,0.00,0.00,5
5776,4806334,no_quote,0021-78782,1Q,"BAR STIFFINER, MIRRA LOCATION TOOL",manufactured,,No Quote,False,12,0.00,0.00,0.00,5
5776,4806335,no_quote,0021-78784,1R,"BAR, PIN HOLDER MIRRA LOCATION TOOL",manufactured,,No Quote,False,1,0.00,0.00,0.00,5
5776,4806335,no_quote,0021-78784,1R,"BAR, PIN HOLDER MIRRA LOCATION TOOL",manufactured,,No Quote,False,2,0.00,0.00,0.00,5
5776,4806335,no_quote,0021-78784,1R,"BAR, PIN HOLDER MIRRA LOCATION TOOL",manufactured,,No Quote,False,3,0.00,0.00,0.00,5
5776,4806335,no_quote,0021-78784,1R,"BAR, PIN HOLDER MIRRA LOCATION TOOL",manufactured,,No Quote,False,4,0.00,0.00,0.00,5
5776,4806335,no_quote,0021-78784,1R,"BAR, PIN HOLDER MIRRA LOCATION TOOL",manufactured,,No Quote,False,6,0.00,0.00,0.00,5
5776,4806335,no_quote,0021-78784,1R,"BAR, PIN HOLDER MIRRA LOCATION TOOL",manufactured,,No Quote,False,12,0.00,0.00,0.00,5
5776,4806336,no_quote,0021-78786,2R,BAR ANGLE MIRRA LOCATION TOOL,manufactured,,No Quote,False,1,0.00,0.00,0.00,5
5776,4806336,no_quote,0021-78786,2R,BAR ANGLE MIRRA LOCATION TOOL,manufactured,,No Quote,False,2,0.00,0.00,0.00,5
5776,4806336,no_quote,0021-78786,2R,BAR ANGLE MIRRA LOCATION TOOL,manufactured,,No Quote,False,3,0.00,0.00,0.00,5
5776,4806336,no_quote,0021-78786,2R,BAR ANGLE MIRRA LOCATION TOOL,manufactured,,No Quote,False,4,0.00,0.00,0.00,5
5776,4806336,no_quote,0021-78786,2R,BAR ANGLE MIRRA LOCATION TOOL,manufactured,,No Quote,False,6,0.00,0.00,0.00,5
5776,4806336,no_quote,0021-78786,2R,BAR ANGLE MIRRA LOCATION TOOL,manufactured,,No Quote,False,12,0.00,0.00,0.00,5
5776,4806337,no_quote,0021-78781,1Q,"FLAT BAR, MIRRA LOCATION TOOL",manufactured,,No Quote,False,1,0.00,0.00,0.00,5
5776,4806337,no_quote,0021-78781,1Q,"FLAT BAR, MIRRA LOCATION TOOL",manufactured,,No Quote,False,2,0.00,0.00,0.00,5
5776,4806337,no_quote,0021-78781,1Q,"FLAT BAR, MIRRA LOCATION TOOL",manufactured,,No Quote,False,3,0.00,0.00,0.00,5
5776,4806337,no_quote,0021-78781,1Q,"FLAT BAR, MIRRA LOCATION TOOL",manufactured,,No Quote,False,4,0.00,0.00,0.00,5
5776,4806337,no_quote,0021-78781,1Q,"FLAT BAR, MIRRA LOCATION TOOL",manufactured,,No Quote,False,6,0.00,0.00,0.00,5
5776,4806337,no_quote,0021-78781,1Q,"FLAT BAR, MIRRA LOCATION TOOL",manufactured,,No Quote,False,12,0.00,0.00,0.00,5
5771,4798721,completed,0022-48527,05,"HINGE COVER, LEFT",manufactured,Aluminum 5052-H32,SM - Piece,True,1224,15.17,18568.08,18568.08,48
5779,4806426,completed,02-5C0203,C,HOUSING,manufactured,,,False,1,1289.00,1289.00,1289.00,60
5779,4806426,completed,02-5C0203,C,HOUSING,manufactured,,,False,2,751.00,1502.00,1502.00,60
5779,4806426,completed,02-5C0203,C,HOUSING,manufactured,,,False,5,492.00,2460.00,2460.00,60
5779,4806426,completed,02-5C0203,C,HOUSING,manufactured,,,False,10,312.00,3120.00,3120.00,60
5774,4805893,completed,0042-59341,01,"RIVETED ENCLOSURE, GAS PANEL, RADIANCE N",assembled,Steel (Galvanized),SM - Assy,True,1,2690.00,2690.00,3690.00,31
5774,4805893,completed,0042-59341,01,"RIVETED ENCLOSURE, GAS PANEL, RADIANCE N",assembled,Steel (Galvanized),SM - Assy,True,5,1030.00,5150.00,6150.00,32
5774,4805893,completed,0042-59341,01,"RIVETED ENCLOSURE, GAS PANEL, RADIANCE N",assembled,Steel (Galvanized),SM - Assy,True,10,817.00,8170.00,9170.00,33
5768,4798629,completed,0023-18176,"GROUND BUS LUG, DC HP CONNECTOR, 300MM P","GROUND BUS LUG, DC HP CONNECTOR, 300MM P",manufactured,Brass 360,MS - Mill,True,1,984.00,984.00,1884.00,40
5768,4798629,completed,0023-18176,"GROUND BUS LUG, DC HP CONNECTOR, 300MM P","GROUND BUS LUG, DC HP CONNECTOR, 300MM P",manufactured,Brass 360,MS - Mill,True,2,519.00,1038.00,1938.00,40
5768,4798629,completed,0023-18176,"GROUND BUS LUG, DC HP CONNECTOR, 300MM P","GROUND BUS LUG, DC HP CONNECTOR, 300MM P",manufactured,Brass 360,MS - Mill,True,10,159.00,1590.00,2490.00,40
5768,4798629,completed,0023-18176,"GROUND BUS LUG, DC HP CONNECTOR, 300MM P","GROUND BUS LUG, DC HP CONNECTOR, 300MM P",manufactured,Brass 360,MS - Mill,True,50,90.90,4545.00,4545.00,42
5768,4798629,completed,0023-18176,"GROUND BUS LUG, DC HP CONNECTOR, 300MM P","GROUND BUS LUG, DC HP CONNECTOR, 300MM P",manufactured,Brass 360,MS - Mill,True,100,83.18,8318.00,8318.00,44
5768,4798630,completed,0023-18177,PLATE CONTACT RIGHT SOURCE HP DC PVD,PLATE CONTACT RIGHT SOURCE HP DC PVD,manufactured,Brass 360,MS - Mill,True,1,1570.00,1570.00,2870.00,41
5768,4798630,completed,0023-18177,PLATE CONTACT RIGHT SOURCE HP DC PVD,PLATE CONTACT RIGHT SOURCE HP DC PVD,manufactured,Brass 360,MS - Mill,True,2,885.00,1770.00,3070.00,41
5768,4798630,completed,0023-18177,PLATE CONTACT RIGHT SOURCE HP DC PVD,PLATE CONTACT RIGHT SOURCE HP DC PVD,manufactured,Brass 360,MS - Mill,True,10,329.00,3290.00,4590.00,42
5768,4798630,completed,0023-18177,PLATE CONTACT RIGHT SOURCE HP DC PVD,PLATE CONTACT RIGHT SOURCE HP DC PVD,manufactured,Brass 360,MS - Mill,True,50,214.00,10700.00,10700.00,45
5768,4798630,completed,0023-18177,PLATE CONTACT RIGHT SOURCE HP DC PVD,PLATE CONTACT RIGHT SOURCE HP DC PVD,manufactured,Brass 360,MS - Mill,True,100,199.00,19900.00,19900.00,50
5768,4798631,completed,0023-20874,PLATE CONTACT LEFT SOURCE HP DC PVD,PLATE CONTACT LEFT SOURCE HP DC PVD,manufactured,Brass 360,MS - Mill,True,1,1570.00,1570.00,2870.00,41
5768,4798631,completed,0023-20874,PLATE CONTACT LEFT SOURCE HP DC PVD,PLATE CONTACT LEFT SOURCE HP DC PVD,manufactured,Brass 360,MS - Mill,True,2,885.00,1770.00,3070.00,41
5768,4798631,completed,0023-20874,PLATE CONTACT LEFT SOURCE HP DC PVD,PLATE CONTACT LEFT SOURCE HP DC PVD,manufactured,Brass 360,MS - Mill,True,10,329.00,3290.00,4590.00,42
5768,4798631,completed,0023-20874,PLATE CONTACT LEFT SOURCE HP DC PVD,PLATE CONTACT LEFT SOURCE HP DC PVD,manufactured,Brass 360,MS - Mill,True,50,214.00,10700.00,10700.00,45
5768,4798631,completed,0023-20874,PLATE CONTACT LEFT SOURCE HP DC PVD,PLATE CONTACT LEFT SOURCE HP DC PVD,manufactured,Brass 360,MS - Mill,True,100,199.00,19900.00,19900.00,50
5780,4806811,no_quote,0042-17338,02,"TOP BELL JAR, BATCH LOADLOCK, CENTURA 20",assembled,,NQ - No Capacity,False,1,0.00,0.00,0.00,5
5780,4806811,no_quote,0042-17338,02,"TOP BELL JAR, BATCH LOADLOCK, CENTURA 20",assembled,,NQ - No Capacity,False,5,0.00,0.00,0.00,5
5780,4806811,no_quote,0042-17338,02,"TOP BELL JAR, BATCH LOADLOCK, CENTURA 20",assembled,,NQ - No Capacity,False,10,0.00,0.00,0.00,5
5773,5025690,completed,0040-45712,03,"LOWER CARRIER,LIFT,X-Y
ADJUST",manufactured,Aluminum 6061-T6,MS - Mill,True,1,2170.00,2170.00,5170.00,50
5773,5025690,completed,0040-45712,03,"LOWER CARRIER,LIFT,X-Y
ADJUST",manufactured,Aluminum 6061-T6,MS - Mill,True,2,2170.00,4340.00,7340.00,51
5773,5025690,completed,0040-45712,03,"LOWER CARRIER,LIFT,X-Y
ADJUST",manufactured,Aluminum 6061-T6,MS - Mill,True,13,2170.00,28210.00,31210.00,57
5786,4807096,completed,0041-06683,02,,manufactured,HRS,SM - Piece W/HDWE,False,1,337.00,337.00,337.00,30
5786,4807096,completed,0041-06683,02,,manufactured,HRS,SM - Piece W/HDWE,False,41,19.83,813.03,813.03,30
5786,4807096,completed,0041-06683,02,,manufactured,HRS,SM - Piece W/HDWE,False,82,15.87,1301.34,1301.34,30
5786,4807096,completed,0041-06683,02,,manufactured,HRS,SM - Piece W/HDWE,False,165,14.02,2313.30,2313.30,30
5782,4806925,completed,0042-98238,01,"UPPER MODULAR FRAME,COMMON, UPPER REAR,",assembled,,Historical Part Requote,False,1,2160.00,2160.00,2660.00,50
5782,4806925,completed,0042-98238,01,"UPPER MODULAR FRAME,COMMON, UPPER REAR,",assembled,,Historical Part Requote,False,5,2160.00,10800.00,11300.00,50
5782,4806925,completed,0042-98238,01,"UPPER MODULAR FRAME,COMMON, UPPER REAR,",assembled,,Historical Part Requote,False,10,2160.00,21600.00,22100.00,50
5778,4806375,completed,0021-82542,03,"BRACKET, FFU FILTER MOUNT, CLEANER",manufactured,Stainless Steel 304/304L,SM - Piece,True,1,665.00,665.00,1265.00,31
5778,4806375,completed,0021-82542,03,"BRACKET, FFU FILTER MOUNT, CLEANER",manufactured,Stainless Steel 304/304L,SM - Piece,True,5,170.00,850.00,1450.00,31
5778,4806375,completed,0021-82542,03,"BRACKET, FFU FILTER MOUNT, CLEANER",manufactured,Stainless Steel 304/304L,SM - Piece,True,10,108.00,1080.00,1680.00,32
5789,4814106,no_quote,1431C6179-2,,SPLICE,manufactured,,,False,2,0.00,0.00,0.00,0
5789,4814088,no_quote,1431C6181-4,,CLEAT,manufactured,,,False,2,0.00,0.00,0.00,0
5789,4814087,no_quote,1471B4071-5,,CLEVIS ASSY,assembled,,,False,2,0.00,0.00,0.00,0
5789,5010975,no_quote,1431C6183-1,,SPLICE,manufactured,,,False,32,0.00,0.00,0.00,0
5789,4814104,no_quote,1411B3901-7,,SHIELD ASSY,assembled,,,False,4,0.00,0.00,0.00,0
5789,4814089,no_quote,1431C6181-3,,CLEAT,manufactured,,,False,2,0.00,0.00,0.00,0
5789,4814090,no_quote,1431C6182-4,,CLEAT,manufactured,,,False,2,0.00,0.00,0.00,0
5789,4814084,no_quote,1471B4071-6,,CLEVIS ASSY,manufactured,,,False,2,0.00,0.00,0.00,0
5789,4814096,no_quote,1411B3901-12,,SHIELD - SECTION 41 DOORS,manufactured,,,False,4,0.00,0.00,0.00,0
5789,4814091,no_quote,1431C6181-2,,CLEAT,manufactured,,,False,2,0.00,0.00,0.00,0
5789,4814094,no_quote,1431C6182-3,,CLEAT,manufactured,,,False,2,0.00,0.00,0.00,0
5789,4814085,no_quote,1471B4121-1,,INTERCOSTAL ASSY,assembled,,,False,2,0.00,0.00,0.00,0
5789,4814081,no_quote,1411B3011-4,,STRAP,manufactured,,,False,4,0.00,0.00,0.00,0
5789,4814099,no_quote,1431C6181-1,,CLEAT,manufactured,,,False,2,0.00,0.00,0.00,0
5789,4814086,no_quote,1431C6182-1,,CLEAT,manufactured,,,False,2,0.00,0.00,0.00,0
5789,4814083,no_quote,4131B3610-1,,COVER ASSY,assembled,,,False,2,0.00,0.00,0.00,0
5783,4807029,no_quote,0010-27528,04,"ASSY, TRANSFER STATION, C3 200MM LOADCUP",manufactured,,NQ - No Capacity,False,1,0.00,0.00,0.00,5
5783,4807029,no_quote,0010-27528,04,"ASSY, TRANSFER STATION, C3 200MM LOADCUP",manufactured,,NQ - No Capacity,False,5,0.00,0.00,0.00,5
5783,4807029,no_quote,0010-27528,04,"ASSY, TRANSFER STATION, C3 200MM LOADCUP",manufactured,,NQ - No Capacity,False,10,0.00,0.00,0.00,5
5792,4815311,completed,DR290M9000-517,A,"TUBE ASSY, 18MM REPA",manufactured,,,False,1,0.00,0.00,0.00,0
5792,4815311,completed,DR290M9000-517,A,"TUBE ASSY, 18MM REPA",manufactured,,,False,5,0.00,0.00,0.00,0
5792,4815311,completed,DR290M9000-517,A,"TUBE ASSY, 18MM REPA",manufactured,,,False,10,0.00,0.00,0.00,0
5781,4806899,completed,0021-60766,03,"BASE, HANDLE, LID PLATE, 300MM CVD-Co",manufactured,Aluminum 6061-T6,MS - Mill,True,1,844.00,844.00,1644.00,44
5781,4806899,completed,0021-60766,03,"BASE, HANDLE, LID PLATE, 300MM CVD-Co",manufactured,Aluminum 6061-T6,MS - Mill,True,5,207.00,1035.00,1835.00,44
5781,4806899,completed,0021-60766,03,"BASE, HANDLE, LID PLATE, 300MM CVD-Co",manufactured,Aluminum 6061-T6,MS - Mill,True,10,128.00,1280.00,2080.00,45
5781,4806899,completed,0021-60766,03,"BASE, HANDLE, LID PLATE, 300MM CVD-Co",manufactured,Aluminum 6061-T6,MS - Mill,True,15,101.00,1515.00,2315.00,45
5781,4806899,completed,0021-60766,03,"BASE, HANDLE, LID PLATE, 300MM CVD-Co",manufactured,Aluminum 6061-T6,MS - Mill,True,25,80.48,2012.00,2812.00,45
5781,4806900,completed,0022-08864,03,"PLATE, NUT, MIDDLE SHIELD, ALUMINUM",manufactured,Aluminum 6061-T6,MS - Mill,True,1,1380.00,1380.00,2380.00,44
5781,4806900,completed,0022-08864,03,"PLATE, NUT, MIDDLE SHIELD, ALUMINUM",manufactured,Aluminum 6061-T6,MS - Mill,True,5,392.00,1960.00,2960.00,45
5781,4806900,completed,0022-08864,03,"PLATE, NUT, MIDDLE SHIELD, ALUMINUM",manufactured,Aluminum 6061-T6,MS - Mill,True,10,269.00,2690.00,3690.00,45
5781,4806900,completed,0022-08864,03,"PLATE, NUT, MIDDLE SHIELD, ALUMINUM",manufactured,Aluminum 6061-T6,MS - Mill,True,15,229.00,3435.00,4435.00,46
5781,4806900,completed,0022-08864,03,"PLATE, NUT, MIDDLE SHIELD, ALUMINUM",manufactured,Aluminum 6061-T6,MS - Mill,True,25,198.00,4950.00,5950.00,47
5781,4900084,completed,0042-05011,03,"NUT PLATE PIN LOWER SHIELD, AL 7075",manufactured,Aluminum 7075,MS - Mill,True,1,1390.00,1390.00,2490.00,40
5781,4900084,completed,0042-05011,03,"NUT PLATE PIN LOWER SHIELD, AL 7075",manufactured,Aluminum 7075,MS - Mill,True,5,431.00,2155.00,3255.00,41
5781,4900084,completed,0042-05011,03,"NUT PLATE PIN LOWER SHIELD, AL 7075",manufactured,Aluminum 7075,MS - Mill,True,10,313.00,3130.00,4230.00,41
5781,4900084,completed,0042-05011,03,"NUT PLATE PIN LOWER SHIELD, AL 7075",manufactured,Aluminum 7075,MS - Mill,True,15,277.00,4155.00,5255.00,42
5781,4900084,completed,0042-05011,03,"NUT PLATE PIN LOWER SHIELD, AL 7075",manufactured,Aluminum 7075,MS - Mill,True,25,249.00,6225.00,7325.00,43
5790,4814514,completed,359B11410PF8983-201,,,manufactured,,,False,3,0.00,0.00,0.00,0
5790,4814515,completed,359B11410PF8973-201,,,manufactured,,,False,3,0.00,0.00,0.00,0
5790,4814516,completed,359B11121PF8663-201,,,manufactured,,,False,2,0.00,0.00,0.00,0
5790,4814517,completed,359B11121PF8663-202,,,manufactured,,,False,2,0.00,0.00,0.00,0
5790,4814518,completed,359B11122PF4611-201,,,assembled,,,False,2,0.00,0.00,0.00,0
5790,4814519,completed,359B11200PF4510-201,,,manufactured,,,False,6,0.00,0.00,0.00,0
5790,4814520,completed,359B11200PF8310-201,,,manufactured,,,False,2,0.00,0.00,0.00,0
5790,4814521,completed,359B11200PF8310-202,,,manufactured,,,False,2,0.00,0.00,0.00,0
5790,4814522,completed,359B11200PF8360-201,,,assembled,,,False,2,0.00,0.00,0.00,0
5790,4814523,completed,359B11200PF8360-202,,,manufactured,,,False,2,0.00,0.00,0.00,0
5790,4814524,completed,359B11400PF8911-201,,,manufactured,,,False,20,0.00,0.00,0.00,0
5790,4814525,completed,359B11400PF8921-201,,,manufactured,,,False,20,0.00,0.00,0.00,0
5790,4814526,completed,359B11400PF8931-201,,,manufactured,,,False,20,0.00,0.00,0.00,0
5790,4814527,completed,359B11405PF8913-201,,,manufactured,,,False,5,0.00,0.00,0.00,0
5790,4814528,completed,359B11405PF8923-201,,,manufactured,,,False,5,0.00,0.00,0.00,0
5790,4814529,completed,359B11405PF8933-201,,,manufactured,,,False,5,0.00,0.00,0.00,0
5790,4814530,completed,359B11410PF8911-201,,,manufactured,,,False,16,0.00,0.00,0.00,0
5790,4814531,completed,359B11410PF8912-201,,,manufactured,,,False,3,0.00,0.00,0.00,0
5790,4814532,completed,359B11410PF8913-201,,,manufactured,,,False,3,0.00,0.00,0.00,0
5790,4814533,completed,359B11410PF8914-201,,,manufactured,,,False,3,0.00,0.00,0.00,0
5790,4814534,completed,359B11410PF8915-201,,,manufactured,,,False,3,0.00,0.00,0.00,0
5790,4814535,completed,359B11410PF8916-201,,,manufactured,,,False,3,0.00,0.00,0.00,0
5790,4814536,completed,359B11410PF8921-201,,,manufactured,,,False,16,0.00,0.00,0.00,0
5790,4814537,completed,359B11410PF8922-201,,,manufactured,,,False,3,0.00,0.00,0.00,0
5790,4814538,completed,359B11410PF8923-201,,,manufactured,,,False,3,0.00,0.00,0.00,0
5790,4814539,completed,359B11410PF8924-201,,,manufactured,,,False,3,0.00,0.00,0.00,0
5790,4814540,completed,359B11410PF8925-201,,,manufactured,,,False,3,0.00,0.00,0.00,0
5790,4814541,completed,359B11410PF8926-201,,,manufactured,,,False,3,0.00,0.00,0.00,0
5790,4814542,completed,359B11410PF8931-201,,,manufactured,,,False,16,0.00,0.00,0.00,0
5790,4814543,completed,359B11410PF8932-201,,,manufactured,,,False,3,0.00,0.00,0.00,0
5790,4814544,completed,359B11410PF8933-201,,,manufactured,,,False,3,0.00,0.00,0.00,0
5790,4814545,completed,359B11410PF8934-201,,,manufactured,,,False,3,0.00,0.00,0.00,0
5790,4814546,completed,359B11410PF8935-201,,,manufactured,,,False,3,0.00,0.00,0.00,0
5790,4814547,completed,359B11410PF8936-201,,,manufactured,,,False,3,0.00,0.00,0.00,0
5790,4814548,completed,359B11410PF8963-201,,,manufactured,,,False,3,0.00,0.00,0.00,0
5794,4816070,no_quote,68A250470-1002,G,"DUCT ASSEMBLY,ECS EXTENSION",manufactured,,,False,1,0.00,0.00,0.00,0
5794,4816070,no_quote,68A250470-1002,G,"DUCT ASSEMBLY,ECS EXTENSION",manufactured,,,False,5,0.00,0.00,0.00,0
5794,4816070,no_quote,68A250470-1002,G,"DUCT ASSEMBLY,ECS EXTENSION",manufactured,,,False,10,0.00,0.00,0.00,0
5793,4815366,completed,68A373605-2001,-,BUSHING,manufactured,Stainless Steel 304,MS - Lathe,True,60,33.53,2011.80,2011.80,37
5788,4808973,not_started,0241-29144,3,"KIT, 300MM PVD OPTION (ACD), E2, 300MM",manufactured,,,False,1,1.26,1.26,1.26,0
5788,4808992,not_started,0042-48005,4,"COVER, PVD TOP RIGHT (ACD), REPACKAGED P5",assembled,,Historical Part Requote,False,1,0.00,0.00,0.00,50
5788,4809011,not_started,0020-45895,5,"BUSS BAR, JUMPER  1 FPR CBS, (ACD) REPACKAGED P5",manufactured,,,False,1,0.00,0.00,0.00,0
5788,4809220,not_started,0021-98621,5,BUSS BAR JUMPER CIRCUIT BREAKER 4POS,manufactured,,,False,1,0.00,0.00,0.00,0
5788,4809227,not_started,0140-13246,7,"HARNESS ASSY, CIRCUIT BREAKERS TO TB1 300MM PVD CHMBR AC LINE",assembled,,,False,1,14.58,14.58,14.58,0
5788,4811502,not_started,0021-42053,6,,manufactured,,MS - Mill,False,7,51.00,357.00,1157.00,33
5788,4811741,not_started,0040-84563,3,,manufactured,,MS - Mill,False,1,290.00,290.00,1090.00,33
5788,4820942,not_started,0242-28442,04,"KIT, GAS PANEL INTLK, 300MM RPG",manufactured,,,False,1,100.31,100.31,100.31,0
5788,4830369,not_started,0010-60333,04,"KIT, ISAC SHIPPING BRACKETS, 300MM",manufactured,,,False,1,2.63,2.63,2.63,0
5796,4816197,completed,17P1D1004-505,0001,"TUBE ASSEMBLY,METAL",manufactured,,,False,3,0.00,0.00,0.00,0
5784,4807071,completed,0021-06043,03,"ADAPTER, DXZ, TOP MOUNT, FLUORINE GENERA",manufactured,Aluminum 6061-T6,MS - Mill Turn,True,1,2280.00,2280.00,3880.00,47
5784,4807071,completed,0021-06043,03,"ADAPTER, DXZ, TOP MOUNT, FLUORINE GENERA",manufactured,Aluminum 6061-T6,MS - Mill Turn,True,5,629.00,3145.00,4745.00,47
5784,4807071,completed,0021-06043,03,"ADAPTER, DXZ, TOP MOUNT, FLUORINE GENERA",manufactured,Aluminum 6061-T6,MS - Mill Turn,True,10,431.00,4310.00,5910.00,48
5784,4807071,completed,0021-06043,03,"ADAPTER, DXZ, TOP MOUNT, FLUORINE GENERA",manufactured,Aluminum 6061-T6,MS - Mill Turn,True,15,364.00,5460.00,7060.00,49
5798,4831379,no_quote,209-062-753-001,A,IDLER ASSY,manufactured,,No Quote,False,1,0.00,0.00,0.00,5
5798,4831379,no_quote,209-062-753-001,A,IDLER ASSY,manufactured,,No Quote,False,5,0.00,0.00,0.00,5
5798,4831379,no_quote,209-062-753-001,A,IDLER ASSY,manufactured,,No Quote,False,10,0.00,0.00,0.00,5
5787,4807106,completed,0042-59569,01,MOUNTING BRACKET FOR ISOLATING AMPLIFIER,manufactured,CRS,SM - Piece W/HDWE,True,1,554.00,554.00,1154.00,36
5787,4807106,completed,0042-59569,01,MOUNTING BRACKET FOR ISOLATING AMPLIFIER,manufactured,CRS,SM - Piece W/HDWE,True,5,124.00,620.00,1220.00,36
5787,4807106,completed,0042-59569,01,MOUNTING BRACKET FOR ISOLATING AMPLIFIER,manufactured,CRS,SM - Piece W/HDWE,True,10,70.20,702.00,1302.00,36
5801,4831759,no_quote,449-061-301-151,-,SCREEN,manufactured,,,False,12,0.00,0.00,0.00,0
5785,4807080,completed,0022-27336,03,"LABYRINTH, LEFT DOOR, WR DRIP PAN, CLEAN",manufactured,Stainless Steel 304/304L,SM - Piece,True,12,96.58,1158.96,1758.96,30
5785,4807080,completed,0022-27336,03,"LABYRINTH, LEFT DOOR, WR DRIP PAN, CLEAN",manufactured,Stainless Steel 304/304L,SM - Piece,True,140,96.58,13521.20,13521.20,33
5785,4851900,completed,0041-52798,06,"BLANK-OFF, EXHAUST
SENSOR, CLEANER,
RLKP",manufactured,Aluminum 5052-H32,SM - Piece W/HDWE,True,17,44.18,751.06,1351.06,30
5785,4851900,completed,0041-52798,06,"BLANK-OFF, EXHAUST
SENSOR, CLEANER,
RLKP",manufactured,Aluminum 5052-H32,SM - Piece W/HDWE,True,200,44.18,8836.00,8836.00,33
5785,4851924,completed,0041-97108,05,"ADJUSTING PANEL, SIDE
A OUTPUT, FI
INTERFACE PANELS, RLKP",manufactured,CRS,SM - Piece W/HDWE,True,13,101.00,1313.00,1913.00,31
5785,4851924,completed,0041-97108,05,"ADJUSTING PANEL, SIDE
A OUTPUT, FI
INTERFACE PANELS, RLKP",manufactured,CRS,SM - Piece W/HDWE,True,150,101.00,15150.00,15150.00,36
5785,4852203,completed,0041-97109,05,,manufactured,CRS,SM - Piece W/HDWE,False,13,99.23,1289.99,1889.99,31
5785,4852203,completed,0041-97109,05,,manufactured,CRS,SM - Piece W/HDWE,False,150,99.23,14884.50,14884.50,36
5785,4852252,completed,0041-99160,03,"ACCESS PANEL, UPPER,
GASBOX, FI INTERFACE
PANELS, RLKP",manufactured,CRS,SM - Piece W/HDWE,True,13,146.00,1898.00,2498.00,31
5785,4852252,completed,0041-99160,03,"ACCESS PANEL, UPPER,
GASBOX, FI INTERFACE
PANELS, RLKP",manufactured,CRS,SM - Piece W/HDWE,True,150,146.00,21900.00,21900.00,35
5785,4807085,completed,0021-46927,06,"BRKT, PNEU BLKHD, LDM, CLEANER, REFLEXIO",manufactured,Stainless Steel 304/304L,SM - Piece,True,65,39.29,2553.85,2553.85,37
5785,4807085,completed,0021-46927,06,"BRKT, PNEU BLKHD, LDM, CLEANER, REFLEXIO",manufactured,Stainless Steel 304/304L,SM - Piece,True,780,39.29,30646.20,30646.20,51
5785,4807086,completed,0021-84957,01,"BRACE SHIELD, INSIDE TANK, INPUT SHUTTLE",manufactured,Stainless Steel 304L,SM - Piece,True,23,63.39,1457.97,2057.97,36
5785,4807086,completed,0021-84957,01,"BRACE SHIELD, INSIDE TANK, INPUT SHUTTLE",manufactured,Stainless Steel 304L,SM - Piece,True,270,63.39,17115.30,17115.30,39
5785,4807087,completed,0022-44050,03,"BRACKET, UPPER DRIP PAN SUPPORT, SPRAY B",manufactured,Stainless Steel 304/304L,SM - Piece,True,21,71.52,1501.92,2101.92,36
5785,4807087,completed,0022-44050,03,"BRACKET, UPPER DRIP PAN SUPPORT, SPRAY B",manufactured,Stainless Steel 304/304L,SM - Piece,True,250,71.52,17880.00,17880.00,40
5785,4852582,completed,0041-10224,5,"BRACKET, LINK, CYLINDER",manufactured,Polyethylene terephthalate (PET - Natural),MS - Mill,True,75,212.00,15900.00,15900.00,48
5785,4852582,completed,0041-10224,5,"BRACKET, LINK, CYLINDER",manufactured,Polyethylene terephthalate (PET - Natural),MS - Mill,True,890,212.00,188680.00,188680.00,126
5785,4807089,completed,0041-14443,03,"BRACKET, RB COVER MOUNTING, CLEANER, REF",manufactured,Stainless Steel 304/304L,SM - Piece W/HDWE,True,21,51.57,1082.97,1682.97,36
5785,4807089,completed,0041-14443,03,"BRACKET, RB COVER MOUNTING, CLEANER, REF",manufactured,Stainless Steel 304/304L,SM - Piece W/HDWE,True,250,51.57,12892.50,12892.50,40
5785,4852859,completed,0041-36137,04,,manufactured,Stainless Steel 304/304L,SM - Piece,False,49,110.00,5390.00,5990.00,35
5785,4852859,completed,0041-36137,04,,manufactured,Stainless Steel 304/304L,SM - Piece,False,580,110.00,63800.00,63800.00,70
5785,4852594,completed,0041-37262,03,,manufactured,Stainless Steel 304/304L,SM - Piece W/HDWE,False,25,48.76,1219.00,1819.00,37
5785,4852594,completed,0041-37262,03,,manufactured,Stainless Steel 304/304L,SM - Piece W/HDWE,False,290,48.76,14140.40,14140.40,41
5785,4852730,completed,0041-37289,03,,manufactured,Stainless Steel 304/304L,SM - Piece W/HDWE,False,25,46.40,1160.00,1760.00,37
5785,4852730,completed,0041-37289,03,,manufactured,Stainless Steel 304/304L,SM - Piece W/HDWE,False,290,46.40,13456.00,13456.00,41
5785,4852733,completed,0041-59136,04,,manufactured,Stainless Steel 304L,SM - Piece W/HDWE,False,1,602.00,602.00,1202.00,32
5785,4852641,completed,0041-37616,02,"WELDMENT, WAFER PRESENT SENSOR STAND, INPUT
SHUTTLE, REFLEXION GT",manufactured,Stainless Steel 304L,SM - Piece W/HDWE,True,1,679.00,679.00,1279.00,36
5791,4815088,no_quote,,,,assembled,,NQ - No Capacity,False,1,3.00,3.00,3.00,5
5791,4815088,no_quote,,,,assembled,,NQ - No Capacity,False,5,3.00,15.00,15.00,5
5791,4815088,no_quote,,,,assembled,,NQ - No Capacity,False,10,3.00,30.00,30.00,5
5791,4815089,no_quote,,,,assembled,,NQ - No Capacity,False,1,3.00,3.00,3.00,5
5791,4815089,no_quote,,,,assembled,,NQ - No Capacity,False,5,3.00,15.00,15.00,5
5791,4815089,no_quote,,,,assembled,,NQ - No Capacity,False,10,3.00,30.00,30.00,5
5791,4815091,no_quote,,,,assembled,,NQ - No Capacity,False,1,0.00,0.00,0.00,5
5791,4815091,no_quote,,,,assembled,,NQ - No Capacity,False,5,0.00,0.00,0.00,5
5791,4815091,no_quote,,,,assembled,,NQ - No Capacity,False,10,0.00,0.00,0.00,5
5791,4815092,no_quote,,,,assembled,,NQ - No Capacity,False,1,3.00,3.00,3.00,5
5791,4815092,no_quote,,,,assembled,,NQ - No Capacity,False,5,3.00,15.00,15.00,5
5791,4815092,no_quote,,,,assembled,,NQ - No Capacity,False,10,3.00,30.00,30.00,5
5791,4815093,no_quote,,,,assembled,,NQ - No Capacity,False,1,3.00,3.00,3.00,5
5791,4815093,no_quote,,,,assembled,,NQ - No Capacity,False,5,3.00,15.00,15.00,5
5791,4815093,no_quote,,,,assembled,,NQ - No Capacity,False,10,3.00,30.00,30.00,5
5791,4815094,no_quote,,,,assembled,,NQ - No Capacity,False,1,0.00,0.00,0.00,5
5791,4815094,no_quote,,,,assembled,,NQ - No Capacity,False,5,0.00,0.00,0.00,5
5791,4815094,no_quote,,,,assembled,,NQ - No Capacity,False,10,0.00,0.00,0.00,5
5791,4815095,no_quote,,,,assembled,,NQ - No Capacity,False,1,3.00,3.00,3.00,5
5791,4815095,no_quote,,,,assembled,,NQ - No Capacity,False,5,3.00,15.00,15.00,5
5791,4815095,no_quote,,,,assembled,,NQ - No Capacity,False,10,3.00,30.00,30.00,5
5791,4815096,no_quote,,,,assembled,,NQ - No Capacity,False,1,3.00,3.00,3.00,5
5791,4815096,no_quote,,,,assembled,,NQ - No Capacity,False,5,3.00,15.00,15.00,5
5791,4815096,no_quote,,,,assembled,,NQ - No Capacity,False,10,3.00,30.00,30.00,5
5791,4815097,no_quote,,,,assembled,,NQ - No Capacity,False,1,0.00,0.00,0.00,5
5791,4815097,no_quote,,,,assembled,,NQ - No Capacity,False,5,0.00,0.00,0.00,5
5791,4815097,no_quote,,,,assembled,,NQ - No Capacity,False,10,0.00,0.00,0.00,5
5791,4815099,no_quote,,,,assembled,,NQ - No Capacity,False,1,3.00,3.00,3.00,5
5791,4815099,no_quote,,,,assembled,,NQ - No Capacity,False,5,3.00,15.00,15.00,5
5791,4815099,no_quote,,,,assembled,,NQ - No Capacity,False,10,3.00,30.00,30.00,5
5791,4815100,no_quote,,,,assembled,,NQ - No Capacity,False,1,3.00,3.00,3.00,5
5791,4815100,no_quote,,,,assembled,,NQ - No Capacity,False,5,3.00,15.00,15.00,5
5791,4815100,no_quote,,,,assembled,,NQ - No Capacity,False,10,3.00,30.00,30.00,5
5791,4815101,no_quote,,,,assembled,,NQ - No Capacity,False,1,0.00,0.00,0.00,5
5791,4815101,no_quote,,,,assembled,,NQ - No Capacity,False,5,0.00,0.00,0.00,5
5791,4815101,no_quote,,,,assembled,,NQ - No Capacity,False,10,0.00,0.00,0.00,5
5791,4815102,no_quote,,,,assembled,,NQ - No Capacity,False,1,3.00,3.00,3.00,5
5791,4815102,no_quote,,,,assembled,,NQ - No Capacity,False,5,3.00,15.00,15.00,5
5791,4815102,no_quote,,,,assembled,,NQ - No Capacity,False,10,3.00,30.00,30.00,5
5791,4815103,no_quote,,,,assembled,,NQ - No Capacity,False,1,3.00,3.00,3.00,5
5791,4815103,no_quote,,,,assembled,,NQ - No Capacity,False,5,3.00,15.00,15.00,5
5791,4815103,no_quote,,,,assembled,,NQ - No Capacity,False,10,3.00,30.00,30.00,5
5791,4815105,no_quote,,,,assembled,,NQ - No Capacity,False,1,0.00,0.00,0.00,5
5791,4815105,no_quote,,,,assembled,,NQ - No Capacity,False,5,0.00,0.00,0.00,5
5791,4815105,no_quote,,,,assembled,,NQ - No Capacity,False,10,0.00,0.00,0.00,5
5791,4815106,no_quote,,,,assembled,,NQ - No Capacity,False,1,3.00,3.00,3.00,5
5791,4815106,no_quote,,,,assembled,,NQ - No Capacity,False,5,3.00,15.00,15.00,5
5791,4815106,no_quote,,,,assembled,,NQ - No Capacity,False,10,3.00,30.00,30.00,5
5791,4815107,no_quote,,,,assembled,,NQ - No Capacity,False,1,3.00,3.00,3.00,5
5791,4815107,no_quote,,,,assembled,,NQ - No Capacity,False,5,3.00,15.00,15.00,5
5791,4815107,no_quote,,,,assembled,,NQ - No Capacity,False,10,3.00,30.00,30.00,5
5791,4815114,no_quote,,,,assembled,,NQ - No Capacity,False,1,0.00,0.00,0.00,5
5791,4815114,no_quote,,,,assembled,,NQ - No Capacity,False,5,0.00,0.00,0.00,5
5791,4815114,no_quote,,,,assembled,,NQ - No Capacity,False,10,0.00,0.00,0.00,5
5791,4815117,no_quote,,,,manufactured,,NQ - No Capacity,False,1,0.00,0.00,0.00,5
5791,4815117,no_quote,,,,manufactured,,NQ - No Capacity,False,5,0.00,0.00,0.00,5
5791,4815117,no_quote,,,,manufactured,,NQ - No Capacity,False,10,0.00,0.00,0.00,5
5791,4815118,no_quote,,,,manufactured,,NQ - No Capacity,False,1,0.00,0.00,0.00,5
5791,4815118,no_quote,,,,manufactured,,NQ - No Capacity,False,5,0.00,0.00,0.00,5
5791,4815118,no_quote,,,,manufactured,,NQ - No Capacity,False,10,0.00,0.00,0.00,5
5791,4815119,no_quote,,,,manufactured,,NQ - No Capacity,False,1,0.00,0.00,0.00,5
5791,4815119,no_quote,,,,manufactured,,NQ - No Capacity,False,5,0.00,0.00,0.00,5
5791,4815119,no_quote,,,,manufactured,,NQ - No Capacity,False,10,0.00,0.00,0.00,5
5791,4815120,no_quote,,,,manufactured,,NQ - No Capacity,False,1,0.00,0.00,0.00,5
5791,4815120,no_quote,,,,manufactured,,NQ - No Capacity,False,5,0.00,0.00,0.00,5
5791,4815120,no_quote,,,,manufactured,,NQ - No Capacity,False,10,0.00,0.00,0.00,5
5791,4815123,no_quote,,,,manufactured,,NQ - No Capacity,False,1,0.00,0.00,0.00,5
5791,4815123,no_quote,,,,manufactured,,NQ - No Capacity,False,5,0.00,0.00,0.00,5
5791,4815123,no_quote,,,,manufactured,,NQ - No Capacity,False,10,0.00,0.00,0.00,5
5791,4815124,no_quote,,,,manufactured,,NQ - No Capacity,False,1,0.00,0.00,0.00,5
5791,4815124,no_quote,,,,manufactured,,NQ - No Capacity,False,5,0.00,0.00,0.00,5
5791,4815124,no_quote,,,,manufactured,,NQ - No Capacity,False,10,0.00,0.00,0.00,5
5797,4823612,completed,0090-15355,03,"REMOTE GEN RACK, 3 TWIN CHAMBERS ON PROD",assembled,HRS,SM - Assy,True,1,14100.00,14100.00,14100.00,50
5797,4823612,completed,0090-15355,03,"REMOTE GEN RACK, 3 TWIN CHAMBERS ON PROD",assembled,HRS,SM - Assy,True,5,9210.00,46050.00,46050.00,50
5797,4823612,completed,0090-15355,03,"REMOTE GEN RACK, 3 TWIN CHAMBERS ON PROD",assembled,HRS,SM - Assy,True,10,8610.00,86100.00,86100.00,50
5797,4823682,completed,0090-15531,02,"REMOTE GEN RACK ASSY, TSV ON CENTRIS",assembled,HRS,SM - Assy,True,1,15700.00,15700.00,15700.00,5
5797,4823682,completed,0090-15531,02,"REMOTE GEN RACK ASSY, TSV ON CENTRIS",assembled,HRS,SM - Assy,True,5,10800.00,54000.00,54000.00,7
5797,4823682,completed,0090-15531,02,"REMOTE GEN RACK ASSY, TSV ON CENTRIS",assembled,HRS,SM - Assy,True,10,10200.00,102000.00,102000.00,10
